ISO-10303-21;
HEADER;
/* Generated by software containing ST-Developer
 * from STEP Tools, Inc. (www.steptools.com) 
 */

FILE_DESCRIPTION(
/* description */ (''),
/* implementation_level */ '2;1');

FILE_NAME(
/* name */ 'Mini humidifer case_Star.step',
/* time_stamp */ '2026-06-23T13:28:15-07:00',
/* author */ (''),
/* organization */ (''),
/* preprocessor_version */ 'ST-DEVELOPER v20.1',
/* originating_system */ 'Autodesk Translation Framework v15.8.0.0',
/* authorisation */ '');

FILE_SCHEMA (('AUTOMOTIVE_DESIGN { 1 0 10303 214 3 1 1 }','FEATURE_BASED_PROCESS_PLANNING'));
ENDSEC;

DATA;
#10=MECHANICAL_DESIGN_GEOMETRIC_PRESENTATION_REPRESENTATION('',(#19,#20,
#21,#22),#11354);
#11=SHAPE_REPRESENTATION_RELATIONSHIP('SRR','None',#11361,#12);
#12=ADVANCED_BREP_SHAPE_REPRESENTATION('',(#23,#24,#25,#26),#11353);
#13=CONICAL_SURFACE('',#7504,0.750000000000006,0.165148677414623);
#14=CONICAL_SURFACE('',#7507,0.750000000000002,0.165148677414625);
#15=CONICAL_SURFACE('',#7513,0.750000000000001,0.165148677414626);
#16=CONICAL_SURFACE('',#7516,0.749999999999999,0.165148677414627);
#17=CONICAL_SURFACE('',#7522,0.750000000000001,0.165148677414626);
#18=CONICAL_SURFACE('',#7526,8.25000036810525,0.785398163397448);
#19=STYLED_ITEM('',(#11371),#23);
#20=STYLED_ITEM('',(#11370),#24);
#21=STYLED_ITEM('',(#11370),#25);
#22=STYLED_ITEM('',(#11371),#26);
#23=MANIFOLD_SOLID_BREP('Body2',#7084);
#24=MANIFOLD_SOLID_BREP('Body5',#7085);
#25=MANIFOLD_SOLID_BREP('Body7',#7086);
#26=MANIFOLD_SOLID_BREP('Body3',#7087);
#27=FACE_BOUND('',#858,.T.);
#28=FACE_BOUND('',#867,.T.);
#29=FACE_BOUND('',#884,.T.);
#30=FACE_BOUND('',#886,.T.);
#31=FACE_BOUND('',#887,.T.);
#32=FACE_BOUND('',#905,.T.);
#33=FACE_BOUND('',#907,.T.);
#34=FACE_BOUND('',#1031,.T.);
#35=FACE_BOUND('',#1032,.T.);
#36=FACE_BOUND('',#1033,.T.);
#37=FACE_BOUND('',#1034,.T.);
#38=FACE_BOUND('',#1035,.T.);
#39=FACE_BOUND('',#1036,.T.);
#40=FACE_BOUND('',#1037,.T.);
#41=FACE_BOUND('',#1038,.T.);
#42=FACE_BOUND('',#1039,.T.);
#43=FACE_BOUND('',#1040,.T.);
#44=FACE_BOUND('',#1041,.T.);
#45=FACE_BOUND('',#1042,.T.);
#46=FACE_BOUND('',#1043,.T.);
#47=FACE_BOUND('',#1044,.T.);
#48=FACE_BOUND('',#1045,.T.);
#49=FACE_BOUND('',#1046,.T.);
#50=FACE_BOUND('',#1047,.T.);
#51=FACE_BOUND('',#1048,.T.);
#52=FACE_BOUND('',#1049,.T.);
#53=FACE_BOUND('',#1050,.T.);
#54=FACE_BOUND('',#1051,.T.);
#55=FACE_BOUND('',#1052,.T.);
#56=FACE_BOUND('',#1053,.T.);
#57=FACE_BOUND('',#1054,.T.);
#58=FACE_BOUND('',#1055,.T.);
#59=FACE_BOUND('',#1056,.T.);
#60=FACE_BOUND('',#1057,.T.);
#61=FACE_BOUND('',#1058,.T.);
#62=FACE_BOUND('',#1059,.T.);
#63=FACE_BOUND('',#1060,.T.);
#64=FACE_BOUND('',#1061,.T.);
#65=FACE_BOUND('',#1062,.T.);
#66=FACE_BOUND('',#1063,.T.);
#67=FACE_BOUND('',#1064,.T.);
#68=FACE_BOUND('',#1065,.T.);
#69=FACE_BOUND('',#1066,.T.);
#70=FACE_BOUND('',#1067,.T.);
#71=FACE_BOUND('',#1068,.T.);
#72=FACE_BOUND('',#1069,.T.);
#73=FACE_BOUND('',#1070,.T.);
#74=FACE_BOUND('',#1071,.T.);
#75=FACE_BOUND('',#1072,.T.);
#76=FACE_BOUND('',#1073,.T.);
#77=FACE_BOUND('',#1074,.T.);
#78=FACE_BOUND('',#1075,.T.);
#79=FACE_BOUND('',#1076,.T.);
#80=FACE_BOUND('',#1077,.T.);
#81=FACE_BOUND('',#1078,.T.);
#82=FACE_BOUND('',#1079,.T.);
#83=FACE_BOUND('',#1080,.T.);
#84=FACE_BOUND('',#1081,.T.);
#85=FACE_BOUND('',#1082,.T.);
#86=FACE_BOUND('',#1083,.T.);
#87=FACE_BOUND('',#1208,.T.);
#88=FACE_BOUND('',#1255,.T.);
#89=FACE_BOUND('',#1274,.T.);
#90=FACE_BOUND('',#1280,.T.);
#91=FACE_BOUND('',#1292,.T.);
#92=FACE_BOUND('',#1305,.T.);
#93=FACE_BOUND('',#1306,.T.);
#94=PLANE('',#7104);
#95=PLANE('',#7111);
#96=PLANE('',#7112);
#97=PLANE('',#7113);
#98=PLANE('',#7114);
#99=PLANE('',#7118);
#100=PLANE('',#7119);
#101=PLANE('',#7126);
#102=PLANE('',#7129);
#103=PLANE('',#7132);
#104=PLANE('',#7135);
#105=PLANE('',#7138);
#106=PLANE('',#7139);
#107=PLANE('',#7140);
#108=PLANE('',#7141);
#109=PLANE('',#7142);
#110=PLANE('',#7143);
#111=PLANE('',#7144);
#112=PLANE('',#7145);
#113=PLANE('',#7146);
#114=PLANE('',#7147);
#115=PLANE('',#7148);
#116=PLANE('',#7149);
#117=PLANE('',#7150);
#118=PLANE('',#7151);
#119=PLANE('',#7154);
#120=PLANE('',#7156);
#121=PLANE('',#7159);
#122=PLANE('',#7162);
#123=PLANE('',#7163);
#124=PLANE('',#7164);
#125=PLANE('',#7165);
#126=PLANE('',#7166);
#127=PLANE('',#7167);
#128=PLANE('',#7168);
#129=PLANE('',#7169);
#130=PLANE('',#7173);
#131=PLANE('',#7177);
#132=PLANE('',#7181);
#133=PLANE('',#7182);
#134=PLANE('',#7183);
#135=PLANE('',#7184);
#136=PLANE('',#7185);
#137=PLANE('',#7186);
#138=PLANE('',#7190);
#139=PLANE('',#7191);
#140=PLANE('',#7192);
#141=PLANE('',#7193);
#142=PLANE('',#7194);
#143=PLANE('',#7195);
#144=PLANE('',#7196);
#145=PLANE('',#7197);
#146=PLANE('',#7198);
#147=PLANE('',#7199);
#148=PLANE('',#7200);
#149=PLANE('',#7201);
#150=PLANE('',#7202);
#151=PLANE('',#7203);
#152=PLANE('',#7204);
#153=PLANE('',#7205);
#154=PLANE('',#7206);
#155=PLANE('',#7207);
#156=PLANE('',#7208);
#157=PLANE('',#7209);
#158=PLANE('',#7210);
#159=PLANE('',#7211);
#160=PLANE('',#7212);
#161=PLANE('',#7213);
#162=PLANE('',#7214);
#163=PLANE('',#7215);
#164=PLANE('',#7216);
#165=PLANE('',#7217);
#166=PLANE('',#7218);
#167=PLANE('',#7219);
#168=PLANE('',#7220);
#169=PLANE('',#7221);
#170=PLANE('',#7222);
#171=PLANE('',#7223);
#172=PLANE('',#7224);
#173=PLANE('',#7225);
#174=PLANE('',#7226);
#175=PLANE('',#7227);
#176=PLANE('',#7228);
#177=PLANE('',#7229);
#178=PLANE('',#7230);
#179=PLANE('',#7231);
#180=PLANE('',#7232);
#181=PLANE('',#7233);
#182=PLANE('',#7234);
#183=PLANE('',#7235);
#184=PLANE('',#7236);
#185=PLANE('',#7237);
#186=PLANE('',#7238);
#187=PLANE('',#7239);
#188=PLANE('',#7240);
#189=PLANE('',#7241);
#190=PLANE('',#7242);
#191=PLANE('',#7243);
#192=PLANE('',#7244);
#193=PLANE('',#7245);
#194=PLANE('',#7246);
#195=PLANE('',#7247);
#196=PLANE('',#7251);
#197=PLANE('',#7252);
#198=PLANE('',#7253);
#199=PLANE('',#7254);
#200=PLANE('',#7255);
#201=PLANE('',#7256);
#202=PLANE('',#7257);
#203=PLANE('',#7258);
#204=PLANE('',#7259);
#205=PLANE('',#7260);
#206=PLANE('',#7261);
#207=PLANE('',#7262);
#208=PLANE('',#7263);
#209=PLANE('',#7264);
#210=PLANE('',#7265);
#211=PLANE('',#7266);
#212=PLANE('',#7267);
#213=PLANE('',#7268);
#214=PLANE('',#7269);
#215=PLANE('',#7270);
#216=PLANE('',#7271);
#217=PLANE('',#7278);
#218=PLANE('',#7282);
#219=PLANE('',#7283);
#220=PLANE('',#7284);
#221=PLANE('',#7285);
#222=PLANE('',#7286);
#223=PLANE('',#7287);
#224=PLANE('',#7288);
#225=PLANE('',#7289);
#226=PLANE('',#7290);
#227=PLANE('',#7291);
#228=PLANE('',#7292);
#229=PLANE('',#7293);
#230=PLANE('',#7294);
#231=PLANE('',#7295);
#232=PLANE('',#7296);
#233=PLANE('',#7297);
#234=PLANE('',#7298);
#235=PLANE('',#7299);
#236=PLANE('',#7300);
#237=PLANE('',#7301);
#238=PLANE('',#7302);
#239=PLANE('',#7303);
#240=PLANE('',#7304);
#241=PLANE('',#7305);
#242=PLANE('',#7306);
#243=PLANE('',#7307);
#244=PLANE('',#7308);
#245=PLANE('',#7318);
#246=PLANE('',#7319);
#247=PLANE('',#7320);
#248=PLANE('',#7321);
#249=PLANE('',#7325);
#250=PLANE('',#7326);
#251=PLANE('',#7327);
#252=PLANE('',#7328);
#253=PLANE('',#7329);
#254=PLANE('',#7330);
#255=PLANE('',#7331);
#256=PLANE('',#7332);
#257=PLANE('',#7333);
#258=PLANE('',#7334);
#259=PLANE('',#7335);
#260=PLANE('',#7336);
#261=PLANE('',#7337);
#262=PLANE('',#7338);
#263=PLANE('',#7339);
#264=PLANE('',#7340);
#265=PLANE('',#7341);
#266=PLANE('',#7342);
#267=PLANE('',#7343);
#268=PLANE('',#7344);
#269=PLANE('',#7345);
#270=PLANE('',#7346);
#271=PLANE('',#7347);
#272=PLANE('',#7348);
#273=PLANE('',#7349);
#274=PLANE('',#7350);
#275=PLANE('',#7351);
#276=PLANE('',#7352);
#277=PLANE('',#7353);
#278=PLANE('',#7354);
#279=PLANE('',#7355);
#280=PLANE('',#7356);
#281=PLANE('',#7357);
#282=PLANE('',#7358);
#283=PLANE('',#7359);
#284=PLANE('',#7360);
#285=PLANE('',#7361);
#286=PLANE('',#7362);
#287=PLANE('',#7363);
#288=PLANE('',#7364);
#289=PLANE('',#7365);
#290=PLANE('',#7366);
#291=PLANE('',#7367);
#292=PLANE('',#7368);
#293=PLANE('',#7369);
#294=PLANE('',#7370);
#295=PLANE('',#7371);
#296=PLANE('',#7372);
#297=PLANE('',#7373);
#298=PLANE('',#7374);
#299=PLANE('',#7375);
#300=PLANE('',#7376);
#301=PLANE('',#7377);
#302=PLANE('',#7378);
#303=PLANE('',#7379);
#304=PLANE('',#7380);
#305=PLANE('',#7381);
#306=PLANE('',#7382);
#307=PLANE('',#7383);
#308=PLANE('',#7384);
#309=PLANE('',#7385);
#310=PLANE('',#7386);
#311=PLANE('',#7387);
#312=PLANE('',#7388);
#313=PLANE('',#7391);
#314=PLANE('',#7392);
#315=PLANE('',#7393);
#316=PLANE('',#7394);
#317=PLANE('',#7395);
#318=PLANE('',#7396);
#319=PLANE('',#7397);
#320=PLANE('',#7398);
#321=PLANE('',#7399);
#322=PLANE('',#7400);
#323=PLANE('',#7401);
#324=PLANE('',#7402);
#325=PLANE('',#7403);
#326=PLANE('',#7404);
#327=PLANE('',#7405);
#328=PLANE('',#7406);
#329=PLANE('',#7407);
#330=PLANE('',#7408);
#331=PLANE('',#7409);
#332=PLANE('',#7410);
#333=PLANE('',#7411);
#334=PLANE('',#7412);
#335=PLANE('',#7413);
#336=PLANE('',#7414);
#337=PLANE('',#7417);
#338=PLANE('',#7418);
#339=PLANE('',#7419);
#340=PLANE('',#7420);
#341=PLANE('',#7421);
#342=PLANE('',#7422);
#343=PLANE('',#7423);
#344=PLANE('',#7424);
#345=PLANE('',#7425);
#346=PLANE('',#7426);
#347=PLANE('',#7427);
#348=PLANE('',#7428);
#349=PLANE('',#7429);
#350=PLANE('',#7430);
#351=PLANE('',#7431);
#352=PLANE('',#7432);
#353=PLANE('',#7433);
#354=PLANE('',#7434);
#355=PLANE('',#7435);
#356=PLANE('',#7436);
#357=PLANE('',#7437);
#358=PLANE('',#7438);
#359=PLANE('',#7439);
#360=PLANE('',#7440);
#361=PLANE('',#7441);
#362=PLANE('',#7442);
#363=PLANE('',#7443);
#364=PLANE('',#7444);
#365=PLANE('',#7445);
#366=PLANE('',#7446);
#367=PLANE('',#7447);
#368=PLANE('',#7448);
#369=PLANE('',#7449);
#370=PLANE('',#7450);
#371=PLANE('',#7452);
#372=PLANE('',#7453);
#373=PLANE('',#7454);
#374=PLANE('',#7455);
#375=PLANE('',#7456);
#376=PLANE('',#7457);
#377=PLANE('',#7458);
#378=PLANE('',#7459);
#379=PLANE('',#7460);
#380=PLANE('',#7461);
#381=PLANE('',#7462);
#382=PLANE('',#7463);
#383=PLANE('',#7464);
#384=PLANE('',#7465);
#385=PLANE('',#7466);
#386=PLANE('',#7467);
#387=PLANE('',#7468);
#388=PLANE('',#7469);
#389=PLANE('',#7470);
#390=PLANE('',#7471);
#391=PLANE('',#7472);
#392=PLANE('',#7473);
#393=PLANE('',#7474);
#394=PLANE('',#7475);
#395=PLANE('',#7476);
#396=PLANE('',#7477);
#397=PLANE('',#7478);
#398=PLANE('',#7479);
#399=PLANE('',#7480);
#400=PLANE('',#7481);
#401=PLANE('',#7482);
#402=PLANE('',#7483);
#403=PLANE('',#7484);
#404=PLANE('',#7485);
#405=PLANE('',#7486);
#406=PLANE('',#7487);
#407=PLANE('',#7488);
#408=PLANE('',#7489);
#409=PLANE('',#7490);
#410=PLANE('',#7491);
#411=PLANE('',#7492);
#412=PLANE('',#7493);
#413=PLANE('',#7494);
#414=PLANE('',#7495);
#415=PLANE('',#7496);
#416=PLANE('',#7497);
#417=PLANE('',#7498);
#418=PLANE('',#7499);
#419=PLANE('',#7500);
#420=PLANE('',#7501);
#421=PLANE('',#7502);
#422=PLANE('',#7503);
#423=PLANE('',#7510);
#424=PLANE('',#7511);
#425=PLANE('',#7512);
#426=PLANE('',#7519);
#427=PLANE('',#7520);
#428=PLANE('',#7521);
#429=PLANE('',#7525);
#430=PLANE('',#7530);
#431=PLANE('',#7534);
#432=PLANE('',#7535);
#433=PLANE('',#7536);
#434=PLANE('',#7537);
#435=PLANE('',#7538);
#436=PLANE('',#7539);
#437=PLANE('',#7540);
#438=PLANE('',#7541);
#439=PLANE('',#7542);
#440=PLANE('',#7543);
#441=PLANE('',#7544);
#442=PLANE('',#7545);
#443=PLANE('',#7548);
#444=PLANE('',#7549);
#445=PLANE('',#7550);
#446=PLANE('',#7551);
#447=PLANE('',#7552);
#448=PLANE('',#7553);
#449=PLANE('',#7554);
#450=PLANE('',#7555);
#451=PLANE('',#7556);
#452=PLANE('',#7557);
#453=PLANE('',#7558);
#454=FACE_OUTER_BOUND('',#847,.T.);
#455=FACE_OUTER_BOUND('',#848,.T.);
#456=FACE_OUTER_BOUND('',#849,.T.);
#457=FACE_OUTER_BOUND('',#850,.T.);
#458=FACE_OUTER_BOUND('',#851,.T.);
#459=FACE_OUTER_BOUND('',#852,.T.);
#460=FACE_OUTER_BOUND('',#853,.T.);
#461=FACE_OUTER_BOUND('',#854,.T.);
#462=FACE_OUTER_BOUND('',#855,.T.);
#463=FACE_OUTER_BOUND('',#856,.T.);
#464=FACE_OUTER_BOUND('',#857,.T.);
#465=FACE_OUTER_BOUND('',#859,.T.);
#466=FACE_OUTER_BOUND('',#860,.T.);
#467=FACE_OUTER_BOUND('',#861,.T.);
#468=FACE_OUTER_BOUND('',#862,.T.);
#469=FACE_OUTER_BOUND('',#863,.T.);
#470=FACE_OUTER_BOUND('',#864,.T.);
#471=FACE_OUTER_BOUND('',#865,.T.);
#472=FACE_OUTER_BOUND('',#866,.T.);
#473=FACE_OUTER_BOUND('',#868,.T.);
#474=FACE_OUTER_BOUND('',#869,.T.);
#475=FACE_OUTER_BOUND('',#870,.T.);
#476=FACE_OUTER_BOUND('',#871,.T.);
#477=FACE_OUTER_BOUND('',#872,.T.);
#478=FACE_OUTER_BOUND('',#873,.T.);
#479=FACE_OUTER_BOUND('',#874,.T.);
#480=FACE_OUTER_BOUND('',#875,.T.);
#481=FACE_OUTER_BOUND('',#876,.T.);
#482=FACE_OUTER_BOUND('',#877,.T.);
#483=FACE_OUTER_BOUND('',#878,.T.);
#484=FACE_OUTER_BOUND('',#879,.T.);
#485=FACE_OUTER_BOUND('',#880,.T.);
#486=FACE_OUTER_BOUND('',#881,.T.);
#487=FACE_OUTER_BOUND('',#882,.T.);
#488=FACE_OUTER_BOUND('',#883,.T.);
#489=FACE_OUTER_BOUND('',#885,.T.);
#490=FACE_OUTER_BOUND('',#888,.T.);
#491=FACE_OUTER_BOUND('',#889,.T.);
#492=FACE_OUTER_BOUND('',#890,.T.);
#493=FACE_OUTER_BOUND('',#891,.T.);
#494=FACE_OUTER_BOUND('',#892,.T.);
#495=FACE_OUTER_BOUND('',#893,.T.);
#496=FACE_OUTER_BOUND('',#894,.T.);
#497=FACE_OUTER_BOUND('',#895,.T.);
#498=FACE_OUTER_BOUND('',#896,.T.);
#499=FACE_OUTER_BOUND('',#897,.T.);
#500=FACE_OUTER_BOUND('',#898,.T.);
#501=FACE_OUTER_BOUND('',#899,.T.);
#502=FACE_OUTER_BOUND('',#900,.T.);
#503=FACE_OUTER_BOUND('',#901,.T.);
#504=FACE_OUTER_BOUND('',#902,.T.);
#505=FACE_OUTER_BOUND('',#903,.T.);
#506=FACE_OUTER_BOUND('',#904,.T.);
#507=FACE_OUTER_BOUND('',#906,.T.);
#508=FACE_OUTER_BOUND('',#908,.T.);
#509=FACE_OUTER_BOUND('',#909,.T.);
#510=FACE_OUTER_BOUND('',#910,.T.);
#511=FACE_OUTER_BOUND('',#911,.T.);
#512=FACE_OUTER_BOUND('',#912,.T.);
#513=FACE_OUTER_BOUND('',#913,.T.);
#514=FACE_OUTER_BOUND('',#914,.T.);
#515=FACE_OUTER_BOUND('',#915,.T.);
#516=FACE_OUTER_BOUND('',#916,.T.);
#517=FACE_OUTER_BOUND('',#917,.T.);
#518=FACE_OUTER_BOUND('',#918,.T.);
#519=FACE_OUTER_BOUND('',#919,.T.);
#520=FACE_OUTER_BOUND('',#920,.T.);
#521=FACE_OUTER_BOUND('',#921,.T.);
#522=FACE_OUTER_BOUND('',#922,.T.);
#523=FACE_OUTER_BOUND('',#923,.T.);
#524=FACE_OUTER_BOUND('',#924,.T.);
#525=FACE_OUTER_BOUND('',#925,.T.);
#526=FACE_OUTER_BOUND('',#926,.T.);
#527=FACE_OUTER_BOUND('',#927,.T.);
#528=FACE_OUTER_BOUND('',#928,.T.);
#529=FACE_OUTER_BOUND('',#929,.T.);
#530=FACE_OUTER_BOUND('',#930,.T.);
#531=FACE_OUTER_BOUND('',#931,.T.);
#532=FACE_OUTER_BOUND('',#932,.T.);
#533=FACE_OUTER_BOUND('',#933,.T.);
#534=FACE_OUTER_BOUND('',#934,.T.);
#535=FACE_OUTER_BOUND('',#935,.T.);
#536=FACE_OUTER_BOUND('',#936,.T.);
#537=FACE_OUTER_BOUND('',#937,.T.);
#538=FACE_OUTER_BOUND('',#938,.T.);
#539=FACE_OUTER_BOUND('',#939,.T.);
#540=FACE_OUTER_BOUND('',#940,.T.);
#541=FACE_OUTER_BOUND('',#941,.T.);
#542=FACE_OUTER_BOUND('',#942,.T.);
#543=FACE_OUTER_BOUND('',#943,.T.);
#544=FACE_OUTER_BOUND('',#944,.T.);
#545=FACE_OUTER_BOUND('',#945,.T.);
#546=FACE_OUTER_BOUND('',#946,.T.);
#547=FACE_OUTER_BOUND('',#947,.T.);
#548=FACE_OUTER_BOUND('',#948,.T.);
#549=FACE_OUTER_BOUND('',#949,.T.);
#550=FACE_OUTER_BOUND('',#950,.T.);
#551=FACE_OUTER_BOUND('',#951,.T.);
#552=FACE_OUTER_BOUND('',#952,.T.);
#553=FACE_OUTER_BOUND('',#953,.T.);
#554=FACE_OUTER_BOUND('',#954,.T.);
#555=FACE_OUTER_BOUND('',#955,.T.);
#556=FACE_OUTER_BOUND('',#956,.T.);
#557=FACE_OUTER_BOUND('',#957,.T.);
#558=FACE_OUTER_BOUND('',#958,.T.);
#559=FACE_OUTER_BOUND('',#959,.T.);
#560=FACE_OUTER_BOUND('',#960,.T.);
#561=FACE_OUTER_BOUND('',#961,.T.);
#562=FACE_OUTER_BOUND('',#962,.T.);
#563=FACE_OUTER_BOUND('',#963,.T.);
#564=FACE_OUTER_BOUND('',#964,.T.);
#565=FACE_OUTER_BOUND('',#965,.T.);
#566=FACE_OUTER_BOUND('',#966,.T.);
#567=FACE_OUTER_BOUND('',#967,.T.);
#568=FACE_OUTER_BOUND('',#968,.T.);
#569=FACE_OUTER_BOUND('',#969,.T.);
#570=FACE_OUTER_BOUND('',#970,.T.);
#571=FACE_OUTER_BOUND('',#971,.T.);
#572=FACE_OUTER_BOUND('',#972,.T.);
#573=FACE_OUTER_BOUND('',#973,.T.);
#574=FACE_OUTER_BOUND('',#974,.T.);
#575=FACE_OUTER_BOUND('',#975,.T.);
#576=FACE_OUTER_BOUND('',#976,.T.);
#577=FACE_OUTER_BOUND('',#977,.T.);
#578=FACE_OUTER_BOUND('',#978,.T.);
#579=FACE_OUTER_BOUND('',#979,.T.);
#580=FACE_OUTER_BOUND('',#980,.T.);
#581=FACE_OUTER_BOUND('',#981,.T.);
#582=FACE_OUTER_BOUND('',#982,.T.);
#583=FACE_OUTER_BOUND('',#983,.T.);
#584=FACE_OUTER_BOUND('',#984,.T.);
#585=FACE_OUTER_BOUND('',#985,.T.);
#586=FACE_OUTER_BOUND('',#986,.T.);
#587=FACE_OUTER_BOUND('',#987,.T.);
#588=FACE_OUTER_BOUND('',#988,.T.);
#589=FACE_OUTER_BOUND('',#989,.T.);
#590=FACE_OUTER_BOUND('',#990,.T.);
#591=FACE_OUTER_BOUND('',#991,.T.);
#592=FACE_OUTER_BOUND('',#992,.T.);
#593=FACE_OUTER_BOUND('',#993,.T.);
#594=FACE_OUTER_BOUND('',#994,.T.);
#595=FACE_OUTER_BOUND('',#995,.T.);
#596=FACE_OUTER_BOUND('',#996,.T.);
#597=FACE_OUTER_BOUND('',#997,.T.);
#598=FACE_OUTER_BOUND('',#998,.T.);
#599=FACE_OUTER_BOUND('',#999,.T.);
#600=FACE_OUTER_BOUND('',#1000,.T.);
#601=FACE_OUTER_BOUND('',#1001,.T.);
#602=FACE_OUTER_BOUND('',#1002,.T.);
#603=FACE_OUTER_BOUND('',#1003,.T.);
#604=FACE_OUTER_BOUND('',#1004,.T.);
#605=FACE_OUTER_BOUND('',#1005,.T.);
#606=FACE_OUTER_BOUND('',#1006,.T.);
#607=FACE_OUTER_BOUND('',#1007,.T.);
#608=FACE_OUTER_BOUND('',#1008,.T.);
#609=FACE_OUTER_BOUND('',#1009,.T.);
#610=FACE_OUTER_BOUND('',#1010,.T.);
#611=FACE_OUTER_BOUND('',#1011,.T.);
#612=FACE_OUTER_BOUND('',#1012,.T.);
#613=FACE_OUTER_BOUND('',#1013,.T.);
#614=FACE_OUTER_BOUND('',#1014,.T.);
#615=FACE_OUTER_BOUND('',#1015,.T.);
#616=FACE_OUTER_BOUND('',#1016,.T.);
#617=FACE_OUTER_BOUND('',#1017,.T.);
#618=FACE_OUTER_BOUND('',#1018,.T.);
#619=FACE_OUTER_BOUND('',#1019,.T.);
#620=FACE_OUTER_BOUND('',#1020,.T.);
#621=FACE_OUTER_BOUND('',#1021,.T.);
#622=FACE_OUTER_BOUND('',#1022,.T.);
#623=FACE_OUTER_BOUND('',#1023,.T.);
#624=FACE_OUTER_BOUND('',#1024,.T.);
#625=FACE_OUTER_BOUND('',#1025,.T.);
#626=FACE_OUTER_BOUND('',#1026,.T.);
#627=FACE_OUTER_BOUND('',#1027,.T.);
#628=FACE_OUTER_BOUND('',#1028,.T.);
#629=FACE_OUTER_BOUND('',#1029,.T.);
#630=FACE_OUTER_BOUND('',#1030,.T.);
#631=FACE_OUTER_BOUND('',#1084,.T.);
#632=FACE_OUTER_BOUND('',#1085,.T.);
#633=FACE_OUTER_BOUND('',#1086,.T.);
#634=FACE_OUTER_BOUND('',#1087,.T.);
#635=FACE_OUTER_BOUND('',#1088,.T.);
#636=FACE_OUTER_BOUND('',#1089,.T.);
#637=FACE_OUTER_BOUND('',#1090,.T.);
#638=FACE_OUTER_BOUND('',#1091,.T.);
#639=FACE_OUTER_BOUND('',#1092,.T.);
#640=FACE_OUTER_BOUND('',#1093,.T.);
#641=FACE_OUTER_BOUND('',#1094,.T.);
#642=FACE_OUTER_BOUND('',#1095,.T.);
#643=FACE_OUTER_BOUND('',#1096,.T.);
#644=FACE_OUTER_BOUND('',#1097,.T.);
#645=FACE_OUTER_BOUND('',#1098,.T.);
#646=FACE_OUTER_BOUND('',#1099,.T.);
#647=FACE_OUTER_BOUND('',#1100,.T.);
#648=FACE_OUTER_BOUND('',#1101,.T.);
#649=FACE_OUTER_BOUND('',#1102,.T.);
#650=FACE_OUTER_BOUND('',#1103,.T.);
#651=FACE_OUTER_BOUND('',#1104,.T.);
#652=FACE_OUTER_BOUND('',#1105,.T.);
#653=FACE_OUTER_BOUND('',#1106,.T.);
#654=FACE_OUTER_BOUND('',#1107,.T.);
#655=FACE_OUTER_BOUND('',#1108,.T.);
#656=FACE_OUTER_BOUND('',#1109,.T.);
#657=FACE_OUTER_BOUND('',#1110,.T.);
#658=FACE_OUTER_BOUND('',#1111,.T.);
#659=FACE_OUTER_BOUND('',#1112,.T.);
#660=FACE_OUTER_BOUND('',#1113,.T.);
#661=FACE_OUTER_BOUND('',#1114,.T.);
#662=FACE_OUTER_BOUND('',#1115,.T.);
#663=FACE_OUTER_BOUND('',#1116,.T.);
#664=FACE_OUTER_BOUND('',#1117,.T.);
#665=FACE_OUTER_BOUND('',#1118,.T.);
#666=FACE_OUTER_BOUND('',#1119,.T.);
#667=FACE_OUTER_BOUND('',#1120,.T.);
#668=FACE_OUTER_BOUND('',#1121,.T.);
#669=FACE_OUTER_BOUND('',#1122,.T.);
#670=FACE_OUTER_BOUND('',#1123,.T.);
#671=FACE_OUTER_BOUND('',#1124,.T.);
#672=FACE_OUTER_BOUND('',#1125,.T.);
#673=FACE_OUTER_BOUND('',#1126,.T.);
#674=FACE_OUTER_BOUND('',#1127,.T.);
#675=FACE_OUTER_BOUND('',#1128,.T.);
#676=FACE_OUTER_BOUND('',#1129,.T.);
#677=FACE_OUTER_BOUND('',#1130,.T.);
#678=FACE_OUTER_BOUND('',#1131,.T.);
#679=FACE_OUTER_BOUND('',#1132,.T.);
#680=FACE_OUTER_BOUND('',#1133,.T.);
#681=FACE_OUTER_BOUND('',#1134,.T.);
#682=FACE_OUTER_BOUND('',#1135,.T.);
#683=FACE_OUTER_BOUND('',#1136,.T.);
#684=FACE_OUTER_BOUND('',#1137,.T.);
#685=FACE_OUTER_BOUND('',#1138,.T.);
#686=FACE_OUTER_BOUND('',#1139,.T.);
#687=FACE_OUTER_BOUND('',#1140,.T.);
#688=FACE_OUTER_BOUND('',#1141,.T.);
#689=FACE_OUTER_BOUND('',#1142,.T.);
#690=FACE_OUTER_BOUND('',#1143,.T.);
#691=FACE_OUTER_BOUND('',#1144,.T.);
#692=FACE_OUTER_BOUND('',#1145,.T.);
#693=FACE_OUTER_BOUND('',#1146,.T.);
#694=FACE_OUTER_BOUND('',#1147,.T.);
#695=FACE_OUTER_BOUND('',#1148,.T.);
#696=FACE_OUTER_BOUND('',#1149,.T.);
#697=FACE_OUTER_BOUND('',#1150,.T.);
#698=FACE_OUTER_BOUND('',#1151,.T.);
#699=FACE_OUTER_BOUND('',#1152,.T.);
#700=FACE_OUTER_BOUND('',#1153,.T.);
#701=FACE_OUTER_BOUND('',#1154,.T.);
#702=FACE_OUTER_BOUND('',#1155,.T.);
#703=FACE_OUTER_BOUND('',#1156,.T.);
#704=FACE_OUTER_BOUND('',#1157,.T.);
#705=FACE_OUTER_BOUND('',#1158,.T.);
#706=FACE_OUTER_BOUND('',#1159,.T.);
#707=FACE_OUTER_BOUND('',#1160,.T.);
#708=FACE_OUTER_BOUND('',#1161,.T.);
#709=FACE_OUTER_BOUND('',#1162,.T.);
#710=FACE_OUTER_BOUND('',#1163,.T.);
#711=FACE_OUTER_BOUND('',#1164,.T.);
#712=FACE_OUTER_BOUND('',#1165,.T.);
#713=FACE_OUTER_BOUND('',#1166,.T.);
#714=FACE_OUTER_BOUND('',#1167,.T.);
#715=FACE_OUTER_BOUND('',#1168,.T.);
#716=FACE_OUTER_BOUND('',#1169,.T.);
#717=FACE_OUTER_BOUND('',#1170,.T.);
#718=FACE_OUTER_BOUND('',#1171,.T.);
#719=FACE_OUTER_BOUND('',#1172,.T.);
#720=FACE_OUTER_BOUND('',#1173,.T.);
#721=FACE_OUTER_BOUND('',#1174,.T.);
#722=FACE_OUTER_BOUND('',#1175,.T.);
#723=FACE_OUTER_BOUND('',#1176,.T.);
#724=FACE_OUTER_BOUND('',#1177,.T.);
#725=FACE_OUTER_BOUND('',#1178,.T.);
#726=FACE_OUTER_BOUND('',#1179,.T.);
#727=FACE_OUTER_BOUND('',#1180,.T.);
#728=FACE_OUTER_BOUND('',#1181,.T.);
#729=FACE_OUTER_BOUND('',#1182,.T.);
#730=FACE_OUTER_BOUND('',#1183,.T.);
#731=FACE_OUTER_BOUND('',#1184,.T.);
#732=FACE_OUTER_BOUND('',#1185,.T.);
#733=FACE_OUTER_BOUND('',#1186,.T.);
#734=FACE_OUTER_BOUND('',#1187,.T.);
#735=FACE_OUTER_BOUND('',#1188,.T.);
#736=FACE_OUTER_BOUND('',#1189,.T.);
#737=FACE_OUTER_BOUND('',#1190,.T.);
#738=FACE_OUTER_BOUND('',#1191,.T.);
#739=FACE_OUTER_BOUND('',#1192,.T.);
#740=FACE_OUTER_BOUND('',#1193,.T.);
#741=FACE_OUTER_BOUND('',#1194,.T.);
#742=FACE_OUTER_BOUND('',#1195,.T.);
#743=FACE_OUTER_BOUND('',#1196,.T.);
#744=FACE_OUTER_BOUND('',#1197,.T.);
#745=FACE_OUTER_BOUND('',#1198,.T.);
#746=FACE_OUTER_BOUND('',#1199,.T.);
#747=FACE_OUTER_BOUND('',#1200,.T.);
#748=FACE_OUTER_BOUND('',#1201,.T.);
#749=FACE_OUTER_BOUND('',#1202,.T.);
#750=FACE_OUTER_BOUND('',#1203,.T.);
#751=FACE_OUTER_BOUND('',#1204,.T.);
#752=FACE_OUTER_BOUND('',#1205,.T.);
#753=FACE_OUTER_BOUND('',#1206,.T.);
#754=FACE_OUTER_BOUND('',#1207,.T.);
#755=FACE_OUTER_BOUND('',#1209,.T.);
#756=FACE_OUTER_BOUND('',#1210,.T.);
#757=FACE_OUTER_BOUND('',#1211,.T.);
#758=FACE_OUTER_BOUND('',#1212,.T.);
#759=FACE_OUTER_BOUND('',#1213,.T.);
#760=FACE_OUTER_BOUND('',#1214,.T.);
#761=FACE_OUTER_BOUND('',#1215,.T.);
#762=FACE_OUTER_BOUND('',#1216,.T.);
#763=FACE_OUTER_BOUND('',#1217,.T.);
#764=FACE_OUTER_BOUND('',#1218,.T.);
#765=FACE_OUTER_BOUND('',#1219,.T.);
#766=FACE_OUTER_BOUND('',#1220,.T.);
#767=FACE_OUTER_BOUND('',#1221,.T.);
#768=FACE_OUTER_BOUND('',#1222,.T.);
#769=FACE_OUTER_BOUND('',#1223,.T.);
#770=FACE_OUTER_BOUND('',#1224,.T.);
#771=FACE_OUTER_BOUND('',#1225,.T.);
#772=FACE_OUTER_BOUND('',#1226,.T.);
#773=FACE_OUTER_BOUND('',#1227,.T.);
#774=FACE_OUTER_BOUND('',#1228,.T.);
#775=FACE_OUTER_BOUND('',#1229,.T.);
#776=FACE_OUTER_BOUND('',#1230,.T.);
#777=FACE_OUTER_BOUND('',#1231,.T.);
#778=FACE_OUTER_BOUND('',#1232,.T.);
#779=FACE_OUTER_BOUND('',#1233,.T.);
#780=FACE_OUTER_BOUND('',#1234,.T.);
#781=FACE_OUTER_BOUND('',#1235,.T.);
#782=FACE_OUTER_BOUND('',#1236,.T.);
#783=FACE_OUTER_BOUND('',#1237,.T.);
#784=FACE_OUTER_BOUND('',#1238,.T.);
#785=FACE_OUTER_BOUND('',#1239,.T.);
#786=FACE_OUTER_BOUND('',#1240,.T.);
#787=FACE_OUTER_BOUND('',#1241,.T.);
#788=FACE_OUTER_BOUND('',#1242,.T.);
#789=FACE_OUTER_BOUND('',#1243,.T.);
#790=FACE_OUTER_BOUND('',#1244,.T.);
#791=FACE_OUTER_BOUND('',#1245,.T.);
#792=FACE_OUTER_BOUND('',#1246,.T.);
#793=FACE_OUTER_BOUND('',#1247,.T.);
#794=FACE_OUTER_BOUND('',#1248,.T.);
#795=FACE_OUTER_BOUND('',#1249,.T.);
#796=FACE_OUTER_BOUND('',#1250,.T.);
#797=FACE_OUTER_BOUND('',#1251,.T.);
#798=FACE_OUTER_BOUND('',#1252,.T.);
#799=FACE_OUTER_BOUND('',#1253,.T.);
#800=FACE_OUTER_BOUND('',#1254,.T.);
#801=FACE_OUTER_BOUND('',#1256,.T.);
#802=FACE_OUTER_BOUND('',#1257,.T.);
#803=FACE_OUTER_BOUND('',#1258,.T.);
#804=FACE_OUTER_BOUND('',#1259,.T.);
#805=FACE_OUTER_BOUND('',#1260,.T.);
#806=FACE_OUTER_BOUND('',#1261,.T.);
#807=FACE_OUTER_BOUND('',#1262,.T.);
#808=FACE_OUTER_BOUND('',#1263,.T.);
#809=FACE_OUTER_BOUND('',#1264,.T.);
#810=FACE_OUTER_BOUND('',#1265,.T.);
#811=FACE_OUTER_BOUND('',#1266,.T.);
#812=FACE_OUTER_BOUND('',#1267,.T.);
#813=FACE_OUTER_BOUND('',#1268,.T.);
#814=FACE_OUTER_BOUND('',#1269,.T.);
#815=FACE_OUTER_BOUND('',#1270,.T.);
#816=FACE_OUTER_BOUND('',#1271,.T.);
#817=FACE_OUTER_BOUND('',#1272,.T.);
#818=FACE_OUTER_BOUND('',#1273,.T.);
#819=FACE_OUTER_BOUND('',#1275,.T.);
#820=FACE_OUTER_BOUND('',#1276,.T.);
#821=FACE_OUTER_BOUND('',#1277,.T.);
#822=FACE_OUTER_BOUND('',#1278,.T.);
#823=FACE_OUTER_BOUND('',#1279,.T.);
#824=FACE_OUTER_BOUND('',#1281,.T.);
#825=FACE_OUTER_BOUND('',#1282,.T.);
#826=FACE_OUTER_BOUND('',#1283,.T.);
#827=FACE_OUTER_BOUND('',#1284,.T.);
#828=FACE_OUTER_BOUND('',#1285,.T.);
#829=FACE_OUTER_BOUND('',#1286,.T.);
#830=FACE_OUTER_BOUND('',#1287,.T.);
#831=FACE_OUTER_BOUND('',#1288,.T.);
#832=FACE_OUTER_BOUND('',#1289,.T.);
#833=FACE_OUTER_BOUND('',#1290,.T.);
#834=FACE_OUTER_BOUND('',#1291,.T.);
#835=FACE_OUTER_BOUND('',#1293,.T.);
#836=FACE_OUTER_BOUND('',#1294,.T.);
#837=FACE_OUTER_BOUND('',#1295,.T.);
#838=FACE_OUTER_BOUND('',#1296,.T.);
#839=FACE_OUTER_BOUND('',#1297,.T.);
#840=FACE_OUTER_BOUND('',#1298,.T.);
#841=FACE_OUTER_BOUND('',#1299,.T.);
#842=FACE_OUTER_BOUND('',#1300,.T.);
#843=FACE_OUTER_BOUND('',#1301,.T.);
#844=FACE_OUTER_BOUND('',#1302,.T.);
#845=FACE_OUTER_BOUND('',#1303,.T.);
#846=FACE_OUTER_BOUND('',#1304,.T.);
#847=EDGE_LOOP('',(#4746,#4747,#4748,#4749));
#848=EDGE_LOOP('',(#4750,#4751,#4752,#4753));
#849=EDGE_LOOP('',(#4754,#4755,#4756,#4757));
#850=EDGE_LOOP('',(#4758,#4759,#4760,#4761));
#851=EDGE_LOOP('',(#4762,#4763,#4764));
#852=EDGE_LOOP('',(#4765,#4766,#4767,#4768,#4769,#4770));
#853=EDGE_LOOP('',(#4771,#4772,#4773,#4774,#4775,#4776));
#854=EDGE_LOOP('',(#4777,#4778,#4779,#4780,#4781,#4782,#4783,#4784));
#855=EDGE_LOOP('',(#4785,#4786,#4787,#4788));
#856=EDGE_LOOP('',(#4789,#4790,#4791,#4792));
#857=EDGE_LOOP('',(#4793,#4794,#4795,#4796,#4797,#4798,#4799,#4800,#4801,
#4802));
#858=EDGE_LOOP('',(#4803,#4804,#4805,#4806,#4807,#4808,#4809,#4810,#4811,
#4812,#4813,#4814,#4815,#4816,#4817));
#859=EDGE_LOOP('',(#4818,#4819,#4820,#4821));
#860=EDGE_LOOP('',(#4822,#4823,#4824,#4825));
#861=EDGE_LOOP('',(#4826,#4827,#4828,#4829));
#862=EDGE_LOOP('',(#4830,#4831,#4832,#4833));
#863=EDGE_LOOP('',(#4834,#4835,#4836,#4837));
#864=EDGE_LOOP('',(#4838,#4839,#4840,#4841));
#865=EDGE_LOOP('',(#4842,#4843,#4844,#4845));
#866=EDGE_LOOP('',(#4846,#4847,#4848,#4849));
#867=EDGE_LOOP('',(#4850));
#868=EDGE_LOOP('',(#4851,#4852,#4853,#4854));
#869=EDGE_LOOP('',(#4855,#4856,#4857,#4858));
#870=EDGE_LOOP('',(#4859,#4860,#4861,#4862));
#871=EDGE_LOOP('',(#4863,#4864,#4865,#4866));
#872=EDGE_LOOP('',(#4867,#4868,#4869,#4870));
#873=EDGE_LOOP('',(#4871,#4872,#4873,#4874));
#874=EDGE_LOOP('',(#4875,#4876,#4877,#4878));
#875=EDGE_LOOP('',(#4879,#4880,#4881,#4882));
#876=EDGE_LOOP('',(#4883,#4884,#4885,#4886));
#877=EDGE_LOOP('',(#4887,#4888,#4889,#4890));
#878=EDGE_LOOP('',(#4891,#4892,#4893,#4894));
#879=EDGE_LOOP('',(#4895,#4896,#4897,#4898));
#880=EDGE_LOOP('',(#4899,#4900,#4901,#4902,#4903,#4904,#4905,#4906));
#881=EDGE_LOOP('',(#4907,#4908,#4909,#4910));
#882=EDGE_LOOP('',(#4911,#4912,#4913,#4914));
#883=EDGE_LOOP('',(#4915,#4916,#4917,#4918,#4919,#4920,#4921,#4922,#4923,
#4924,#4925,#4926,#4927,#4928,#4929,#4930));
#884=EDGE_LOOP('',(#4931,#4932,#4933,#4934));
#885=EDGE_LOOP('',(#4935,#4936,#4937,#4938,#4939,#4940,#4941,#4942,#4943,
#4944,#4945));
#886=EDGE_LOOP('',(#4946,#4947,#4948));
#887=EDGE_LOOP('',(#4949));
#888=EDGE_LOOP('',(#4950,#4951,#4952,#4953));
#889=EDGE_LOOP('',(#4954,#4955,#4956,#4957,#4958,#4959));
#890=EDGE_LOOP('',(#4960,#4961,#4962,#4963));
#891=EDGE_LOOP('',(#4964,#4965,#4966,#4967,#4968,#4969));
#892=EDGE_LOOP('',(#4970,#4971,#4972,#4973));
#893=EDGE_LOOP('',(#4974,#4975,#4976,#4977));
#894=EDGE_LOOP('',(#4978,#4979,#4980,#4981));
#895=EDGE_LOOP('',(#4982,#4983,#4984,#4985));
#896=EDGE_LOOP('',(#4986,#4987,#4988,#4989));
#897=EDGE_LOOP('',(#4990,#4991,#4992,#4993));
#898=EDGE_LOOP('',(#4994,#4995,#4996,#4997));
#899=EDGE_LOOP('',(#4998,#4999,#5000,#5001));
#900=EDGE_LOOP('',(#5002));
#901=EDGE_LOOP('',(#5003,#5004,#5005,#5006));
#902=EDGE_LOOP('',(#5007));
#903=EDGE_LOOP('',(#5008,#5009,#5010,#5011));
#904=EDGE_LOOP('',(#5012));
#905=EDGE_LOOP('',(#5013));
#906=EDGE_LOOP('',(#5014));
#907=EDGE_LOOP('',(#5015));
#908=EDGE_LOOP('',(#5016,#5017,#5018,#5019));
#909=EDGE_LOOP('',(#5020,#5021,#5022,#5023));
#910=EDGE_LOOP('',(#5024,#5025,#5026,#5027));
#911=EDGE_LOOP('',(#5028,#5029,#5030,#5031));
#912=EDGE_LOOP('',(#5032,#5033,#5034,#5035));
#913=EDGE_LOOP('',(#5036,#5037,#5038,#5039));
#914=EDGE_LOOP('',(#5040,#5041,#5042,#5043));
#915=EDGE_LOOP('',(#5044,#5045,#5046,#5047));
#916=EDGE_LOOP('',(#5048,#5049,#5050,#5051));
#917=EDGE_LOOP('',(#5052,#5053,#5054,#5055));
#918=EDGE_LOOP('',(#5056,#5057,#5058,#5059));
#919=EDGE_LOOP('',(#5060,#5061,#5062,#5063));
#920=EDGE_LOOP('',(#5064,#5065,#5066,#5067));
#921=EDGE_LOOP('',(#5068,#5069,#5070,#5071));
#922=EDGE_LOOP('',(#5072,#5073,#5074,#5075));
#923=EDGE_LOOP('',(#5076,#5077,#5078,#5079));
#924=EDGE_LOOP('',(#5080,#5081,#5082,#5083));
#925=EDGE_LOOP('',(#5084,#5085,#5086,#5087));
#926=EDGE_LOOP('',(#5088,#5089,#5090,#5091));
#927=EDGE_LOOP('',(#5092,#5093,#5094,#5095));
#928=EDGE_LOOP('',(#5096,#5097,#5098,#5099));
#929=EDGE_LOOP('',(#5100,#5101,#5102,#5103));
#930=EDGE_LOOP('',(#5104,#5105,#5106,#5107));
#931=EDGE_LOOP('',(#5108,#5109,#5110,#5111));
#932=EDGE_LOOP('',(#5112,#5113,#5114,#5115));
#933=EDGE_LOOP('',(#5116,#5117,#5118,#5119));
#934=EDGE_LOOP('',(#5120,#5121,#5122,#5123));
#935=EDGE_LOOP('',(#5124,#5125,#5126,#5127));
#936=EDGE_LOOP('',(#5128,#5129,#5130,#5131));
#937=EDGE_LOOP('',(#5132,#5133,#5134,#5135));
#938=EDGE_LOOP('',(#5136,#5137,#5138,#5139));
#939=EDGE_LOOP('',(#5140,#5141,#5142,#5143));
#940=EDGE_LOOP('',(#5144,#5145,#5146,#5147));
#941=EDGE_LOOP('',(#5148,#5149,#5150,#5151));
#942=EDGE_LOOP('',(#5152,#5153,#5154,#5155));
#943=EDGE_LOOP('',(#5156,#5157,#5158,#5159));
#944=EDGE_LOOP('',(#5160,#5161,#5162,#5163));
#945=EDGE_LOOP('',(#5164,#5165,#5166,#5167));
#946=EDGE_LOOP('',(#5168,#5169,#5170,#5171));
#947=EDGE_LOOP('',(#5172,#5173,#5174,#5175));
#948=EDGE_LOOP('',(#5176,#5177,#5178,#5179));
#949=EDGE_LOOP('',(#5180,#5181,#5182,#5183));
#950=EDGE_LOOP('',(#5184,#5185,#5186,#5187));
#951=EDGE_LOOP('',(#5188,#5189,#5190,#5191));
#952=EDGE_LOOP('',(#5192,#5193,#5194,#5195));
#953=EDGE_LOOP('',(#5196,#5197,#5198,#5199));
#954=EDGE_LOOP('',(#5200,#5201,#5202,#5203));
#955=EDGE_LOOP('',(#5204,#5205,#5206,#5207));
#956=EDGE_LOOP('',(#5208,#5209,#5210,#5211));
#957=EDGE_LOOP('',(#5212,#5213,#5214,#5215));
#958=EDGE_LOOP('',(#5216,#5217,#5218,#5219));
#959=EDGE_LOOP('',(#5220,#5221,#5222,#5223));
#960=EDGE_LOOP('',(#5224,#5225,#5226,#5227));
#961=EDGE_LOOP('',(#5228,#5229,#5230,#5231));
#962=EDGE_LOOP('',(#5232,#5233,#5234,#5235));
#963=EDGE_LOOP('',(#5236,#5237,#5238,#5239));
#964=EDGE_LOOP('',(#5240,#5241,#5242,#5243));
#965=EDGE_LOOP('',(#5244,#5245,#5246,#5247));
#966=EDGE_LOOP('',(#5248,#5249,#5250,#5251));
#967=EDGE_LOOP('',(#5252,#5253,#5254,#5255));
#968=EDGE_LOOP('',(#5256,#5257,#5258,#5259));
#969=EDGE_LOOP('',(#5260,#5261,#5262,#5263));
#970=EDGE_LOOP('',(#5264,#5265,#5266,#5267));
#971=EDGE_LOOP('',(#5268,#5269,#5270,#5271));
#972=EDGE_LOOP('',(#5272,#5273,#5274,#5275));
#973=EDGE_LOOP('',(#5276,#5277,#5278,#5279));
#974=EDGE_LOOP('',(#5280,#5281,#5282,#5283));
#975=EDGE_LOOP('',(#5284,#5285,#5286,#5287));
#976=EDGE_LOOP('',(#5288,#5289,#5290,#5291));
#977=EDGE_LOOP('',(#5292,#5293,#5294,#5295));
#978=EDGE_LOOP('',(#5296,#5297,#5298,#5299));
#979=EDGE_LOOP('',(#5300,#5301,#5302,#5303));
#980=EDGE_LOOP('',(#5304,#5305,#5306,#5307));
#981=EDGE_LOOP('',(#5308,#5309,#5310,#5311));
#982=EDGE_LOOP('',(#5312,#5313,#5314,#5315));
#983=EDGE_LOOP('',(#5316,#5317,#5318,#5319));
#984=EDGE_LOOP('',(#5320,#5321,#5322,#5323));
#985=EDGE_LOOP('',(#5324,#5325,#5326,#5327));
#986=EDGE_LOOP('',(#5328,#5329,#5330,#5331));
#987=EDGE_LOOP('',(#5332,#5333,#5334,#5335));
#988=EDGE_LOOP('',(#5336,#5337,#5338,#5339));
#989=EDGE_LOOP('',(#5340,#5341,#5342,#5343));
#990=EDGE_LOOP('',(#5344,#5345,#5346,#5347));
#991=EDGE_LOOP('',(#5348,#5349,#5350,#5351));
#992=EDGE_LOOP('',(#5352,#5353,#5354,#5355));
#993=EDGE_LOOP('',(#5356,#5357,#5358,#5359));
#994=EDGE_LOOP('',(#5360,#5361,#5362,#5363));
#995=EDGE_LOOP('',(#5364,#5365,#5366,#5367));
#996=EDGE_LOOP('',(#5368,#5369,#5370,#5371));
#997=EDGE_LOOP('',(#5372,#5373,#5374,#5375));
#998=EDGE_LOOP('',(#5376,#5377,#5378,#5379));
#999=EDGE_LOOP('',(#5380,#5381,#5382,#5383));
#1000=EDGE_LOOP('',(#5384,#5385,#5386,#5387));
#1001=EDGE_LOOP('',(#5388,#5389,#5390,#5391));
#1002=EDGE_LOOP('',(#5392,#5393,#5394,#5395));
#1003=EDGE_LOOP('',(#5396,#5397,#5398,#5399));
#1004=EDGE_LOOP('',(#5400,#5401,#5402,#5403));
#1005=EDGE_LOOP('',(#5404,#5405,#5406,#5407));
#1006=EDGE_LOOP('',(#5408,#5409,#5410,#5411));
#1007=EDGE_LOOP('',(#5412,#5413,#5414,#5415));
#1008=EDGE_LOOP('',(#5416,#5417,#5418,#5419));
#1009=EDGE_LOOP('',(#5420,#5421,#5422,#5423));
#1010=EDGE_LOOP('',(#5424,#5425,#5426,#5427));
#1011=EDGE_LOOP('',(#5428,#5429,#5430,#5431));
#1012=EDGE_LOOP('',(#5432,#5433,#5434,#5435));
#1013=EDGE_LOOP('',(#5436,#5437,#5438,#5439));
#1014=EDGE_LOOP('',(#5440,#5441,#5442,#5443));
#1015=EDGE_LOOP('',(#5444,#5445,#5446,#5447));
#1016=EDGE_LOOP('',(#5448,#5449,#5450,#5451));
#1017=EDGE_LOOP('',(#5452,#5453,#5454,#5455));
#1018=EDGE_LOOP('',(#5456,#5457,#5458,#5459));
#1019=EDGE_LOOP('',(#5460,#5461,#5462,#5463));
#1020=EDGE_LOOP('',(#5464,#5465,#5466,#5467));
#1021=EDGE_LOOP('',(#5468,#5469,#5470,#5471));
#1022=EDGE_LOOP('',(#5472,#5473,#5474,#5475));
#1023=EDGE_LOOP('',(#5476,#5477,#5478,#5479));
#1024=EDGE_LOOP('',(#5480,#5481,#5482,#5483));
#1025=EDGE_LOOP('',(#5484,#5485,#5486,#5487));
#1026=EDGE_LOOP('',(#5488,#5489,#5490,#5491));
#1027=EDGE_LOOP('',(#5492,#5493,#5494,#5495));
#1028=EDGE_LOOP('',(#5496,#5497,#5498,#5499));
#1029=EDGE_LOOP('',(#5500,#5501,#5502,#5503));
#1030=EDGE_LOOP('',(#5504,#5505,#5506,#5507,#5508,#5509,#5510,#5511,#5512,
#5513,#5514,#5515));
#1031=EDGE_LOOP('',(#5516));
#1032=EDGE_LOOP('',(#5517,#5518,#5519,#5520,#5521,#5522,#5523,#5524,#5525,
#5526,#5527,#5528,#5529,#5530,#5531,#5532,#5533,#5534,#5535,#5536));
#1033=EDGE_LOOP('',(#5537));
#1034=EDGE_LOOP('',(#5538,#5539,#5540,#5541,#5542,#5543,#5544));
#1035=EDGE_LOOP('',(#5545,#5546,#5547,#5548,#5549,#5550,#5551,#5552,#5553));
#1036=EDGE_LOOP('',(#5554,#5555,#5556,#5557));
#1037=EDGE_LOOP('',(#5558,#5559,#5560,#5561));
#1038=EDGE_LOOP('',(#5562,#5563,#5564,#5565));
#1039=EDGE_LOOP('',(#5566,#5567,#5568,#5569));
#1040=EDGE_LOOP('',(#5570,#5571,#5572,#5573));
#1041=EDGE_LOOP('',(#5574,#5575,#5576,#5577));
#1042=EDGE_LOOP('',(#5578,#5579,#5580,#5581));
#1043=EDGE_LOOP('',(#5582,#5583,#5584,#5585));
#1044=EDGE_LOOP('',(#5586,#5587,#5588,#5589));
#1045=EDGE_LOOP('',(#5590,#5591,#5592,#5593));
#1046=EDGE_LOOP('',(#5594,#5595,#5596,#5597));
#1047=EDGE_LOOP('',(#5598,#5599,#5600,#5601));
#1048=EDGE_LOOP('',(#5602,#5603,#5604));
#1049=EDGE_LOOP('',(#5605,#5606,#5607));
#1050=EDGE_LOOP('',(#5608,#5609,#5610,#5611));
#1051=EDGE_LOOP('',(#5612,#5613,#5614,#5615));
#1052=EDGE_LOOP('',(#5616,#5617,#5618,#5619));
#1053=EDGE_LOOP('',(#5620,#5621,#5622,#5623));
#1054=EDGE_LOOP('',(#5624,#5625,#5626));
#1055=EDGE_LOOP('',(#5627,#5628,#5629));
#1056=EDGE_LOOP('',(#5630,#5631,#5632,#5633));
#1057=EDGE_LOOP('',(#5634,#5635,#5636,#5637));
#1058=EDGE_LOOP('',(#5638,#5639,#5640,#5641));
#1059=EDGE_LOOP('',(#5642,#5643,#5644,#5645));
#1060=EDGE_LOOP('',(#5646,#5647,#5648));
#1061=EDGE_LOOP('',(#5649,#5650,#5651));
#1062=EDGE_LOOP('',(#5652,#5653,#5654,#5655));
#1063=EDGE_LOOP('',(#5656,#5657,#5658,#5659));
#1064=EDGE_LOOP('',(#5660,#5661,#5662,#5663));
#1065=EDGE_LOOP('',(#5664,#5665,#5666,#5667));
#1066=EDGE_LOOP('',(#5668,#5669,#5670,#5671));
#1067=EDGE_LOOP('',(#5672,#5673,#5674,#5675));
#1068=EDGE_LOOP('',(#5676,#5677,#5678,#5679));
#1069=EDGE_LOOP('',(#5680,#5681,#5682,#5683,#5684));
#1070=EDGE_LOOP('',(#5685,#5686,#5687,#5688));
#1071=EDGE_LOOP('',(#5689,#5690,#5691,#5692,#5693));
#1072=EDGE_LOOP('',(#5694,#5695,#5696,#5697));
#1073=EDGE_LOOP('',(#5698,#5699,#5700));
#1074=EDGE_LOOP('',(#5701,#5702,#5703,#5704,#5705));
#1075=EDGE_LOOP('',(#5706,#5707,#5708,#5709));
#1076=EDGE_LOOP('',(#5710,#5711,#5712,#5713,#5714));
#1077=EDGE_LOOP('',(#5715,#5716,#5717,#5718));
#1078=EDGE_LOOP('',(#5719,#5720,#5721,#5722));
#1079=EDGE_LOOP('',(#5723,#5724,#5725));
#1080=EDGE_LOOP('',(#5726,#5727,#5728));
#1081=EDGE_LOOP('',(#5729,#5730,#5731,#5732));
#1082=EDGE_LOOP('',(#5733,#5734,#5735,#5736));
#1083=EDGE_LOOP('',(#5737,#5738,#5739,#5740));
#1084=EDGE_LOOP('',(#5741,#5742,#5743,#5744));
#1085=EDGE_LOOP('',(#5745,#5746,#5747,#5748));
#1086=EDGE_LOOP('',(#5749,#5750,#5751,#5752));
#1087=EDGE_LOOP('',(#5753,#5754,#5755,#5756));
#1088=EDGE_LOOP('',(#5757,#5758,#5759,#5760));
#1089=EDGE_LOOP('',(#5761,#5762,#5763,#5764));
#1090=EDGE_LOOP('',(#5765,#5766,#5767,#5768));
#1091=EDGE_LOOP('',(#5769,#5770,#5771,#5772));
#1092=EDGE_LOOP('',(#5773,#5774,#5775,#5776));
#1093=EDGE_LOOP('',(#5777,#5778,#5779,#5780));
#1094=EDGE_LOOP('',(#5781,#5782,#5783,#5784));
#1095=EDGE_LOOP('',(#5785,#5786,#5787,#5788));
#1096=EDGE_LOOP('',(#5789,#5790,#5791,#5792));
#1097=EDGE_LOOP('',(#5793,#5794,#5795,#5796));
#1098=EDGE_LOOP('',(#5797,#5798,#5799,#5800));
#1099=EDGE_LOOP('',(#5801,#5802,#5803,#5804));
#1100=EDGE_LOOP('',(#5805,#5806,#5807,#5808));
#1101=EDGE_LOOP('',(#5809,#5810,#5811,#5812));
#1102=EDGE_LOOP('',(#5813,#5814,#5815,#5816));
#1103=EDGE_LOOP('',(#5817,#5818,#5819,#5820));
#1104=EDGE_LOOP('',(#5821,#5822,#5823,#5824));
#1105=EDGE_LOOP('',(#5825,#5826,#5827,#5828));
#1106=EDGE_LOOP('',(#5829,#5830,#5831,#5832));
#1107=EDGE_LOOP('',(#5833,#5834,#5835,#5836));
#1108=EDGE_LOOP('',(#5837,#5838,#5839,#5840));
#1109=EDGE_LOOP('',(#5841,#5842,#5843,#5844));
#1110=EDGE_LOOP('',(#5845,#5846,#5847,#5848));
#1111=EDGE_LOOP('',(#5849,#5850,#5851,#5852));
#1112=EDGE_LOOP('',(#5853,#5854,#5855,#5856));
#1113=EDGE_LOOP('',(#5857,#5858,#5859,#5860));
#1114=EDGE_LOOP('',(#5861,#5862,#5863,#5864));
#1115=EDGE_LOOP('',(#5865,#5866,#5867,#5868));
#1116=EDGE_LOOP('',(#5869,#5870,#5871,#5872));
#1117=EDGE_LOOP('',(#5873,#5874,#5875,#5876));
#1118=EDGE_LOOP('',(#5877,#5878,#5879,#5880));
#1119=EDGE_LOOP('',(#5881,#5882,#5883,#5884));
#1120=EDGE_LOOP('',(#5885,#5886,#5887,#5888));
#1121=EDGE_LOOP('',(#5889,#5890,#5891,#5892));
#1122=EDGE_LOOP('',(#5893,#5894,#5895,#5896));
#1123=EDGE_LOOP('',(#5897,#5898,#5899,#5900));
#1124=EDGE_LOOP('',(#5901,#5902,#5903,#5904));
#1125=EDGE_LOOP('',(#5905,#5906,#5907,#5908));
#1126=EDGE_LOOP('',(#5909,#5910,#5911,#5912));
#1127=EDGE_LOOP('',(#5913,#5914,#5915,#5916));
#1128=EDGE_LOOP('',(#5917,#5918,#5919,#5920));
#1129=EDGE_LOOP('',(#5921,#5922,#5923,#5924));
#1130=EDGE_LOOP('',(#5925,#5926,#5927,#5928));
#1131=EDGE_LOOP('',(#5929,#5930,#5931,#5932));
#1132=EDGE_LOOP('',(#5933,#5934,#5935,#5936));
#1133=EDGE_LOOP('',(#5937,#5938,#5939,#5940));
#1134=EDGE_LOOP('',(#5941,#5942,#5943,#5944));
#1135=EDGE_LOOP('',(#5945,#5946,#5947,#5948));
#1136=EDGE_LOOP('',(#5949,#5950,#5951,#5952));
#1137=EDGE_LOOP('',(#5953,#5954,#5955,#5956));
#1138=EDGE_LOOP('',(#5957,#5958,#5959,#5960));
#1139=EDGE_LOOP('',(#5961,#5962,#5963,#5964));
#1140=EDGE_LOOP('',(#5965,#5966,#5967,#5968));
#1141=EDGE_LOOP('',(#5969,#5970,#5971,#5972));
#1142=EDGE_LOOP('',(#5973,#5974,#5975,#5976));
#1143=EDGE_LOOP('',(#5977,#5978,#5979,#5980));
#1144=EDGE_LOOP('',(#5981,#5982,#5983,#5984));
#1145=EDGE_LOOP('',(#5985,#5986,#5987,#5988));
#1146=EDGE_LOOP('',(#5989,#5990,#5991,#5992));
#1147=EDGE_LOOP('',(#5993,#5994,#5995,#5996));
#1148=EDGE_LOOP('',(#5997,#5998,#5999,#6000));
#1149=EDGE_LOOP('',(#6001,#6002,#6003,#6004));
#1150=EDGE_LOOP('',(#6005,#6006,#6007,#6008));
#1151=EDGE_LOOP('',(#6009,#6010,#6011,#6012));
#1152=EDGE_LOOP('',(#6013,#6014,#6015,#6016));
#1153=EDGE_LOOP('',(#6017,#6018,#6019,#6020));
#1154=EDGE_LOOP('',(#6021,#6022,#6023,#6024));
#1155=EDGE_LOOP('',(#6025,#6026,#6027,#6028));
#1156=EDGE_LOOP('',(#6029,#6030,#6031,#6032));
#1157=EDGE_LOOP('',(#6033,#6034,#6035,#6036));
#1158=EDGE_LOOP('',(#6037,#6038,#6039,#6040));
#1159=EDGE_LOOP('',(#6041,#6042,#6043,#6044));
#1160=EDGE_LOOP('',(#6045,#6046,#6047,#6048));
#1161=EDGE_LOOP('',(#6049,#6050,#6051,#6052));
#1162=EDGE_LOOP('',(#6053,#6054,#6055,#6056));
#1163=EDGE_LOOP('',(#6057,#6058,#6059,#6060));
#1164=EDGE_LOOP('',(#6061,#6062,#6063,#6064));
#1165=EDGE_LOOP('',(#6065,#6066,#6067,#6068));
#1166=EDGE_LOOP('',(#6069,#6070,#6071,#6072));
#1167=EDGE_LOOP('',(#6073,#6074,#6075,#6076));
#1168=EDGE_LOOP('',(#6077,#6078,#6079,#6080));
#1169=EDGE_LOOP('',(#6081,#6082,#6083,#6084));
#1170=EDGE_LOOP('',(#6085,#6086,#6087,#6088));
#1171=EDGE_LOOP('',(#6089,#6090,#6091,#6092));
#1172=EDGE_LOOP('',(#6093,#6094,#6095,#6096));
#1173=EDGE_LOOP('',(#6097,#6098,#6099,#6100));
#1174=EDGE_LOOP('',(#6101,#6102,#6103,#6104));
#1175=EDGE_LOOP('',(#6105,#6106,#6107,#6108));
#1176=EDGE_LOOP('',(#6109,#6110,#6111,#6112));
#1177=EDGE_LOOP('',(#6113,#6114,#6115,#6116));
#1178=EDGE_LOOP('',(#6117,#6118,#6119,#6120));
#1179=EDGE_LOOP('',(#6121,#6122,#6123,#6124));
#1180=EDGE_LOOP('',(#6125,#6126,#6127,#6128));
#1181=EDGE_LOOP('',(#6129,#6130,#6131,#6132));
#1182=EDGE_LOOP('',(#6133,#6134,#6135,#6136));
#1183=EDGE_LOOP('',(#6137,#6138,#6139,#6140));
#1184=EDGE_LOOP('',(#6141,#6142,#6143,#6144));
#1185=EDGE_LOOP('',(#6145,#6146,#6147,#6148));
#1186=EDGE_LOOP('',(#6149,#6150,#6151,#6152));
#1187=EDGE_LOOP('',(#6153,#6154,#6155,#6156));
#1188=EDGE_LOOP('',(#6157,#6158,#6159,#6160));
#1189=EDGE_LOOP('',(#6161,#6162,#6163,#6164));
#1190=EDGE_LOOP('',(#6165,#6166,#6167,#6168));
#1191=EDGE_LOOP('',(#6169,#6170,#6171,#6172));
#1192=EDGE_LOOP('',(#6173,#6174,#6175,#6176));
#1193=EDGE_LOOP('',(#6177,#6178,#6179,#6180));
#1194=EDGE_LOOP('',(#6181,#6182,#6183,#6184));
#1195=EDGE_LOOP('',(#6185,#6186,#6187,#6188));
#1196=EDGE_LOOP('',(#6189,#6190,#6191,#6192));
#1197=EDGE_LOOP('',(#6193,#6194,#6195,#6196));
#1198=EDGE_LOOP('',(#6197,#6198,#6199,#6200));
#1199=EDGE_LOOP('',(#6201,#6202,#6203,#6204,#6205));
#1200=EDGE_LOOP('',(#6206,#6207,#6208));
#1201=EDGE_LOOP('',(#6209,#6210,#6211,#6212,#6213));
#1202=EDGE_LOOP('',(#6214,#6215,#6216,#6217));
#1203=EDGE_LOOP('',(#6218,#6219,#6220,#6221,#6222));
#1204=EDGE_LOOP('',(#6223,#6224,#6225,#6226));
#1205=EDGE_LOOP('',(#6227,#6228,#6229,#6230));
#1206=EDGE_LOOP('',(#6231,#6232,#6233,#6234,#6235));
#1207=EDGE_LOOP('',(#6236));
#1208=EDGE_LOOP('',(#6237));
#1209=EDGE_LOOP('',(#6238,#6239,#6240,#6241));
#1210=EDGE_LOOP('',(#6242,#6243,#6244,#6245));
#1211=EDGE_LOOP('',(#6246,#6247,#6248,#6249));
#1212=EDGE_LOOP('',(#6250,#6251,#6252,#6253));
#1213=EDGE_LOOP('',(#6254,#6255,#6256,#6257));
#1214=EDGE_LOOP('',(#6258,#6259,#6260,#6261));
#1215=EDGE_LOOP('',(#6262,#6263,#6264,#6265));
#1216=EDGE_LOOP('',(#6266,#6267,#6268,#6269));
#1217=EDGE_LOOP('',(#6270,#6271,#6272,#6273));
#1218=EDGE_LOOP('',(#6274,#6275,#6276,#6277));
#1219=EDGE_LOOP('',(#6278,#6279,#6280,#6281));
#1220=EDGE_LOOP('',(#6282,#6283,#6284,#6285));
#1221=EDGE_LOOP('',(#6286,#6287,#6288));
#1222=EDGE_LOOP('',(#6289,#6290,#6291,#6292));
#1223=EDGE_LOOP('',(#6293,#6294,#6295));
#1224=EDGE_LOOP('',(#6296,#6297,#6298));
#1225=EDGE_LOOP('',(#6299,#6300,#6301));
#1226=EDGE_LOOP('',(#6302,#6303,#6304,#6305));
#1227=EDGE_LOOP('',(#6306,#6307,#6308,#6309));
#1228=EDGE_LOOP('',(#6310,#6311,#6312,#6313));
#1229=EDGE_LOOP('',(#6314,#6315,#6316,#6317));
#1230=EDGE_LOOP('',(#6318,#6319,#6320,#6321));
#1231=EDGE_LOOP('',(#6322,#6323,#6324,#6325));
#1232=EDGE_LOOP('',(#6326,#6327,#6328,#6329));
#1233=EDGE_LOOP('',(#6330,#6331,#6332));
#1234=EDGE_LOOP('',(#6333,#6334,#6335,#6336));
#1235=EDGE_LOOP('',(#6337,#6338,#6339));
#1236=EDGE_LOOP('',(#6340,#6341,#6342));
#1237=EDGE_LOOP('',(#6343,#6344,#6345));
#1238=EDGE_LOOP('',(#6346,#6347,#6348,#6349));
#1239=EDGE_LOOP('',(#6350,#6351,#6352,#6353));
#1240=EDGE_LOOP('',(#6354,#6355,#6356,#6357));
#1241=EDGE_LOOP('',(#6358,#6359,#6360,#6361));
#1242=EDGE_LOOP('',(#6362,#6363,#6364,#6365));
#1243=EDGE_LOOP('',(#6366,#6367,#6368,#6369));
#1244=EDGE_LOOP('',(#6370,#6371,#6372,#6373));
#1245=EDGE_LOOP('',(#6374,#6375,#6376,#6377));
#1246=EDGE_LOOP('',(#6378,#6379,#6380,#6381));
#1247=EDGE_LOOP('',(#6382,#6383,#6384,#6385));
#1248=EDGE_LOOP('',(#6386,#6387,#6388,#6389));
#1249=EDGE_LOOP('',(#6390,#6391,#6392,#6393));
#1250=EDGE_LOOP('',(#6394,#6395,#6396,#6397));
#1251=EDGE_LOOP('',(#6398,#6399,#6400,#6401));
#1252=EDGE_LOOP('',(#6402,#6403,#6404,#6405));
#1253=EDGE_LOOP('',(#6406,#6407,#6408,#6409));
#1254=EDGE_LOOP('',(#6410,#6411,#6412,#6413,#6414,#6415,#6416,#6417,#6418,
#6419));
#1255=EDGE_LOOP('',(#6420,#6421,#6422,#6423,#6424,#6425,#6426,#6427,#6428,
#6429,#6430,#6431));
#1256=EDGE_LOOP('',(#6432,#6433,#6434));
#1257=EDGE_LOOP('',(#6435,#6436,#6437,#6438,#6439));
#1258=EDGE_LOOP('',(#6440,#6441,#6442,#6443));
#1259=EDGE_LOOP('',(#6444,#6445,#6446,#6447));
#1260=EDGE_LOOP('',(#6448,#6449,#6450,#6451));
#1261=EDGE_LOOP('',(#6452,#6453,#6454,#6455));
#1262=EDGE_LOOP('',(#6456,#6457,#6458,#6459));
#1263=EDGE_LOOP('',(#6460,#6461,#6462,#6463));
#1264=EDGE_LOOP('',(#6464,#6465,#6466,#6467));
#1265=EDGE_LOOP('',(#6468,#6469,#6470,#6471));
#1266=EDGE_LOOP('',(#6472,#6473,#6474,#6475));
#1267=EDGE_LOOP('',(#6476,#6477,#6478,#6479));
#1268=EDGE_LOOP('',(#6480,#6481,#6482,#6483));
#1269=EDGE_LOOP('',(#6484,#6485,#6486,#6487));
#1270=EDGE_LOOP('',(#6488,#6489,#6490,#6491));
#1271=EDGE_LOOP('',(#6492,#6493,#6494,#6495));
#1272=EDGE_LOOP('',(#6496,#6497,#6498,#6499));
#1273=EDGE_LOOP('',(#6500,#6501,#6502,#6503,#6504,#6505,#6506,#6507,#6508,
#6509,#6510,#6511,#6512,#6513,#6514));
#1274=EDGE_LOOP('',(#6515,#6516,#6517,#6518,#6519,#6520,#6521,#6522,#6523,
#6524));
#1275=EDGE_LOOP('',(#6525,#6526,#6527,#6528));
#1276=EDGE_LOOP('',(#6529,#6530,#6531,#6532));
#1277=EDGE_LOOP('',(#6533,#6534,#6535,#6536));
#1278=EDGE_LOOP('',(#6537,#6538,#6539,#6540));
#1279=EDGE_LOOP('',(#6541));
#1280=EDGE_LOOP('',(#6542));
#1281=EDGE_LOOP('',(#6543,#6544,#6545,#6546));
#1282=EDGE_LOOP('',(#6547,#6548,#6549,#6550));
#1283=EDGE_LOOP('',(#6551,#6552,#6553,#6554));
#1284=EDGE_LOOP('',(#6555,#6556,#6557,#6558));
#1285=EDGE_LOOP('',(#6559,#6560,#6561,#6562));
#1286=EDGE_LOOP('',(#6563,#6564,#6565,#6566));
#1287=EDGE_LOOP('',(#6567,#6568,#6569,#6570));
#1288=EDGE_LOOP('',(#6571,#6572,#6573,#6574));
#1289=EDGE_LOOP('',(#6575,#6576,#6577,#6578));
#1290=EDGE_LOOP('',(#6579,#6580,#6581,#6582));
#1291=EDGE_LOOP('',(#6583,#6584,#6585,#6586,#6587,#6588,#6589,#6590,#6591,
#6592));
#1292=EDGE_LOOP('',(#6593,#6594,#6595,#6596,#6597,#6598,#6599,#6600,#6601,
#6602,#6603,#6604,#6605,#6606,#6607));
#1293=EDGE_LOOP('',(#6608,#6609,#6610,#6611));
#1294=EDGE_LOOP('',(#6612,#6613,#6614,#6615));
#1295=EDGE_LOOP('',(#6616,#6617,#6618,#6619));
#1296=EDGE_LOOP('',(#6620,#6621,#6622,#6623));
#1297=EDGE_LOOP('',(#6624,#6625,#6626,#6627));
#1298=EDGE_LOOP('',(#6628,#6629,#6630,#6631));
#1299=EDGE_LOOP('',(#6632,#6633,#6634,#6635));
#1300=EDGE_LOOP('',(#6636,#6637,#6638,#6639));
#1301=EDGE_LOOP('',(#6640,#6641,#6642,#6643));
#1302=EDGE_LOOP('',(#6644,#6645,#6646,#6647));
#1303=EDGE_LOOP('',(#6648,#6649,#6650,#6651));
#1304=EDGE_LOOP('',(#6652,#6653,#6654,#6655,#6656,#6657,#6658,#6659,#6660,
#6661));
#1305=EDGE_LOOP('',(#6662));
#1306=EDGE_LOOP('',(#6663));
#1307=CIRCLE('',#7102,5.);
#1308=CIRCLE('',#7103,5.);
#1309=CIRCLE('',#7105,8.00000000000001);
#1310=CIRCLE('',#7107,8.00000000000001);
#1311=CIRCLE('',#7109,8.00000000000001);
#1312=CIRCLE('',#7110,8.00000000000001);
#1313=CIRCLE('',#7116,2.5);
#1314=CIRCLE('',#7117,2.5);
#1315=CIRCLE('',#7120,2.5);
#1316=CIRCLE('',#7121,2.5);
#1317=CIRCLE('',#7122,2.5);
#1318=CIRCLE('',#7123,2.5);
#1319=CIRCLE('',#7125,2.5);
#1320=CIRCLE('',#7128,2.5);
#1321=CIRCLE('',#7131,2.5);
#1322=CIRCLE('',#7134,2.5);
#1323=CIRCLE('',#7136,10.2500004868489);
#1324=CIRCLE('',#7137,4.00000005960464);
#1325=CIRCLE('',#7153,4.00000005960464);
#1326=CIRCLE('',#7155,13.2499997038394);
#1327=CIRCLE('',#7158,10.2500004868489);
#1328=CIRCLE('',#7161,13.2499997038394);
#1329=CIRCLE('',#7171,7.25);
#1330=CIRCLE('',#7172,7.25);
#1331=CIRCLE('',#7175,7.25);
#1332=CIRCLE('',#7176,7.25);
#1333=CIRCLE('',#7179,10.0000001490116);
#1334=CIRCLE('',#7180,10.0000001490116);
#1335=CIRCLE('',#7188,2.49999772012234);
#1336=CIRCLE('',#7189,2.49999772012234);
#1337=CIRCLE('',#7249,10.7500003681053);
#1338=CIRCLE('',#7250,10.7500003681053);
#1339=CIRCLE('',#7273,10.7500003681053);
#1340=CIRCLE('',#7274,10.7500003681053);
#1341=CIRCLE('',#7276,10.7500003681053);
#1342=CIRCLE('',#7277,10.7500003681053);
#1343=CIRCLE('',#7280,10.7500003681053);
#1344=CIRCLE('',#7281,10.7500003681053);
#1345=CIRCLE('',#7310,2.49999772012234);
#1346=CIRCLE('',#7311,2.49999772012234);
#1347=CIRCLE('',#7313,2.49999772012234);
#1348=CIRCLE('',#7314,2.49999772012234);
#1349=CIRCLE('',#7316,2.49999772012234);
#1350=CIRCLE('',#7317,2.49999772012234);
#1351=CIRCLE('',#7322,2.);
#1352=CIRCLE('',#7323,9.75000036810524);
#1353=CIRCLE('',#7324,10.7500003681053);
#1354=CIRCLE('',#7390,10.7500003681053);
#1355=CIRCLE('',#7416,9.75000036810525);
#1356=CIRCLE('',#7451,8.75000036810525);
#1357=CIRCLE('',#7505,1.);
#1358=CIRCLE('',#7506,0.500000000000012);
#1359=CIRCLE('',#7508,1.);
#1360=CIRCLE('',#7509,0.500000000000004);
#1361=CIRCLE('',#7514,1.);
#1362=CIRCLE('',#7515,0.500000000000002);
#1363=CIRCLE('',#7517,1.);
#1364=CIRCLE('',#7518,0.499999999999999);
#1365=CIRCLE('',#7523,1.);
#1366=CIRCLE('',#7524,0.500000000000002);
#1367=CIRCLE('',#7527,7.75000036810525);
#1368=CIRCLE('',#7529,7.75000036810525);
#1369=CIRCLE('',#7532,13.2499997038394);
#1370=CIRCLE('',#7533,13.2499997038394);
#1371=CIRCLE('',#7547,2.);
#1372=LINE('',#9375,#2266);
#1373=LINE('',#9379,#2267);
#1374=LINE('',#9383,#2268);
#1375=LINE('',#9385,#2269);
#1376=LINE('',#9389,#2270);
#1377=LINE('',#9391,#2271);
#1378=LINE('',#9396,#2272);
#1379=LINE('',#9400,#2273);
#1380=LINE('',#9404,#2274);
#1381=LINE('',#9405,#2275);
#1382=LINE('',#9408,#2276);
#1383=LINE('',#9410,#2277);
#1384=LINE('',#9412,#2278);
#1385=LINE('',#9413,#2279);
#1386=LINE('',#9416,#2280);
#1387=LINE('',#9418,#2281);
#1388=LINE('',#9419,#2282);
#1389=LINE('',#9422,#2283);
#1390=LINE('',#9424,#2284);
#1391=LINE('',#9426,#2285);
#1392=LINE('',#9428,#2286);
#1393=LINE('',#9429,#2287);
#1394=LINE('',#9435,#2288);
#1395=LINE('',#9438,#2289);
#1396=LINE('',#9441,#2290);
#1397=LINE('',#9443,#2291);
#1398=LINE('',#9444,#2292);
#1399=LINE('',#9448,#2293);
#1400=LINE('',#9449,#2294);
#1401=LINE('',#9451,#2295);
#1402=LINE('',#9453,#2296);
#1403=LINE('',#9455,#2297);
#1404=LINE('',#9457,#2298);
#1405=LINE('',#9459,#2299);
#1406=LINE('',#9461,#2300);
#1407=LINE('',#9462,#2301);
#1408=LINE('',#9464,#2302);
#1409=LINE('',#9466,#2303);
#1410=LINE('',#9470,#2304);
#1411=LINE('',#9472,#2305);
#1412=LINE('',#9476,#2306);
#1413=LINE('',#9478,#2307);
#1414=LINE('',#9482,#2308);
#1415=LINE('',#9485,#2309);
#1416=LINE('',#9488,#2310);
#1417=LINE('',#9491,#2311);
#1418=LINE('',#9492,#2312);
#1419=LINE('',#9496,#2313);
#1420=LINE('',#9498,#2314);
#1421=LINE('',#9501,#2315);
#1422=LINE('',#9504,#2316);
#1423=LINE('',#9507,#2317);
#1424=LINE('',#9508,#2318);
#1425=LINE('',#9511,#2319);
#1426=LINE('',#9518,#2320);
#1427=LINE('',#9520,#2321);
#1428=LINE('',#9521,#2322);
#1429=LINE('',#9527,#2323);
#1430=LINE('',#9528,#2324);
#1431=LINE('',#9529,#2325);
#1432=LINE('',#9531,#2326);
#1433=LINE('',#9533,#2327);
#1434=LINE('',#9536,#2328);
#1435=LINE('',#9537,#2329);
#1436=LINE('',#9539,#2330);
#1437=LINE('',#9543,#2331);
#1438=LINE('',#9544,#2332);
#1439=LINE('',#9545,#2333);
#1440=LINE('',#9548,#2334);
#1441=LINE('',#9549,#2335);
#1442=LINE('',#9552,#2336);
#1443=LINE('',#9553,#2337);
#1444=LINE('',#9556,#2338);
#1445=LINE('',#9557,#2339);
#1446=LINE('',#9560,#2340);
#1447=LINE('',#9561,#2341);
#1448=LINE('',#9564,#2342);
#1449=LINE('',#9565,#2343);
#1450=LINE('',#9567,#2344);
#1451=LINE('',#9569,#2345);
#1452=LINE('',#9571,#2346);
#1453=LINE('',#9572,#2347);
#1454=LINE('',#9574,#2348);
#1455=LINE('',#9577,#2349);
#1456=LINE('',#9581,#2350);
#1457=LINE('',#9583,#2351);
#1458=LINE('',#9588,#2352);
#1459=LINE('',#9591,#2353);
#1460=LINE('',#9594,#2354);
#1461=LINE('',#9595,#2355);
#1462=LINE('',#9599,#2356);
#1463=LINE('',#9601,#2357);
#1464=LINE('',#9606,#2358);
#1465=LINE('',#9608,#2359);
#1466=LINE('',#9610,#2360);
#1467=LINE('',#9611,#2361);
#1468=LINE('',#9614,#2362);
#1469=LINE('',#9616,#2363);
#1470=LINE('',#9617,#2364);
#1471=LINE('',#9620,#2365);
#1472=LINE('',#9622,#2366);
#1473=LINE('',#9623,#2367);
#1474=LINE('',#9625,#2368);
#1475=LINE('',#9626,#2369);
#1476=LINE('',#9633,#2370);
#1477=LINE('',#9640,#2371);
#1478=LINE('',#9647,#2372);
#1479=LINE('',#9654,#2373);
#1480=LINE('',#9656,#2374);
#1481=LINE('',#9658,#2375);
#1482=LINE('',#9659,#2376);
#1483=LINE('',#9663,#2377);
#1484=LINE('',#9665,#2378);
#1485=LINE('',#9667,#2379);
#1486=LINE('',#9668,#2380);
#1487=LINE('',#9671,#2381);
#1488=LINE('',#9673,#2382);
#1489=LINE('',#9674,#2383);
#1490=LINE('',#9678,#2384);
#1491=LINE('',#9680,#2385);
#1492=LINE('',#9682,#2386);
#1493=LINE('',#9683,#2387);
#1494=LINE('',#9689,#2388);
#1495=LINE('',#9693,#2389);
#1496=LINE('',#9695,#2390);
#1497=LINE('',#9697,#2391);
#1498=LINE('',#9698,#2392);
#1499=LINE('',#9701,#2393);
#1500=LINE('',#9703,#2394);
#1501=LINE('',#9704,#2395);
#1502=LINE('',#9708,#2396);
#1503=LINE('',#9710,#2397);
#1504=LINE('',#9712,#2398);
#1505=LINE('',#9713,#2399);
#1506=LINE('',#9716,#2400);
#1507=LINE('',#9718,#2401);
#1508=LINE('',#9719,#2402);
#1509=LINE('',#9722,#2403);
#1510=LINE('',#9724,#2404);
#1511=LINE('',#9725,#2405);
#1512=LINE('',#9728,#2406);
#1513=LINE('',#9730,#2407);
#1514=LINE('',#9731,#2408);
#1515=LINE('',#9734,#2409);
#1516=LINE('',#9736,#2410);
#1517=LINE('',#9737,#2411);
#1518=LINE('',#9740,#2412);
#1519=LINE('',#9742,#2413);
#1520=LINE('',#9743,#2414);
#1521=LINE('',#9747,#2415);
#1522=LINE('',#9749,#2416);
#1523=LINE('',#9751,#2417);
#1524=LINE('',#9752,#2418);
#1525=LINE('',#9755,#2419);
#1526=LINE('',#9757,#2420);
#1527=LINE('',#9758,#2421);
#1528=LINE('',#9762,#2422);
#1529=LINE('',#9764,#2423);
#1530=LINE('',#9766,#2424);
#1531=LINE('',#9767,#2425);
#1532=LINE('',#9770,#2426);
#1533=LINE('',#9772,#2427);
#1534=LINE('',#9773,#2428);
#1535=LINE('',#9777,#2429);
#1536=LINE('',#9779,#2430);
#1537=LINE('',#9781,#2431);
#1538=LINE('',#9782,#2432);
#1539=LINE('',#9785,#2433);
#1540=LINE('',#9787,#2434);
#1541=LINE('',#9788,#2435);
#1542=LINE('',#9792,#2436);
#1543=LINE('',#9794,#2437);
#1544=LINE('',#9796,#2438);
#1545=LINE('',#9797,#2439);
#1546=LINE('',#9800,#2440);
#1547=LINE('',#9802,#2441);
#1548=LINE('',#9803,#2442);
#1549=LINE('',#9807,#2443);
#1550=LINE('',#9809,#2444);
#1551=LINE('',#9811,#2445);
#1552=LINE('',#9812,#2446);
#1553=LINE('',#9815,#2447);
#1554=LINE('',#9817,#2448);
#1555=LINE('',#9818,#2449);
#1556=LINE('',#9822,#2450);
#1557=LINE('',#9824,#2451);
#1558=LINE('',#9826,#2452);
#1559=LINE('',#9827,#2453);
#1560=LINE('',#9830,#2454);
#1561=LINE('',#9832,#2455);
#1562=LINE('',#9833,#2456);
#1563=LINE('',#9837,#2457);
#1564=LINE('',#9839,#2458);
#1565=LINE('',#9841,#2459);
#1566=LINE('',#9842,#2460);
#1567=LINE('',#9845,#2461);
#1568=LINE('',#9847,#2462);
#1569=LINE('',#9848,#2463);
#1570=LINE('',#9852,#2464);
#1571=LINE('',#9854,#2465);
#1572=LINE('',#9856,#2466);
#1573=LINE('',#9857,#2467);
#1574=LINE('',#9860,#2468);
#1575=LINE('',#9862,#2469);
#1576=LINE('',#9863,#2470);
#1577=LINE('',#9867,#2471);
#1578=LINE('',#9869,#2472);
#1579=LINE('',#9871,#2473);
#1580=LINE('',#9872,#2474);
#1581=LINE('',#9875,#2475);
#1582=LINE('',#9877,#2476);
#1583=LINE('',#9878,#2477);
#1584=LINE('',#9882,#2478);
#1585=LINE('',#9884,#2479);
#1586=LINE('',#9886,#2480);
#1587=LINE('',#9887,#2481);
#1588=LINE('',#9890,#2482);
#1589=LINE('',#9892,#2483);
#1590=LINE('',#9893,#2484);
#1591=LINE('',#9897,#2485);
#1592=LINE('',#9899,#2486);
#1593=LINE('',#9901,#2487);
#1594=LINE('',#9902,#2488);
#1595=LINE('',#9905,#2489);
#1596=LINE('',#9907,#2490);
#1597=LINE('',#9908,#2491);
#1598=LINE('',#9912,#2492);
#1599=LINE('',#9914,#2493);
#1600=LINE('',#9916,#2494);
#1601=LINE('',#9917,#2495);
#1602=LINE('',#9920,#2496);
#1603=LINE('',#9922,#2497);
#1604=LINE('',#9923,#2498);
#1605=LINE('',#9927,#2499);
#1606=LINE('',#9929,#2500);
#1607=LINE('',#9931,#2501);
#1608=LINE('',#9932,#2502);
#1609=LINE('',#9935,#2503);
#1610=LINE('',#9937,#2504);
#1611=LINE('',#9938,#2505);
#1612=LINE('',#9942,#2506);
#1613=LINE('',#9944,#2507);
#1614=LINE('',#9946,#2508);
#1615=LINE('',#9947,#2509);
#1616=LINE('',#9950,#2510);
#1617=LINE('',#9952,#2511);
#1618=LINE('',#9953,#2512);
#1619=LINE('',#9957,#2513);
#1620=LINE('',#9959,#2514);
#1621=LINE('',#9961,#2515);
#1622=LINE('',#9962,#2516);
#1623=LINE('',#9965,#2517);
#1624=LINE('',#9967,#2518);
#1625=LINE('',#9968,#2519);
#1626=LINE('',#9972,#2520);
#1627=LINE('',#9974,#2521);
#1628=LINE('',#9976,#2522);
#1629=LINE('',#9977,#2523);
#1630=LINE('',#9981,#2524);
#1631=LINE('',#9983,#2525);
#1632=LINE('',#9985,#2526);
#1633=LINE('',#9986,#2527);
#1634=LINE('',#9990,#2528);
#1635=LINE('',#9992,#2529);
#1636=LINE('',#9994,#2530);
#1637=LINE('',#9995,#2531);
#1638=LINE('',#9999,#2532);
#1639=LINE('',#10001,#2533);
#1640=LINE('',#10003,#2534);
#1641=LINE('',#10004,#2535);
#1642=LINE('',#10007,#2536);
#1643=LINE('',#10009,#2537);
#1644=LINE('',#10010,#2538);
#1645=LINE('',#10014,#2539);
#1646=LINE('',#10016,#2540);
#1647=LINE('',#10018,#2541);
#1648=LINE('',#10019,#2542);
#1649=LINE('',#10023,#2543);
#1650=LINE('',#10025,#2544);
#1651=LINE('',#10027,#2545);
#1652=LINE('',#10028,#2546);
#1653=LINE('',#10031,#2547);
#1654=LINE('',#10033,#2548);
#1655=LINE('',#10034,#2549);
#1656=LINE('',#10038,#2550);
#1657=LINE('',#10040,#2551);
#1658=LINE('',#10042,#2552);
#1659=LINE('',#10043,#2553);
#1660=LINE('',#10046,#2554);
#1661=LINE('',#10048,#2555);
#1662=LINE('',#10049,#2556);
#1663=LINE('',#10053,#2557);
#1664=LINE('',#10055,#2558);
#1665=LINE('',#10057,#2559);
#1666=LINE('',#10058,#2560);
#1667=LINE('',#10061,#2561);
#1668=LINE('',#10063,#2562);
#1669=LINE('',#10064,#2563);
#1670=LINE('',#10068,#2564);
#1671=LINE('',#10070,#2565);
#1672=LINE('',#10072,#2566);
#1673=LINE('',#10073,#2567);
#1674=LINE('',#10076,#2568);
#1675=LINE('',#10078,#2569);
#1676=LINE('',#10079,#2570);
#1677=LINE('',#10083,#2571);
#1678=LINE('',#10085,#2572);
#1679=LINE('',#10087,#2573);
#1680=LINE('',#10088,#2574);
#1681=LINE('',#10091,#2575);
#1682=LINE('',#10093,#2576);
#1683=LINE('',#10094,#2577);
#1684=LINE('',#10098,#2578);
#1685=LINE('',#10100,#2579);
#1686=LINE('',#10102,#2580);
#1687=LINE('',#10103,#2581);
#1688=LINE('',#10106,#2582);
#1689=LINE('',#10108,#2583);
#1690=LINE('',#10109,#2584);
#1691=LINE('',#10113,#2585);
#1692=LINE('',#10115,#2586);
#1693=LINE('',#10117,#2587);
#1694=LINE('',#10118,#2588);
#1695=LINE('',#10121,#2589);
#1696=LINE('',#10123,#2590);
#1697=LINE('',#10124,#2591);
#1698=LINE('',#10130,#2592);
#1699=LINE('',#10133,#2593);
#1700=LINE('',#10137,#2594);
#1701=LINE('',#10139,#2595);
#1702=LINE('',#10141,#2596);
#1703=LINE('',#10142,#2597);
#1704=LINE('',#10146,#2598);
#1705=LINE('',#10148,#2599);
#1706=LINE('',#10150,#2600);
#1707=LINE('',#10151,#2601);
#1708=LINE('',#10155,#2602);
#1709=LINE('',#10157,#2603);
#1710=LINE('',#10159,#2604);
#1711=LINE('',#10160,#2605);
#1712=LINE('',#10163,#2606);
#1713=LINE('',#10165,#2607);
#1714=LINE('',#10166,#2608);
#1715=LINE('',#10170,#2609);
#1716=LINE('',#10172,#2610);
#1717=LINE('',#10174,#2611);
#1718=LINE('',#10175,#2612);
#1719=LINE('',#10179,#2613);
#1720=LINE('',#10181,#2614);
#1721=LINE('',#10183,#2615);
#1722=LINE('',#10184,#2616);
#1723=LINE('',#10187,#2617);
#1724=LINE('',#10189,#2618);
#1725=LINE('',#10190,#2619);
#1726=LINE('',#10194,#2620);
#1727=LINE('',#10196,#2621);
#1728=LINE('',#10198,#2622);
#1729=LINE('',#10199,#2623);
#1730=LINE('',#10202,#2624);
#1731=LINE('',#10204,#2625);
#1732=LINE('',#10205,#2626);
#1733=LINE('',#10209,#2627);
#1734=LINE('',#10211,#2628);
#1735=LINE('',#10213,#2629);
#1736=LINE('',#10214,#2630);
#1737=LINE('',#10217,#2631);
#1738=LINE('',#10219,#2632);
#1739=LINE('',#10220,#2633);
#1740=LINE('',#10224,#2634);
#1741=LINE('',#10226,#2635);
#1742=LINE('',#10228,#2636);
#1743=LINE('',#10229,#2637);
#1744=LINE('',#10232,#2638);
#1745=LINE('',#10234,#2639);
#1746=LINE('',#10235,#2640);
#1747=LINE('',#10239,#2641);
#1748=LINE('',#10241,#2642);
#1749=LINE('',#10243,#2643);
#1750=LINE('',#10244,#2644);
#1751=LINE('',#10247,#2645);
#1752=LINE('',#10249,#2646);
#1753=LINE('',#10250,#2647);
#1754=LINE('',#10254,#2648);
#1755=LINE('',#10256,#2649);
#1756=LINE('',#10258,#2650);
#1757=LINE('',#10259,#2651);
#1758=LINE('',#10262,#2652);
#1759=LINE('',#10264,#2653);
#1760=LINE('',#10265,#2654);
#1761=LINE('',#10269,#2655);
#1762=LINE('',#10271,#2656);
#1763=LINE('',#10273,#2657);
#1764=LINE('',#10274,#2658);
#1765=LINE('',#10277,#2659);
#1766=LINE('',#10279,#2660);
#1767=LINE('',#10280,#2661);
#1768=LINE('',#10283,#2662);
#1769=LINE('',#10285,#2663);
#1770=LINE('',#10286,#2664);
#1771=LINE('',#10287,#2665);
#1772=LINE('',#10291,#2666);
#1773=LINE('',#10293,#2667);
#1774=LINE('',#10295,#2668);
#1775=LINE('',#10296,#2669);
#1776=LINE('',#10300,#2670);
#1777=LINE('',#10306,#2671);
#1778=LINE('',#10309,#2672);
#1779=LINE('',#10311,#2673);
#1780=LINE('',#10312,#2674);
#1781=LINE('',#10313,#2675);
#1782=LINE('',#10319,#2676);
#1783=LINE('',#10322,#2677);
#1784=LINE('',#10323,#2678);
#1785=LINE('',#10325,#2679);
#1786=LINE('',#10326,#2680);
#1787=LINE('',#10329,#2681);
#1788=LINE('',#10331,#2682);
#1789=LINE('',#10332,#2683);
#1790=LINE('',#10336,#2684);
#1791=LINE('',#10338,#2685);
#1792=LINE('',#10340,#2686);
#1793=LINE('',#10341,#2687);
#1794=LINE('',#10344,#2688);
#1795=LINE('',#10346,#2689);
#1796=LINE('',#10347,#2690);
#1797=LINE('',#10351,#2691);
#1798=LINE('',#10353,#2692);
#1799=LINE('',#10355,#2693);
#1800=LINE('',#10356,#2694);
#1801=LINE('',#10359,#2695);
#1802=LINE('',#10361,#2696);
#1803=LINE('',#10362,#2697);
#1804=LINE('',#10366,#2698);
#1805=LINE('',#10368,#2699);
#1806=LINE('',#10370,#2700);
#1807=LINE('',#10371,#2701);
#1808=LINE('',#10374,#2702);
#1809=LINE('',#10376,#2703);
#1810=LINE('',#10377,#2704);
#1811=LINE('',#10381,#2705);
#1812=LINE('',#10383,#2706);
#1813=LINE('',#10385,#2707);
#1814=LINE('',#10386,#2708);
#1815=LINE('',#10389,#2709);
#1816=LINE('',#10391,#2710);
#1817=LINE('',#10392,#2711);
#1818=LINE('',#10396,#2712);
#1819=LINE('',#10398,#2713);
#1820=LINE('',#10400,#2714);
#1821=LINE('',#10401,#2715);
#1822=LINE('',#10404,#2716);
#1823=LINE('',#10406,#2717);
#1824=LINE('',#10407,#2718);
#1825=LINE('',#10411,#2719);
#1826=LINE('',#10413,#2720);
#1827=LINE('',#10415,#2721);
#1828=LINE('',#10416,#2722);
#1829=LINE('',#10419,#2723);
#1830=LINE('',#10421,#2724);
#1831=LINE('',#10422,#2725);
#1832=LINE('',#10426,#2726);
#1833=LINE('',#10428,#2727);
#1834=LINE('',#10430,#2728);
#1835=LINE('',#10431,#2729);
#1836=LINE('',#10434,#2730);
#1837=LINE('',#10436,#2731);
#1838=LINE('',#10437,#2732);
#1839=LINE('',#10441,#2733);
#1840=LINE('',#10443,#2734);
#1841=LINE('',#10445,#2735);
#1842=LINE('',#10446,#2736);
#1843=LINE('',#10450,#2737);
#1844=LINE('',#10452,#2738);
#1845=LINE('',#10454,#2739);
#1846=LINE('',#10455,#2740);
#1847=LINE('',#10458,#2741);
#1848=LINE('',#10460,#2742);
#1849=LINE('',#10461,#2743);
#1850=LINE('',#10465,#2744);
#1851=LINE('',#10467,#2745);
#1852=LINE('',#10469,#2746);
#1853=LINE('',#10470,#2747);
#1854=LINE('',#10473,#2748);
#1855=LINE('',#10475,#2749);
#1856=LINE('',#10476,#2750);
#1857=LINE('',#10479,#2751);
#1858=LINE('',#10481,#2752);
#1859=LINE('',#10482,#2753);
#1860=LINE('',#10485,#2754);
#1861=LINE('',#10487,#2755);
#1862=LINE('',#10488,#2756);
#1863=LINE('',#10491,#2757);
#1864=LINE('',#10493,#2758);
#1865=LINE('',#10494,#2759);
#1866=LINE('',#10497,#2760);
#1867=LINE('',#10499,#2761);
#1868=LINE('',#10500,#2762);
#1869=LINE('',#10504,#2763);
#1870=LINE('',#10506,#2764);
#1871=LINE('',#10508,#2765);
#1872=LINE('',#10509,#2766);
#1873=LINE('',#10512,#2767);
#1874=LINE('',#10514,#2768);
#1875=LINE('',#10515,#2769);
#1876=LINE('',#10519,#2770);
#1877=LINE('',#10525,#2771);
#1878=LINE('',#10528,#2772);
#1879=LINE('',#10532,#2773);
#1880=LINE('',#10534,#2774);
#1881=LINE('',#10535,#2775);
#1882=LINE('',#10538,#2776);
#1883=LINE('',#10540,#2777);
#1884=LINE('',#10541,#2778);
#1885=LINE('',#10543,#2779);
#1886=LINE('',#10544,#2780);
#1887=LINE('',#10546,#2781);
#1888=LINE('',#10548,#2782);
#1889=LINE('',#10549,#2783);
#1890=LINE('',#10552,#2784);
#1891=LINE('',#10553,#2785);
#1892=LINE('',#10555,#2786);
#1893=LINE('',#10556,#2787);
#1894=LINE('',#10558,#2788);
#1895=LINE('',#10559,#2789);
#1896=LINE('',#10560,#2790);
#1897=LINE('',#10563,#2791);
#1898=LINE('',#10564,#2792);
#1899=LINE('',#10565,#2793);
#1900=LINE('',#10567,#2794);
#1901=LINE('',#10568,#2795);
#1902=LINE('',#10570,#2796);
#1903=LINE('',#10571,#2797);
#1904=LINE('',#10573,#2798);
#1905=LINE('',#10574,#2799);
#1906=LINE('',#10576,#2800);
#1907=LINE('',#10577,#2801);
#1908=LINE('',#10579,#2802);
#1909=LINE('',#10580,#2803);
#1910=LINE('',#10582,#2804);
#1911=LINE('',#10583,#2805);
#1912=LINE('',#10585,#2806);
#1913=LINE('',#10586,#2807);
#1914=LINE('',#10588,#2808);
#1915=LINE('',#10589,#2809);
#1916=LINE('',#10591,#2810);
#1917=LINE('',#10592,#2811);
#1918=LINE('',#10594,#2812);
#1919=LINE('',#10595,#2813);
#1920=LINE('',#10597,#2814);
#1921=LINE('',#10598,#2815);
#1922=LINE('',#10600,#2816);
#1923=LINE('',#10601,#2817);
#1924=LINE('',#10603,#2818);
#1925=LINE('',#10604,#2819);
#1926=LINE('',#10606,#2820);
#1927=LINE('',#10607,#2821);
#1928=LINE('',#10609,#2822);
#1929=LINE('',#10610,#2823);
#1930=LINE('',#10612,#2824);
#1931=LINE('',#10613,#2825);
#1932=LINE('',#10615,#2826);
#1933=LINE('',#10616,#2827);
#1934=LINE('',#10618,#2828);
#1935=LINE('',#10619,#2829);
#1936=LINE('',#10621,#2830);
#1937=LINE('',#10622,#2831);
#1938=LINE('',#10624,#2832);
#1939=LINE('',#10625,#2833);
#1940=LINE('',#10627,#2834);
#1941=LINE('',#10628,#2835);
#1942=LINE('',#10630,#2836);
#1943=LINE('',#10631,#2837);
#1944=LINE('',#10633,#2838);
#1945=LINE('',#10634,#2839);
#1946=LINE('',#10636,#2840);
#1947=LINE('',#10637,#2841);
#1948=LINE('',#10639,#2842);
#1949=LINE('',#10640,#2843);
#1950=LINE('',#10642,#2844);
#1951=LINE('',#10643,#2845);
#1952=LINE('',#10645,#2846);
#1953=LINE('',#10646,#2847);
#1954=LINE('',#10648,#2848);
#1955=LINE('',#10649,#2849);
#1956=LINE('',#10651,#2850);
#1957=LINE('',#10652,#2851);
#1958=LINE('',#10654,#2852);
#1959=LINE('',#10655,#2853);
#1960=LINE('',#10657,#2854);
#1961=LINE('',#10658,#2855);
#1962=LINE('',#10660,#2856);
#1963=LINE('',#10661,#2857);
#1964=LINE('',#10663,#2858);
#1965=LINE('',#10664,#2859);
#1966=LINE('',#10667,#2860);
#1967=LINE('',#10668,#2861);
#1968=LINE('',#10669,#2862);
#1969=LINE('',#10671,#2863);
#1970=LINE('',#10672,#2864);
#1971=LINE('',#10675,#2865);
#1972=LINE('',#10676,#2866);
#1973=LINE('',#10677,#2867);
#1974=LINE('',#10679,#2868);
#1975=LINE('',#10680,#2869);
#1976=LINE('',#10682,#2870);
#1977=LINE('',#10683,#2871);
#1978=LINE('',#10685,#2872);
#1979=LINE('',#10687,#2873);
#1980=LINE('',#10688,#2874);
#1981=LINE('',#10690,#2875);
#1982=LINE('',#10691,#2876);
#1983=LINE('',#10694,#2877);
#1984=LINE('',#10695,#2878);
#1985=LINE('',#10696,#2879);
#1986=LINE('',#10698,#2880);
#1987=LINE('',#10699,#2881);
#1988=LINE('',#10701,#2882);
#1989=LINE('',#10702,#2883);
#1990=LINE('',#10704,#2884);
#1991=LINE('',#10705,#2885);
#1992=LINE('',#10708,#2886);
#1993=LINE('',#10710,#2887);
#1994=LINE('',#10711,#2888);
#1995=LINE('',#10713,#2889);
#1996=LINE('',#10714,#2890);
#1997=LINE('',#10716,#2891);
#1998=LINE('',#10717,#2892);
#1999=LINE('',#10720,#2893);
#2000=LINE('',#10721,#2894);
#2001=LINE('',#10723,#2895);
#2002=LINE('',#10725,#2896);
#2003=LINE('',#10728,#2897);
#2004=LINE('',#10729,#2898);
#2005=LINE('',#10732,#2899);
#2006=LINE('',#10733,#2900);
#2007=LINE('',#10736,#2901);
#2008=LINE('',#10737,#2902);
#2009=LINE('',#10739,#2903);
#2010=LINE('',#10741,#2904);
#2011=LINE('',#10744,#2905);
#2012=LINE('',#10745,#2906);
#2013=LINE('',#10748,#2907);
#2014=LINE('',#10749,#2908);
#2015=LINE('',#10752,#2909);
#2016=LINE('',#10753,#2910);
#2017=LINE('',#10756,#2911);
#2018=LINE('',#10757,#2912);
#2019=LINE('',#10759,#2913);
#2020=LINE('',#10761,#2914);
#2021=LINE('',#10764,#2915);
#2022=LINE('',#10765,#2916);
#2023=LINE('',#10767,#2917);
#2024=LINE('',#10769,#2918);
#2025=LINE('',#10771,#2919);
#2026=LINE('',#10774,#2920);
#2027=LINE('',#10775,#2921);
#2028=LINE('',#10778,#2922);
#2029=LINE('',#10779,#2923);
#2030=LINE('',#10782,#2924);
#2031=LINE('',#10783,#2925);
#2032=LINE('',#10786,#2926);
#2033=LINE('',#10787,#2927);
#2034=LINE('',#10789,#2928);
#2035=LINE('',#10791,#2929);
#2036=LINE('',#10793,#2930);
#2037=LINE('',#10796,#2931);
#2038=LINE('',#10797,#2932);
#2039=LINE('',#10800,#2933);
#2040=LINE('',#10801,#2934);
#2041=LINE('',#10803,#2935);
#2042=LINE('',#10805,#2936);
#2043=LINE('',#10808,#2937);
#2044=LINE('',#10809,#2938);
#2045=LINE('',#10812,#2939);
#2046=LINE('',#10813,#2940);
#2047=LINE('',#10815,#2941);
#2048=LINE('',#10817,#2942);
#2049=LINE('',#10820,#2943);
#2050=LINE('',#10821,#2944);
#2051=LINE('',#10824,#2945);
#2052=LINE('',#10825,#2946);
#2053=LINE('',#10827,#2947);
#2054=LINE('',#10829,#2948);
#2055=LINE('',#10832,#2949);
#2056=LINE('',#10833,#2950);
#2057=LINE('',#10836,#2951);
#2058=LINE('',#10837,#2952);
#2059=LINE('',#10840,#2953);
#2060=LINE('',#10841,#2954);
#2061=LINE('',#10843,#2955);
#2062=LINE('',#10845,#2956);
#2063=LINE('',#10848,#2957);
#2064=LINE('',#10849,#2958);
#2065=LINE('',#10851,#2959);
#2066=LINE('',#10853,#2960);
#2067=LINE('',#10856,#2961);
#2068=LINE('',#10857,#2962);
#2069=LINE('',#10860,#2963);
#2070=LINE('',#10861,#2964);
#2071=LINE('',#10864,#2965);
#2072=LINE('',#10865,#2966);
#2073=LINE('',#10867,#2967);
#2074=LINE('',#10869,#2968);
#2075=LINE('',#10871,#2969);
#2076=LINE('',#10873,#2970);
#2077=LINE('',#10875,#2971);
#2078=LINE('',#10877,#2972);
#2079=LINE('',#10879,#2973);
#2080=LINE('',#10881,#2974);
#2081=LINE('',#10884,#2975);
#2082=LINE('',#10885,#2976);
#2083=LINE('',#10888,#2977);
#2084=LINE('',#10889,#2978);
#2085=LINE('',#10892,#2979);
#2086=LINE('',#10893,#2980);
#2087=LINE('',#10895,#2981);
#2088=LINE('',#10897,#2982);
#2089=LINE('',#10900,#2983);
#2090=LINE('',#10901,#2984);
#2091=LINE('',#10904,#2985);
#2092=LINE('',#10905,#2986);
#2093=LINE('',#10907,#2987);
#2094=LINE('',#10912,#2988);
#2095=LINE('',#10913,#2989);
#2096=LINE('',#10916,#2990);
#2097=LINE('',#10917,#2991);
#2098=LINE('',#10920,#2992);
#2099=LINE('',#10921,#2993);
#2100=LINE('',#10923,#2994);
#2101=LINE('',#10925,#2995);
#2102=LINE('',#10927,#2996);
#2103=LINE('',#10930,#2997);
#2104=LINE('',#10931,#2998);
#2105=LINE('',#10933,#2999);
#2106=LINE('',#10936,#3000);
#2107=LINE('',#10937,#3001);
#2108=LINE('',#10940,#3002);
#2109=LINE('',#10941,#3003);
#2110=LINE('',#10944,#3004);
#2111=LINE('',#10945,#3005);
#2112=LINE('',#10947,#3006);
#2113=LINE('',#10949,#3007);
#2114=LINE('',#10951,#3008);
#2115=LINE('',#10954,#3009);
#2116=LINE('',#10955,#3010);
#2117=LINE('',#10958,#3011);
#2118=LINE('',#10959,#3012);
#2119=LINE('',#10962,#3013);
#2120=LINE('',#10963,#3014);
#2121=LINE('',#10965,#3015);
#2122=LINE('',#10967,#3016);
#2123=LINE('',#10970,#3017);
#2124=LINE('',#10971,#3018);
#2125=LINE('',#10973,#3019);
#2126=LINE('',#10975,#3020);
#2127=LINE('',#10977,#3021);
#2128=LINE('',#10979,#3022);
#2129=LINE('',#10982,#3023);
#2130=LINE('',#10986,#3024);
#2131=LINE('',#10987,#3025);
#2132=LINE('',#10990,#3026);
#2133=LINE('',#10991,#3027);
#2134=LINE('',#10994,#3028);
#2135=LINE('',#10995,#3029);
#2136=LINE('',#10997,#3030);
#2137=LINE('',#11000,#3031);
#2138=LINE('',#11001,#3032);
#2139=LINE('',#11004,#3033);
#2140=LINE('',#11005,#3034);
#2141=LINE('',#11007,#3035);
#2142=LINE('',#11010,#3036);
#2143=LINE('',#11011,#3037);
#2144=LINE('',#11013,#3038);
#2145=LINE('',#11016,#3039);
#2146=LINE('',#11017,#3040);
#2147=LINE('',#11019,#3041);
#2148=LINE('',#11022,#3042);
#2149=LINE('',#11023,#3043);
#2150=LINE('',#11026,#3044);
#2151=LINE('',#11027,#3045);
#2152=LINE('',#11029,#3046);
#2153=LINE('',#11031,#3047);
#2154=LINE('',#11034,#3048);
#2155=LINE('',#11035,#3049);
#2156=LINE('',#11038,#3050);
#2157=LINE('',#11039,#3051);
#2158=LINE('',#11042,#3052);
#2159=LINE('',#11043,#3053);
#2160=LINE('',#11045,#3054);
#2161=LINE('',#11047,#3055);
#2162=LINE('',#11049,#3056);
#2163=LINE('',#11051,#3057);
#2164=LINE('',#11054,#3058);
#2165=LINE('',#11055,#3059);
#2166=LINE('',#11057,#3060);
#2167=LINE('',#11118,#3061);
#2168=LINE('',#11120,#3062);
#2169=LINE('',#11122,#3063);
#2170=LINE('',#11124,#3064);
#2171=LINE('',#11126,#3065);
#2172=LINE('',#11128,#3066);
#2173=LINE('',#11130,#3067);
#2174=LINE('',#11132,#3068);
#2175=LINE('',#11134,#3069);
#2176=LINE('',#11135,#3070);
#2177=LINE('',#11141,#3071);
#2178=LINE('',#11143,#3072);
#2179=LINE('',#11145,#3073);
#2180=LINE('',#11146,#3074);
#2181=LINE('',#11150,#3075);
#2182=LINE('',#11152,#3076);
#2183=LINE('',#11154,#3077);
#2184=LINE('',#11155,#3078);
#2185=LINE('',#11159,#3079);
#2186=LINE('',#11161,#3080);
#2187=LINE('',#11163,#3081);
#2188=LINE('',#11164,#3082);
#2189=LINE('',#11167,#3083);
#2190=LINE('',#11169,#3084);
#2191=LINE('',#11170,#3085);
#2192=LINE('',#11175,#3086);
#2193=LINE('',#11180,#3087);
#2194=LINE('',#11184,#3088);
#2195=LINE('',#11185,#3089);
#2196=LINE('',#11188,#3090);
#2197=LINE('',#11190,#3091);
#2198=LINE('',#11191,#3092);
#2199=LINE('',#11194,#3093);
#2200=LINE('',#11196,#3094);
#2201=LINE('',#11197,#3095);
#2202=LINE('',#11202,#3096);
#2203=LINE('',#11207,#3097);
#2204=LINE('',#11211,#3098);
#2205=LINE('',#11212,#3099);
#2206=LINE('',#11215,#3100);
#2207=LINE('',#11217,#3101);
#2208=LINE('',#11218,#3102);
#2209=LINE('',#11221,#3103);
#2210=LINE('',#11223,#3104);
#2211=LINE('',#11224,#3105);
#2212=LINE('',#11231,#3106);
#2213=LINE('',#11233,#3107);
#2214=LINE('',#11235,#3108);
#2215=LINE('',#11237,#3109);
#2216=LINE('',#11239,#3110);
#2217=LINE('',#11241,#3111);
#2218=LINE('',#11243,#3112);
#2219=LINE('',#11245,#3113);
#2220=LINE('',#11247,#3114);
#2221=LINE('',#11248,#3115);
#2222=LINE('',#11251,#3116);
#2223=LINE('',#11255,#3117);
#2224=LINE('',#11262,#3118);
#2225=LINE('',#11268,#3119);
#2226=LINE('',#11269,#3120);
#2227=LINE('',#11270,#3121);
#2228=LINE('',#11273,#3122);
#2229=LINE('',#11274,#3123);
#2230=LINE('',#11277,#3124);
#2231=LINE('',#11278,#3125);
#2232=LINE('',#11281,#3126);
#2233=LINE('',#11282,#3127);
#2234=LINE('',#11285,#3128);
#2235=LINE('',#11286,#3129);
#2236=LINE('',#11289,#3130);
#2237=LINE('',#11290,#3131);
#2238=LINE('',#11293,#3132);
#2239=LINE('',#11294,#3133);
#2240=LINE('',#11297,#3134);
#2241=LINE('',#11298,#3135);
#2242=LINE('',#11301,#3136);
#2243=LINE('',#11302,#3137);
#2244=LINE('',#11304,#3138);
#2245=LINE('',#11308,#3139);
#2246=LINE('',#11310,#3140);
#2247=LINE('',#11312,#3141);
#2248=LINE('',#11314,#3142);
#2249=LINE('',#11316,#3143);
#2250=LINE('',#11318,#3144);
#2251=LINE('',#11320,#3145);
#2252=LINE('',#11322,#3146);
#2253=LINE('',#11324,#3147);
#2254=LINE('',#11325,#3148);
#2255=LINE('',#11328,#3149);
#2256=LINE('',#11331,#3150);
#2257=LINE('',#11332,#3151);
#2258=LINE('',#11334,#3152);
#2259=LINE('',#11336,#3153);
#2260=LINE('',#11338,#3154);
#2261=LINE('',#11340,#3155);
#2262=LINE('',#11342,#3156);
#2263=LINE('',#11344,#3157);
#2264=LINE('',#11346,#3158);
#2265=LINE('',#11348,#3159);
#2266=VECTOR('',#7563,10.);
#2267=VECTOR('',#7566,10.);
#2268=VECTOR('',#7571,10.);
#2269=VECTOR('',#7572,10.);
#2270=VECTOR('',#7577,10.);
#2271=VECTOR('',#7578,10.);
#2272=VECTOR('',#7583,10.);
#2273=VECTOR('',#7586,10.);
#2274=VECTOR('',#7591,10.);
#2275=VECTOR('',#7592,10.);
#2276=VECTOR('',#7595,10.);
#2277=VECTOR('',#7596,10.);
#2278=VECTOR('',#7597,10.);
#2279=VECTOR('',#7598,10.);
#2280=VECTOR('',#7601,10.);
#2281=VECTOR('',#7602,10.);
#2282=VECTOR('',#7603,10.);
#2283=VECTOR('',#7606,10.);
#2284=VECTOR('',#7607,10.);
#2285=VECTOR('',#7608,10.);
#2286=VECTOR('',#7609,10.);
#2287=VECTOR('',#7610,10.);
#2288=VECTOR('',#7615,10.);
#2289=VECTOR('',#7618,10.);
#2290=VECTOR('',#7621,10.);
#2291=VECTOR('',#7622,10.);
#2292=VECTOR('',#7623,10.);
#2293=VECTOR('',#7626,10.);
#2294=VECTOR('',#7627,10.);
#2295=VECTOR('',#7628,10.);
#2296=VECTOR('',#7629,10.);
#2297=VECTOR('',#7630,10.);
#2298=VECTOR('',#7631,10.);
#2299=VECTOR('',#7632,10.);
#2300=VECTOR('',#7633,10.);
#2301=VECTOR('',#7634,10.);
#2302=VECTOR('',#7635,10.);
#2303=VECTOR('',#7636,10.);
#2304=VECTOR('',#7639,10.);
#2305=VECTOR('',#7640,10.);
#2306=VECTOR('',#7643,10.);
#2307=VECTOR('',#7644,10.);
#2308=VECTOR('',#7649,10.);
#2309=VECTOR('',#7652,10.);
#2310=VECTOR('',#7655,10.);
#2311=VECTOR('',#7658,10.);
#2312=VECTOR('',#7659,10.);
#2313=VECTOR('',#7664,10.);
#2314=VECTOR('',#7667,10.);
#2315=VECTOR('',#7670,10.);
#2316=VECTOR('',#7673,10.);
#2317=VECTOR('',#7676,10.);
#2318=VECTOR('',#7677,10.);
#2319=VECTOR('',#7680,10.);
#2320=VECTOR('',#7687,10.);
#2321=VECTOR('',#7688,10.);
#2322=VECTOR('',#7689,10.);
#2323=VECTOR('',#7694,10.);
#2324=VECTOR('',#7695,10.);
#2325=VECTOR('',#7696,10.);
#2326=VECTOR('',#7699,10.);
#2327=VECTOR('',#7702,10.);
#2328=VECTOR('',#7705,10.);
#2329=VECTOR('',#7706,10.);
#2330=VECTOR('',#7709,10.);
#2331=VECTOR('',#7712,10.);
#2332=VECTOR('',#7713,10.);
#2333=VECTOR('',#7714,10.);
#2334=VECTOR('',#7717,10.);
#2335=VECTOR('',#7718,10.);
#2336=VECTOR('',#7721,10.);
#2337=VECTOR('',#7722,10.);
#2338=VECTOR('',#7725,10.);
#2339=VECTOR('',#7726,10.);
#2340=VECTOR('',#7729,10.);
#2341=VECTOR('',#7730,10.);
#2342=VECTOR('',#7733,10.);
#2343=VECTOR('',#7734,10.);
#2344=VECTOR('',#7737,10.);
#2345=VECTOR('',#7740,10.);
#2346=VECTOR('',#7741,10.);
#2347=VECTOR('',#7742,10.);
#2348=VECTOR('',#7745,10.);
#2349=VECTOR('',#7748,4.00000005960464);
#2350=VECTOR('',#7753,10.);
#2351=VECTOR('',#7754,10.);
#2352=VECTOR('',#7761,10.);
#2353=VECTOR('',#7764,10.);
#2354=VECTOR('',#7767,10.);
#2355=VECTOR('',#7768,10.);
#2356=VECTOR('',#7773,10.);
#2357=VECTOR('',#7776,10.);
#2358=VECTOR('',#7781,10.);
#2359=VECTOR('',#7782,10.);
#2360=VECTOR('',#7783,10.);
#2361=VECTOR('',#7784,10.);
#2362=VECTOR('',#7787,10.);
#2363=VECTOR('',#7788,10.);
#2364=VECTOR('',#7789,10.);
#2365=VECTOR('',#7792,10.);
#2366=VECTOR('',#7793,10.);
#2367=VECTOR('',#7794,10.);
#2368=VECTOR('',#7797,10.);
#2369=VECTOR('',#7798,10.);
#2370=VECTOR('',#7807,7.25);
#2371=VECTOR('',#7816,7.25);
#2372=VECTOR('',#7825,10.0000001490116);
#2373=VECTOR('',#7834,10.);
#2374=VECTOR('',#7835,10.);
#2375=VECTOR('',#7836,10.);
#2376=VECTOR('',#7837,10.);
#2377=VECTOR('',#7840,10.);
#2378=VECTOR('',#7841,10.);
#2379=VECTOR('',#7842,10.);
#2380=VECTOR('',#7843,10.);
#2381=VECTOR('',#7846,10.);
#2382=VECTOR('',#7847,10.);
#2383=VECTOR('',#7848,10.);
#2384=VECTOR('',#7851,10.);
#2385=VECTOR('',#7852,10.);
#2386=VECTOR('',#7853,10.);
#2387=VECTOR('',#7854,10.);
#2388=VECTOR('',#7861,10.);
#2389=VECTOR('',#7864,10.);
#2390=VECTOR('',#7865,10.);
#2391=VECTOR('',#7866,10.);
#2392=VECTOR('',#7867,10.);
#2393=VECTOR('',#7870,10.);
#2394=VECTOR('',#7871,10.);
#2395=VECTOR('',#7872,10.);
#2396=VECTOR('',#7875,10.);
#2397=VECTOR('',#7876,10.);
#2398=VECTOR('',#7877,10.);
#2399=VECTOR('',#7878,10.);
#2400=VECTOR('',#7881,10.);
#2401=VECTOR('',#7882,10.);
#2402=VECTOR('',#7883,10.);
#2403=VECTOR('',#7886,10.);
#2404=VECTOR('',#7887,10.);
#2405=VECTOR('',#7888,10.);
#2406=VECTOR('',#7891,10.);
#2407=VECTOR('',#7892,10.);
#2408=VECTOR('',#7893,10.);
#2409=VECTOR('',#7896,10.);
#2410=VECTOR('',#7897,10.);
#2411=VECTOR('',#7898,10.);
#2412=VECTOR('',#7901,10.);
#2413=VECTOR('',#7902,10.);
#2414=VECTOR('',#7903,10.);
#2415=VECTOR('',#7906,10.);
#2416=VECTOR('',#7907,10.);
#2417=VECTOR('',#7908,10.);
#2418=VECTOR('',#7909,10.);
#2419=VECTOR('',#7912,10.);
#2420=VECTOR('',#7913,10.);
#2421=VECTOR('',#7914,10.);
#2422=VECTOR('',#7917,10.);
#2423=VECTOR('',#7918,10.);
#2424=VECTOR('',#7919,10.);
#2425=VECTOR('',#7920,10.);
#2426=VECTOR('',#7923,10.);
#2427=VECTOR('',#7924,10.);
#2428=VECTOR('',#7925,10.);
#2429=VECTOR('',#7928,10.);
#2430=VECTOR('',#7929,10.);
#2431=VECTOR('',#7930,10.);
#2432=VECTOR('',#7931,10.);
#2433=VECTOR('',#7934,10.);
#2434=VECTOR('',#7935,10.);
#2435=VECTOR('',#7936,10.);
#2436=VECTOR('',#7939,10.);
#2437=VECTOR('',#7940,10.);
#2438=VECTOR('',#7941,10.);
#2439=VECTOR('',#7942,10.);
#2440=VECTOR('',#7945,10.);
#2441=VECTOR('',#7946,10.);
#2442=VECTOR('',#7947,10.);
#2443=VECTOR('',#7950,10.);
#2444=VECTOR('',#7951,10.);
#2445=VECTOR('',#7952,10.);
#2446=VECTOR('',#7953,10.);
#2447=VECTOR('',#7956,10.);
#2448=VECTOR('',#7957,10.);
#2449=VECTOR('',#7958,10.);
#2450=VECTOR('',#7961,10.);
#2451=VECTOR('',#7962,10.);
#2452=VECTOR('',#7963,10.);
#2453=VECTOR('',#7964,10.);
#2454=VECTOR('',#7967,10.);
#2455=VECTOR('',#7968,10.);
#2456=VECTOR('',#7969,10.);
#2457=VECTOR('',#7972,10.);
#2458=VECTOR('',#7973,10.);
#2459=VECTOR('',#7974,10.);
#2460=VECTOR('',#7975,10.);
#2461=VECTOR('',#7978,10.);
#2462=VECTOR('',#7979,10.);
#2463=VECTOR('',#7980,10.);
#2464=VECTOR('',#7983,10.);
#2465=VECTOR('',#7984,10.);
#2466=VECTOR('',#7985,10.);
#2467=VECTOR('',#7986,10.);
#2468=VECTOR('',#7989,10.);
#2469=VECTOR('',#7990,10.);
#2470=VECTOR('',#7991,10.);
#2471=VECTOR('',#7994,10.);
#2472=VECTOR('',#7995,10.);
#2473=VECTOR('',#7996,10.);
#2474=VECTOR('',#7997,10.);
#2475=VECTOR('',#8000,10.);
#2476=VECTOR('',#8001,10.);
#2477=VECTOR('',#8002,10.);
#2478=VECTOR('',#8005,10.);
#2479=VECTOR('',#8006,10.);
#2480=VECTOR('',#8007,10.);
#2481=VECTOR('',#8008,10.);
#2482=VECTOR('',#8011,10.);
#2483=VECTOR('',#8012,10.);
#2484=VECTOR('',#8013,10.);
#2485=VECTOR('',#8016,10.);
#2486=VECTOR('',#8017,10.);
#2487=VECTOR('',#8018,10.);
#2488=VECTOR('',#8019,10.);
#2489=VECTOR('',#8022,10.);
#2490=VECTOR('',#8023,10.);
#2491=VECTOR('',#8024,10.);
#2492=VECTOR('',#8027,10.);
#2493=VECTOR('',#8028,10.);
#2494=VECTOR('',#8029,10.);
#2495=VECTOR('',#8030,10.);
#2496=VECTOR('',#8033,10.);
#2497=VECTOR('',#8034,10.);
#2498=VECTOR('',#8035,10.);
#2499=VECTOR('',#8038,10.);
#2500=VECTOR('',#8039,10.);
#2501=VECTOR('',#8040,10.);
#2502=VECTOR('',#8041,10.);
#2503=VECTOR('',#8044,10.);
#2504=VECTOR('',#8045,10.);
#2505=VECTOR('',#8046,10.);
#2506=VECTOR('',#8049,10.);
#2507=VECTOR('',#8050,10.);
#2508=VECTOR('',#8051,10.);
#2509=VECTOR('',#8052,10.);
#2510=VECTOR('',#8055,10.);
#2511=VECTOR('',#8056,10.);
#2512=VECTOR('',#8057,10.);
#2513=VECTOR('',#8060,10.);
#2514=VECTOR('',#8061,10.);
#2515=VECTOR('',#8062,10.);
#2516=VECTOR('',#8063,10.);
#2517=VECTOR('',#8066,10.);
#2518=VECTOR('',#8067,10.);
#2519=VECTOR('',#8068,10.);
#2520=VECTOR('',#8071,10.);
#2521=VECTOR('',#8072,10.);
#2522=VECTOR('',#8073,10.);
#2523=VECTOR('',#8074,10.);
#2524=VECTOR('',#8077,10.);
#2525=VECTOR('',#8078,10.);
#2526=VECTOR('',#8079,10.);
#2527=VECTOR('',#8080,10.);
#2528=VECTOR('',#8083,10.);
#2529=VECTOR('',#8084,10.);
#2530=VECTOR('',#8085,10.);
#2531=VECTOR('',#8086,10.);
#2532=VECTOR('',#8089,10.);
#2533=VECTOR('',#8090,10.);
#2534=VECTOR('',#8091,10.);
#2535=VECTOR('',#8092,10.);
#2536=VECTOR('',#8095,10.);
#2537=VECTOR('',#8096,10.);
#2538=VECTOR('',#8097,10.);
#2539=VECTOR('',#8100,10.);
#2540=VECTOR('',#8101,10.);
#2541=VECTOR('',#8102,10.);
#2542=VECTOR('',#8103,10.);
#2543=VECTOR('',#8106,10.);
#2544=VECTOR('',#8107,10.);
#2545=VECTOR('',#8108,10.);
#2546=VECTOR('',#8109,10.);
#2547=VECTOR('',#8112,10.);
#2548=VECTOR('',#8113,10.);
#2549=VECTOR('',#8114,10.);
#2550=VECTOR('',#8117,10.);
#2551=VECTOR('',#8118,10.);
#2552=VECTOR('',#8119,10.);
#2553=VECTOR('',#8120,10.);
#2554=VECTOR('',#8123,10.);
#2555=VECTOR('',#8124,10.);
#2556=VECTOR('',#8125,10.);
#2557=VECTOR('',#8128,10.);
#2558=VECTOR('',#8129,10.);
#2559=VECTOR('',#8130,10.);
#2560=VECTOR('',#8131,10.);
#2561=VECTOR('',#8134,10.);
#2562=VECTOR('',#8135,10.);
#2563=VECTOR('',#8136,10.);
#2564=VECTOR('',#8139,10.);
#2565=VECTOR('',#8140,10.);
#2566=VECTOR('',#8141,10.);
#2567=VECTOR('',#8142,10.);
#2568=VECTOR('',#8145,10.);
#2569=VECTOR('',#8146,10.);
#2570=VECTOR('',#8147,10.);
#2571=VECTOR('',#8150,10.);
#2572=VECTOR('',#8151,10.);
#2573=VECTOR('',#8152,10.);
#2574=VECTOR('',#8153,10.);
#2575=VECTOR('',#8156,10.);
#2576=VECTOR('',#8157,10.);
#2577=VECTOR('',#8158,10.);
#2578=VECTOR('',#8161,10.);
#2579=VECTOR('',#8162,10.);
#2580=VECTOR('',#8163,10.);
#2581=VECTOR('',#8164,10.);
#2582=VECTOR('',#8167,10.);
#2583=VECTOR('',#8168,10.);
#2584=VECTOR('',#8169,10.);
#2585=VECTOR('',#8172,10.);
#2586=VECTOR('',#8173,10.);
#2587=VECTOR('',#8174,10.);
#2588=VECTOR('',#8175,10.);
#2589=VECTOR('',#8178,10.);
#2590=VECTOR('',#8179,10.);
#2591=VECTOR('',#8180,10.);
#2592=VECTOR('',#8185,10.);
#2593=VECTOR('',#8188,10.);
#2594=VECTOR('',#8191,10.);
#2595=VECTOR('',#8192,10.);
#2596=VECTOR('',#8193,10.);
#2597=VECTOR('',#8194,10.);
#2598=VECTOR('',#8197,10.);
#2599=VECTOR('',#8198,10.);
#2600=VECTOR('',#8199,10.);
#2601=VECTOR('',#8200,10.);
#2602=VECTOR('',#8203,10.);
#2603=VECTOR('',#8204,10.);
#2604=VECTOR('',#8205,10.);
#2605=VECTOR('',#8206,10.);
#2606=VECTOR('',#8209,10.);
#2607=VECTOR('',#8210,10.);
#2608=VECTOR('',#8211,10.);
#2609=VECTOR('',#8214,10.);
#2610=VECTOR('',#8215,10.);
#2611=VECTOR('',#8216,10.);
#2612=VECTOR('',#8217,10.);
#2613=VECTOR('',#8220,10.);
#2614=VECTOR('',#8221,10.);
#2615=VECTOR('',#8222,10.);
#2616=VECTOR('',#8223,10.);
#2617=VECTOR('',#8226,10.);
#2618=VECTOR('',#8227,10.);
#2619=VECTOR('',#8228,10.);
#2620=VECTOR('',#8231,10.);
#2621=VECTOR('',#8232,10.);
#2622=VECTOR('',#8233,10.);
#2623=VECTOR('',#8234,10.);
#2624=VECTOR('',#8237,10.);
#2625=VECTOR('',#8238,10.);
#2626=VECTOR('',#8239,10.);
#2627=VECTOR('',#8242,10.);
#2628=VECTOR('',#8243,10.);
#2629=VECTOR('',#8244,10.);
#2630=VECTOR('',#8245,10.);
#2631=VECTOR('',#8248,10.);
#2632=VECTOR('',#8249,10.);
#2633=VECTOR('',#8250,10.);
#2634=VECTOR('',#8253,10.);
#2635=VECTOR('',#8254,10.);
#2636=VECTOR('',#8255,10.);
#2637=VECTOR('',#8256,10.);
#2638=VECTOR('',#8259,10.);
#2639=VECTOR('',#8260,10.);
#2640=VECTOR('',#8261,10.);
#2641=VECTOR('',#8264,10.);
#2642=VECTOR('',#8265,10.);
#2643=VECTOR('',#8266,10.);
#2644=VECTOR('',#8267,10.);
#2645=VECTOR('',#8270,10.);
#2646=VECTOR('',#8271,10.);
#2647=VECTOR('',#8272,10.);
#2648=VECTOR('',#8275,10.);
#2649=VECTOR('',#8276,10.);
#2650=VECTOR('',#8277,10.);
#2651=VECTOR('',#8278,10.);
#2652=VECTOR('',#8281,10.);
#2653=VECTOR('',#8282,10.);
#2654=VECTOR('',#8283,10.);
#2655=VECTOR('',#8286,10.);
#2656=VECTOR('',#8287,10.);
#2657=VECTOR('',#8288,10.);
#2658=VECTOR('',#8289,10.);
#2659=VECTOR('',#8292,10.);
#2660=VECTOR('',#8293,10.);
#2661=VECTOR('',#8294,10.);
#2662=VECTOR('',#8297,10.);
#2663=VECTOR('',#8298,10.);
#2664=VECTOR('',#8299,10.);
#2665=VECTOR('',#8300,10.);
#2666=VECTOR('',#8303,10.);
#2667=VECTOR('',#8304,10.);
#2668=VECTOR('',#8305,10.);
#2669=VECTOR('',#8306,10.);
#2670=VECTOR('',#8313,10.);
#2671=VECTOR('',#8320,10.);
#2672=VECTOR('',#8323,10.);
#2673=VECTOR('',#8324,10.);
#2674=VECTOR('',#8325,10.);
#2675=VECTOR('',#8326,10.);
#2676=VECTOR('',#8333,10.);
#2677=VECTOR('',#8336,10.);
#2678=VECTOR('',#8337,10.);
#2679=VECTOR('',#8338,10.);
#2680=VECTOR('',#8339,10.);
#2681=VECTOR('',#8342,10.);
#2682=VECTOR('',#8343,10.);
#2683=VECTOR('',#8344,10.);
#2684=VECTOR('',#8347,10.);
#2685=VECTOR('',#8348,10.);
#2686=VECTOR('',#8349,10.);
#2687=VECTOR('',#8350,10.);
#2688=VECTOR('',#8353,10.);
#2689=VECTOR('',#8354,10.);
#2690=VECTOR('',#8355,10.);
#2691=VECTOR('',#8358,10.);
#2692=VECTOR('',#8359,10.);
#2693=VECTOR('',#8360,10.);
#2694=VECTOR('',#8361,10.);
#2695=VECTOR('',#8364,10.);
#2696=VECTOR('',#8365,10.);
#2697=VECTOR('',#8366,10.);
#2698=VECTOR('',#8369,10.);
#2699=VECTOR('',#8370,10.);
#2700=VECTOR('',#8371,10.);
#2701=VECTOR('',#8372,10.);
#2702=VECTOR('',#8375,10.);
#2703=VECTOR('',#8376,10.);
#2704=VECTOR('',#8377,10.);
#2705=VECTOR('',#8380,10.);
#2706=VECTOR('',#8381,10.);
#2707=VECTOR('',#8382,10.);
#2708=VECTOR('',#8383,10.);
#2709=VECTOR('',#8386,10.);
#2710=VECTOR('',#8387,10.);
#2711=VECTOR('',#8388,10.);
#2712=VECTOR('',#8391,10.);
#2713=VECTOR('',#8392,10.);
#2714=VECTOR('',#8393,10.);
#2715=VECTOR('',#8394,10.);
#2716=VECTOR('',#8397,10.);
#2717=VECTOR('',#8398,10.);
#2718=VECTOR('',#8399,10.);
#2719=VECTOR('',#8402,10.);
#2720=VECTOR('',#8403,10.);
#2721=VECTOR('',#8404,10.);
#2722=VECTOR('',#8405,10.);
#2723=VECTOR('',#8408,10.);
#2724=VECTOR('',#8409,10.);
#2725=VECTOR('',#8410,10.);
#2726=VECTOR('',#8413,10.);
#2727=VECTOR('',#8414,10.);
#2728=VECTOR('',#8415,10.);
#2729=VECTOR('',#8416,10.);
#2730=VECTOR('',#8419,10.);
#2731=VECTOR('',#8420,10.);
#2732=VECTOR('',#8421,10.);
#2733=VECTOR('',#8424,10.);
#2734=VECTOR('',#8425,10.);
#2735=VECTOR('',#8426,10.);
#2736=VECTOR('',#8427,10.);
#2737=VECTOR('',#8430,10.);
#2738=VECTOR('',#8431,10.);
#2739=VECTOR('',#8432,10.);
#2740=VECTOR('',#8433,10.);
#2741=VECTOR('',#8436,10.);
#2742=VECTOR('',#8437,10.);
#2743=VECTOR('',#8438,10.);
#2744=VECTOR('',#8441,10.);
#2745=VECTOR('',#8442,10.);
#2746=VECTOR('',#8443,10.);
#2747=VECTOR('',#8444,10.);
#2748=VECTOR('',#8447,10.);
#2749=VECTOR('',#8448,10.);
#2750=VECTOR('',#8449,10.);
#2751=VECTOR('',#8452,10.);
#2752=VECTOR('',#8453,10.);
#2753=VECTOR('',#8454,10.);
#2754=VECTOR('',#8457,10.);
#2755=VECTOR('',#8458,10.);
#2756=VECTOR('',#8459,10.);
#2757=VECTOR('',#8462,10.);
#2758=VECTOR('',#8463,10.);
#2759=VECTOR('',#8464,10.);
#2760=VECTOR('',#8467,10.);
#2761=VECTOR('',#8468,10.);
#2762=VECTOR('',#8469,10.);
#2763=VECTOR('',#8472,10.);
#2764=VECTOR('',#8473,10.);
#2765=VECTOR('',#8474,10.);
#2766=VECTOR('',#8475,10.);
#2767=VECTOR('',#8478,10.);
#2768=VECTOR('',#8479,10.);
#2769=VECTOR('',#8480,10.);
#2770=VECTOR('',#8487,10.);
#2771=VECTOR('',#8494,10.);
#2772=VECTOR('',#8499,10.);
#2773=VECTOR('',#8504,10.);
#2774=VECTOR('',#8505,10.);
#2775=VECTOR('',#8506,10.);
#2776=VECTOR('',#8509,10.);
#2777=VECTOR('',#8510,10.);
#2778=VECTOR('',#8511,10.);
#2779=VECTOR('',#8514,10.);
#2780=VECTOR('',#8515,10.);
#2781=VECTOR('',#8518,10.);
#2782=VECTOR('',#8519,10.);
#2783=VECTOR('',#8520,10.);
#2784=VECTOR('',#8523,10.);
#2785=VECTOR('',#8524,10.);
#2786=VECTOR('',#8525,10.);
#2787=VECTOR('',#8526,10.);
#2788=VECTOR('',#8527,10.);
#2789=VECTOR('',#8528,10.);
#2790=VECTOR('',#8529,10.);
#2791=VECTOR('',#8532,10.);
#2792=VECTOR('',#8533,10.);
#2793=VECTOR('',#8534,10.);
#2794=VECTOR('',#8535,10.);
#2795=VECTOR('',#8536,10.);
#2796=VECTOR('',#8537,10.);
#2797=VECTOR('',#8538,10.);
#2798=VECTOR('',#8539,10.);
#2799=VECTOR('',#8540,10.);
#2800=VECTOR('',#8541,10.);
#2801=VECTOR('',#8542,10.);
#2802=VECTOR('',#8543,10.);
#2803=VECTOR('',#8544,10.);
#2804=VECTOR('',#8545,10.);
#2805=VECTOR('',#8546,10.);
#2806=VECTOR('',#8547,10.);
#2807=VECTOR('',#8548,10.);
#2808=VECTOR('',#8549,10.);
#2809=VECTOR('',#8550,10.);
#2810=VECTOR('',#8551,10.);
#2811=VECTOR('',#8552,10.);
#2812=VECTOR('',#8553,10.);
#2813=VECTOR('',#8554,10.);
#2814=VECTOR('',#8555,10.);
#2815=VECTOR('',#8556,10.);
#2816=VECTOR('',#8557,10.);
#2817=VECTOR('',#8558,10.);
#2818=VECTOR('',#8559,10.);
#2819=VECTOR('',#8560,10.);
#2820=VECTOR('',#8561,10.);
#2821=VECTOR('',#8562,10.);
#2822=VECTOR('',#8563,10.);
#2823=VECTOR('',#8564,10.);
#2824=VECTOR('',#8565,10.);
#2825=VECTOR('',#8566,10.);
#2826=VECTOR('',#8567,10.);
#2827=VECTOR('',#8568,10.);
#2828=VECTOR('',#8569,10.);
#2829=VECTOR('',#8570,10.);
#2830=VECTOR('',#8571,10.);
#2831=VECTOR('',#8572,10.);
#2832=VECTOR('',#8573,10.);
#2833=VECTOR('',#8574,10.);
#2834=VECTOR('',#8575,10.);
#2835=VECTOR('',#8576,10.);
#2836=VECTOR('',#8577,10.);
#2837=VECTOR('',#8578,10.);
#2838=VECTOR('',#8579,10.);
#2839=VECTOR('',#8580,10.);
#2840=VECTOR('',#8581,10.);
#2841=VECTOR('',#8582,10.);
#2842=VECTOR('',#8583,10.);
#2843=VECTOR('',#8584,10.);
#2844=VECTOR('',#8585,10.);
#2845=VECTOR('',#8586,10.);
#2846=VECTOR('',#8587,10.);
#2847=VECTOR('',#8588,10.);
#2848=VECTOR('',#8589,10.);
#2849=VECTOR('',#8590,10.);
#2850=VECTOR('',#8591,10.);
#2851=VECTOR('',#8592,10.);
#2852=VECTOR('',#8593,10.);
#2853=VECTOR('',#8594,10.);
#2854=VECTOR('',#8595,10.);
#2855=VECTOR('',#8596,10.);
#2856=VECTOR('',#8597,10.);
#2857=VECTOR('',#8598,10.);
#2858=VECTOR('',#8599,10.);
#2859=VECTOR('',#8600,10.);
#2860=VECTOR('',#8601,10.);
#2861=VECTOR('',#8602,10.);
#2862=VECTOR('',#8603,10.);
#2863=VECTOR('',#8604,10.);
#2864=VECTOR('',#8605,10.);
#2865=VECTOR('',#8606,10.);
#2866=VECTOR('',#8607,10.);
#2867=VECTOR('',#8608,10.);
#2868=VECTOR('',#8609,10.);
#2869=VECTOR('',#8610,10.);
#2870=VECTOR('',#8611,10.);
#2871=VECTOR('',#8612,10.);
#2872=VECTOR('',#8613,10.);
#2873=VECTOR('',#8614,10.);
#2874=VECTOR('',#8615,10.);
#2875=VECTOR('',#8616,10.);
#2876=VECTOR('',#8617,10.);
#2877=VECTOR('',#8618,10.);
#2878=VECTOR('',#8619,10.);
#2879=VECTOR('',#8620,10.);
#2880=VECTOR('',#8621,10.);
#2881=VECTOR('',#8622,10.);
#2882=VECTOR('',#8623,10.);
#2883=VECTOR('',#8624,10.);
#2884=VECTOR('',#8625,10.);
#2885=VECTOR('',#8626,10.);
#2886=VECTOR('',#8629,10.);
#2887=VECTOR('',#8630,10.);
#2888=VECTOR('',#8631,10.);
#2889=VECTOR('',#8632,10.);
#2890=VECTOR('',#8633,10.);
#2891=VECTOR('',#8634,10.);
#2892=VECTOR('',#8635,10.);
#2893=VECTOR('',#8638,10.);
#2894=VECTOR('',#8639,10.);
#2895=VECTOR('',#8642,10.);
#2896=VECTOR('',#8645,10.);
#2897=VECTOR('',#8648,10.);
#2898=VECTOR('',#8649,10.);
#2899=VECTOR('',#8652,10.);
#2900=VECTOR('',#8653,10.);
#2901=VECTOR('',#8656,10.);
#2902=VECTOR('',#8657,10.);
#2903=VECTOR('',#8660,10.);
#2904=VECTOR('',#8663,10.);
#2905=VECTOR('',#8666,10.);
#2906=VECTOR('',#8667,10.);
#2907=VECTOR('',#8670,10.);
#2908=VECTOR('',#8671,10.);
#2909=VECTOR('',#8674,10.);
#2910=VECTOR('',#8675,10.);
#2911=VECTOR('',#8678,10.);
#2912=VECTOR('',#8679,10.);
#2913=VECTOR('',#8682,10.);
#2914=VECTOR('',#8685,10.);
#2915=VECTOR('',#8688,10.);
#2916=VECTOR('',#8689,10.);
#2917=VECTOR('',#8692,10.);
#2918=VECTOR('',#8695,10.);
#2919=VECTOR('',#8698,10.);
#2920=VECTOR('',#8701,10.);
#2921=VECTOR('',#8702,10.);
#2922=VECTOR('',#8705,10.);
#2923=VECTOR('',#8706,10.);
#2924=VECTOR('',#8709,10.);
#2925=VECTOR('',#8710,10.);
#2926=VECTOR('',#8713,10.);
#2927=VECTOR('',#8714,10.);
#2928=VECTOR('',#8717,10.);
#2929=VECTOR('',#8720,10.);
#2930=VECTOR('',#8723,10.);
#2931=VECTOR('',#8726,10.);
#2932=VECTOR('',#8727,10.);
#2933=VECTOR('',#8730,10.);
#2934=VECTOR('',#8731,10.);
#2935=VECTOR('',#8734,10.);
#2936=VECTOR('',#8737,10.);
#2937=VECTOR('',#8740,10.);
#2938=VECTOR('',#8741,10.);
#2939=VECTOR('',#8744,10.);
#2940=VECTOR('',#8745,10.);
#2941=VECTOR('',#8748,10.);
#2942=VECTOR('',#8751,10.);
#2943=VECTOR('',#8754,10.);
#2944=VECTOR('',#8755,10.);
#2945=VECTOR('',#8758,10.);
#2946=VECTOR('',#8759,10.);
#2947=VECTOR('',#8762,10.);
#2948=VECTOR('',#8765,10.);
#2949=VECTOR('',#8768,10.);
#2950=VECTOR('',#8769,10.);
#2951=VECTOR('',#8772,10.);
#2952=VECTOR('',#8773,10.);
#2953=VECTOR('',#8776,10.);
#2954=VECTOR('',#8777,10.);
#2955=VECTOR('',#8780,10.);
#2956=VECTOR('',#8783,10.);
#2957=VECTOR('',#8786,10.);
#2958=VECTOR('',#8787,10.);
#2959=VECTOR('',#8790,10.);
#2960=VECTOR('',#8793,10.);
#2961=VECTOR('',#8796,10.);
#2962=VECTOR('',#8797,10.);
#2963=VECTOR('',#8800,10.);
#2964=VECTOR('',#8801,10.);
#2965=VECTOR('',#8804,10.);
#2966=VECTOR('',#8805,10.);
#2967=VECTOR('',#8808,10.);
#2968=VECTOR('',#8811,10.);
#2969=VECTOR('',#8814,10.);
#2970=VECTOR('',#8817,10.);
#2971=VECTOR('',#8820,10.);
#2972=VECTOR('',#8823,10.);
#2973=VECTOR('',#8826,10.);
#2974=VECTOR('',#8829,10.);
#2975=VECTOR('',#8832,10.);
#2976=VECTOR('',#8833,10.);
#2977=VECTOR('',#8836,10.);
#2978=VECTOR('',#8837,10.);
#2979=VECTOR('',#8840,10.);
#2980=VECTOR('',#8841,10.);
#2981=VECTOR('',#8844,10.);
#2982=VECTOR('',#8847,10.);
#2983=VECTOR('',#8850,10.);
#2984=VECTOR('',#8851,10.);
#2985=VECTOR('',#8854,10.);
#2986=VECTOR('',#8855,10.);
#2987=VECTOR('',#8858,10.);
#2988=VECTOR('',#8865,10.);
#2989=VECTOR('',#8866,10.);
#2990=VECTOR('',#8869,10.);
#2991=VECTOR('',#8870,10.);
#2992=VECTOR('',#8873,10.);
#2993=VECTOR('',#8874,10.);
#2994=VECTOR('',#8877,10.);
#2995=VECTOR('',#8880,10.);
#2996=VECTOR('',#8883,10.);
#2997=VECTOR('',#8886,10.);
#2998=VECTOR('',#8887,10.);
#2999=VECTOR('',#8890,10.);
#3000=VECTOR('',#8893,10.);
#3001=VECTOR('',#8894,10.);
#3002=VECTOR('',#8897,10.);
#3003=VECTOR('',#8898,10.);
#3004=VECTOR('',#8901,10.);
#3005=VECTOR('',#8902,10.);
#3006=VECTOR('',#8905,10.);
#3007=VECTOR('',#8908,10.);
#3008=VECTOR('',#8911,10.);
#3009=VECTOR('',#8914,10.);
#3010=VECTOR('',#8915,10.);
#3011=VECTOR('',#8918,10.);
#3012=VECTOR('',#8919,10.);
#3013=VECTOR('',#8922,10.);
#3014=VECTOR('',#8923,10.);
#3015=VECTOR('',#8926,10.);
#3016=VECTOR('',#8929,10.);
#3017=VECTOR('',#8932,10.);
#3018=VECTOR('',#8933,10.);
#3019=VECTOR('',#8936,10.);
#3020=VECTOR('',#8939,10.);
#3021=VECTOR('',#8942,10.);
#3022=VECTOR('',#8945,10.);
#3023=VECTOR('',#8948,10.7500003681053);
#3024=VECTOR('',#8953,10.);
#3025=VECTOR('',#8954,10.);
#3026=VECTOR('',#8957,10.);
#3027=VECTOR('',#8958,10.);
#3028=VECTOR('',#8961,10.);
#3029=VECTOR('',#8962,10.);
#3030=VECTOR('',#8965,10.);
#3031=VECTOR('',#8968,10.);
#3032=VECTOR('',#8969,10.);
#3033=VECTOR('',#8972,10.);
#3034=VECTOR('',#8973,10.);
#3035=VECTOR('',#8976,10.);
#3036=VECTOR('',#8979,10.);
#3037=VECTOR('',#8980,10.);
#3038=VECTOR('',#8983,10.);
#3039=VECTOR('',#8986,10.);
#3040=VECTOR('',#8987,10.);
#3041=VECTOR('',#8990,10.);
#3042=VECTOR('',#8993,10.);
#3043=VECTOR('',#8994,10.);
#3044=VECTOR('',#8997,10.);
#3045=VECTOR('',#8998,10.);
#3046=VECTOR('',#9001,10.);
#3047=VECTOR('',#9004,10.);
#3048=VECTOR('',#9007,10.);
#3049=VECTOR('',#9008,10.);
#3050=VECTOR('',#9011,10.);
#3051=VECTOR('',#9012,10.);
#3052=VECTOR('',#9015,10.);
#3053=VECTOR('',#9016,10.);
#3054=VECTOR('',#9019,10.);
#3055=VECTOR('',#9022,10.);
#3056=VECTOR('',#9025,10.);
#3057=VECTOR('',#9028,10.);
#3058=VECTOR('',#9031,10.);
#3059=VECTOR('',#9032,10.);
#3060=VECTOR('',#9035,10.);
#3061=VECTOR('',#9150,10.);
#3062=VECTOR('',#9151,10.);
#3063=VECTOR('',#9152,10.);
#3064=VECTOR('',#9153,10.);
#3065=VECTOR('',#9154,10.);
#3066=VECTOR('',#9155,10.);
#3067=VECTOR('',#9156,10.);
#3068=VECTOR('',#9157,10.);
#3069=VECTOR('',#9158,10.);
#3070=VECTOR('',#9159,10.);
#3071=VECTOR('',#9166,10.);
#3072=VECTOR('',#9167,10.);
#3073=VECTOR('',#9168,10.);
#3074=VECTOR('',#9169,10.);
#3075=VECTOR('',#9172,10.);
#3076=VECTOR('',#9173,10.);
#3077=VECTOR('',#9174,10.);
#3078=VECTOR('',#9175,10.);
#3079=VECTOR('',#9178,10.);
#3080=VECTOR('',#9179,10.);
#3081=VECTOR('',#9180,10.);
#3082=VECTOR('',#9181,10.);
#3083=VECTOR('',#9184,10.);
#3084=VECTOR('',#9185,10.);
#3085=VECTOR('',#9186,10.);
#3086=VECTOR('',#9191,10.);
#3087=VECTOR('',#9196,10.);
#3088=VECTOR('',#9203,10.);
#3089=VECTOR('',#9204,10.);
#3090=VECTOR('',#9207,10.);
#3091=VECTOR('',#9208,10.);
#3092=VECTOR('',#9209,10.);
#3093=VECTOR('',#9212,10.);
#3094=VECTOR('',#9213,10.);
#3095=VECTOR('',#9214,10.);
#3096=VECTOR('',#9219,10.);
#3097=VECTOR('',#9224,10.);
#3098=VECTOR('',#9231,10.);
#3099=VECTOR('',#9232,10.);
#3100=VECTOR('',#9235,10.);
#3101=VECTOR('',#9236,10.);
#3102=VECTOR('',#9237,10.);
#3103=VECTOR('',#9240,10.);
#3104=VECTOR('',#9241,10.);
#3105=VECTOR('',#9242,10.);
#3106=VECTOR('',#9251,10.);
#3107=VECTOR('',#9252,10.);
#3108=VECTOR('',#9253,10.);
#3109=VECTOR('',#9254,10.);
#3110=VECTOR('',#9255,10.);
#3111=VECTOR('',#9256,10.);
#3112=VECTOR('',#9257,10.);
#3113=VECTOR('',#9258,10.);
#3114=VECTOR('',#9259,10.);
#3115=VECTOR('',#9260,10.);
#3116=VECTOR('',#9263,8.25000036810525);
#3117=VECTOR('',#9268,7.75000036810525);
#3118=VECTOR('',#9277,13.2499997038394);
#3119=VECTOR('',#9284,10.);
#3120=VECTOR('',#9285,10.);
#3121=VECTOR('',#9286,10.);
#3122=VECTOR('',#9289,10.);
#3123=VECTOR('',#9290,10.);
#3124=VECTOR('',#9293,10.);
#3125=VECTOR('',#9294,10.);
#3126=VECTOR('',#9297,10.);
#3127=VECTOR('',#9298,10.);
#3128=VECTOR('',#9301,10.);
#3129=VECTOR('',#9302,10.);
#3130=VECTOR('',#9305,10.);
#3131=VECTOR('',#9306,10.);
#3132=VECTOR('',#9309,10.);
#3133=VECTOR('',#9310,10.);
#3134=VECTOR('',#9313,10.);
#3135=VECTOR('',#9314,10.);
#3136=VECTOR('',#9317,10.);
#3137=VECTOR('',#9318,10.);
#3138=VECTOR('',#9321,10.);
#3139=VECTOR('',#9324,10.);
#3140=VECTOR('',#9325,10.);
#3141=VECTOR('',#9326,10.);
#3142=VECTOR('',#9327,10.);
#3143=VECTOR('',#9328,10.);
#3144=VECTOR('',#9329,10.);
#3145=VECTOR('',#9330,10.);
#3146=VECTOR('',#9331,10.);
#3147=VECTOR('',#9332,10.);
#3148=VECTOR('',#9333,10.);
#3149=VECTOR('',#9336,2.);
#3150=VECTOR('',#9341,10.);
#3151=VECTOR('',#9342,10.);
#3152=VECTOR('',#9345,10.);
#3153=VECTOR('',#9348,10.);
#3154=VECTOR('',#9351,10.);
#3155=VECTOR('',#9354,10.);
#3156=VECTOR('',#9357,10.);
#3157=VECTOR('',#9360,10.);
#3158=VECTOR('',#9363,10.);
#3159=VECTOR('',#9366,10.);
#3160=VERTEX_POINT('',#9373);
#3161=VERTEX_POINT('',#9374);
#3162=VERTEX_POINT('',#9376);
#3163=VERTEX_POINT('',#9378);
#3164=VERTEX_POINT('',#9382);
#3165=VERTEX_POINT('',#9384);
#3166=VERTEX_POINT('',#9388);
#3167=VERTEX_POINT('',#9390);
#3168=VERTEX_POINT('',#9394);
#3169=VERTEX_POINT('',#9395);
#3170=VERTEX_POINT('',#9397);
#3171=VERTEX_POINT('',#9399);
#3172=VERTEX_POINT('',#9403);
#3173=VERTEX_POINT('',#9407);
#3174=VERTEX_POINT('',#9409);
#3175=VERTEX_POINT('',#9411);
#3176=VERTEX_POINT('',#9415);
#3177=VERTEX_POINT('',#9417);
#3178=VERTEX_POINT('',#9421);
#3179=VERTEX_POINT('',#9423);
#3180=VERTEX_POINT('',#9425);
#3181=VERTEX_POINT('',#9427);
#3182=VERTEX_POINT('',#9431);
#3183=VERTEX_POINT('',#9432);
#3184=VERTEX_POINT('',#9434);
#3185=VERTEX_POINT('',#9436);
#3186=VERTEX_POINT('',#9440);
#3187=VERTEX_POINT('',#9442);
#3188=VERTEX_POINT('',#9446);
#3189=VERTEX_POINT('',#9447);
#3190=VERTEX_POINT('',#9450);
#3191=VERTEX_POINT('',#9452);
#3192=VERTEX_POINT('',#9454);
#3193=VERTEX_POINT('',#9456);
#3194=VERTEX_POINT('',#9458);
#3195=VERTEX_POINT('',#9460);
#3196=VERTEX_POINT('',#9463);
#3197=VERTEX_POINT('',#9465);
#3198=VERTEX_POINT('',#9467);
#3199=VERTEX_POINT('',#9469);
#3200=VERTEX_POINT('',#9471);
#3201=VERTEX_POINT('',#9473);
#3202=VERTEX_POINT('',#9475);
#3203=VERTEX_POINT('',#9477);
#3204=VERTEX_POINT('',#9480);
#3205=VERTEX_POINT('',#9484);
#3206=VERTEX_POINT('',#9486);
#3207=VERTEX_POINT('',#9490);
#3208=VERTEX_POINT('',#9494);
#3209=VERTEX_POINT('',#9500);
#3210=VERTEX_POINT('',#9502);
#3211=VERTEX_POINT('',#9506);
#3212=VERTEX_POINT('',#9510);
#3213=VERTEX_POINT('',#9514);
#3214=VERTEX_POINT('',#9515);
#3215=VERTEX_POINT('',#9517);
#3216=VERTEX_POINT('',#9519);
#3217=VERTEX_POINT('',#9522);
#3218=VERTEX_POINT('',#9525);
#3219=VERTEX_POINT('',#9526);
#3220=VERTEX_POINT('',#9535);
#3221=VERTEX_POINT('',#9541);
#3222=VERTEX_POINT('',#9542);
#3223=VERTEX_POINT('',#9547);
#3224=VERTEX_POINT('',#9551);
#3225=VERTEX_POINT('',#9555);
#3226=VERTEX_POINT('',#9559);
#3227=VERTEX_POINT('',#9563);
#3228=VERTEX_POINT('',#9570);
#3229=VERTEX_POINT('',#9576);
#3230=VERTEX_POINT('',#9580);
#3231=VERTEX_POINT('',#9582);
#3232=VERTEX_POINT('',#9587);
#3233=VERTEX_POINT('',#9589);
#3234=VERTEX_POINT('',#9593);
#3235=VERTEX_POINT('',#9597);
#3236=VERTEX_POINT('',#9604);
#3237=VERTEX_POINT('',#9605);
#3238=VERTEX_POINT('',#9607);
#3239=VERTEX_POINT('',#9609);
#3240=VERTEX_POINT('',#9613);
#3241=VERTEX_POINT('',#9615);
#3242=VERTEX_POINT('',#9619);
#3243=VERTEX_POINT('',#9621);
#3244=VERTEX_POINT('',#9630);
#3245=VERTEX_POINT('',#9632);
#3246=VERTEX_POINT('',#9637);
#3247=VERTEX_POINT('',#9639);
#3248=VERTEX_POINT('',#9644);
#3249=VERTEX_POINT('',#9646);
#3250=VERTEX_POINT('',#9652);
#3251=VERTEX_POINT('',#9653);
#3252=VERTEX_POINT('',#9655);
#3253=VERTEX_POINT('',#9657);
#3254=VERTEX_POINT('',#9661);
#3255=VERTEX_POINT('',#9662);
#3256=VERTEX_POINT('',#9664);
#3257=VERTEX_POINT('',#9666);
#3258=VERTEX_POINT('',#9670);
#3259=VERTEX_POINT('',#9672);
#3260=VERTEX_POINT('',#9676);
#3261=VERTEX_POINT('',#9677);
#3262=VERTEX_POINT('',#9679);
#3263=VERTEX_POINT('',#9681);
#3264=VERTEX_POINT('',#9685);
#3265=VERTEX_POINT('',#9687);
#3266=VERTEX_POINT('',#9691);
#3267=VERTEX_POINT('',#9692);
#3268=VERTEX_POINT('',#9694);
#3269=VERTEX_POINT('',#9696);
#3270=VERTEX_POINT('',#9700);
#3271=VERTEX_POINT('',#9702);
#3272=VERTEX_POINT('',#9706);
#3273=VERTEX_POINT('',#9707);
#3274=VERTEX_POINT('',#9709);
#3275=VERTEX_POINT('',#9711);
#3276=VERTEX_POINT('',#9715);
#3277=VERTEX_POINT('',#9717);
#3278=VERTEX_POINT('',#9721);
#3279=VERTEX_POINT('',#9723);
#3280=VERTEX_POINT('',#9727);
#3281=VERTEX_POINT('',#9729);
#3282=VERTEX_POINT('',#9733);
#3283=VERTEX_POINT('',#9735);
#3284=VERTEX_POINT('',#9739);
#3285=VERTEX_POINT('',#9741);
#3286=VERTEX_POINT('',#9745);
#3287=VERTEX_POINT('',#9746);
#3288=VERTEX_POINT('',#9748);
#3289=VERTEX_POINT('',#9750);
#3290=VERTEX_POINT('',#9754);
#3291=VERTEX_POINT('',#9756);
#3292=VERTEX_POINT('',#9760);
#3293=VERTEX_POINT('',#9761);
#3294=VERTEX_POINT('',#9763);
#3295=VERTEX_POINT('',#9765);
#3296=VERTEX_POINT('',#9769);
#3297=VERTEX_POINT('',#9771);
#3298=VERTEX_POINT('',#9775);
#3299=VERTEX_POINT('',#9776);
#3300=VERTEX_POINT('',#9778);
#3301=VERTEX_POINT('',#9780);
#3302=VERTEX_POINT('',#9784);
#3303=VERTEX_POINT('',#9786);
#3304=VERTEX_POINT('',#9790);
#3305=VERTEX_POINT('',#9791);
#3306=VERTEX_POINT('',#9793);
#3307=VERTEX_POINT('',#9795);
#3308=VERTEX_POINT('',#9799);
#3309=VERTEX_POINT('',#9801);
#3310=VERTEX_POINT('',#9805);
#3311=VERTEX_POINT('',#9806);
#3312=VERTEX_POINT('',#9808);
#3313=VERTEX_POINT('',#9810);
#3314=VERTEX_POINT('',#9814);
#3315=VERTEX_POINT('',#9816);
#3316=VERTEX_POINT('',#9820);
#3317=VERTEX_POINT('',#9821);
#3318=VERTEX_POINT('',#9823);
#3319=VERTEX_POINT('',#9825);
#3320=VERTEX_POINT('',#9829);
#3321=VERTEX_POINT('',#9831);
#3322=VERTEX_POINT('',#9835);
#3323=VERTEX_POINT('',#9836);
#3324=VERTEX_POINT('',#9838);
#3325=VERTEX_POINT('',#9840);
#3326=VERTEX_POINT('',#9844);
#3327=VERTEX_POINT('',#9846);
#3328=VERTEX_POINT('',#9850);
#3329=VERTEX_POINT('',#9851);
#3330=VERTEX_POINT('',#9853);
#3331=VERTEX_POINT('',#9855);
#3332=VERTEX_POINT('',#9859);
#3333=VERTEX_POINT('',#9861);
#3334=VERTEX_POINT('',#9865);
#3335=VERTEX_POINT('',#9866);
#3336=VERTEX_POINT('',#9868);
#3337=VERTEX_POINT('',#9870);
#3338=VERTEX_POINT('',#9874);
#3339=VERTEX_POINT('',#9876);
#3340=VERTEX_POINT('',#9880);
#3341=VERTEX_POINT('',#9881);
#3342=VERTEX_POINT('',#9883);
#3343=VERTEX_POINT('',#9885);
#3344=VERTEX_POINT('',#9889);
#3345=VERTEX_POINT('',#9891);
#3346=VERTEX_POINT('',#9895);
#3347=VERTEX_POINT('',#9896);
#3348=VERTEX_POINT('',#9898);
#3349=VERTEX_POINT('',#9900);
#3350=VERTEX_POINT('',#9904);
#3351=VERTEX_POINT('',#9906);
#3352=VERTEX_POINT('',#9910);
#3353=VERTEX_POINT('',#9911);
#3354=VERTEX_POINT('',#9913);
#3355=VERTEX_POINT('',#9915);
#3356=VERTEX_POINT('',#9919);
#3357=VERTEX_POINT('',#9921);
#3358=VERTEX_POINT('',#9925);
#3359=VERTEX_POINT('',#9926);
#3360=VERTEX_POINT('',#9928);
#3361=VERTEX_POINT('',#9930);
#3362=VERTEX_POINT('',#9934);
#3363=VERTEX_POINT('',#9936);
#3364=VERTEX_POINT('',#9940);
#3365=VERTEX_POINT('',#9941);
#3366=VERTEX_POINT('',#9943);
#3367=VERTEX_POINT('',#9945);
#3368=VERTEX_POINT('',#9949);
#3369=VERTEX_POINT('',#9951);
#3370=VERTEX_POINT('',#9955);
#3371=VERTEX_POINT('',#9956);
#3372=VERTEX_POINT('',#9958);
#3373=VERTEX_POINT('',#9960);
#3374=VERTEX_POINT('',#9964);
#3375=VERTEX_POINT('',#9966);
#3376=VERTEX_POINT('',#9970);
#3377=VERTEX_POINT('',#9971);
#3378=VERTEX_POINT('',#9973);
#3379=VERTEX_POINT('',#9975);
#3380=VERTEX_POINT('',#9979);
#3381=VERTEX_POINT('',#9980);
#3382=VERTEX_POINT('',#9982);
#3383=VERTEX_POINT('',#9984);
#3384=VERTEX_POINT('',#9988);
#3385=VERTEX_POINT('',#9989);
#3386=VERTEX_POINT('',#9991);
#3387=VERTEX_POINT('',#9993);
#3388=VERTEX_POINT('',#9997);
#3389=VERTEX_POINT('',#9998);
#3390=VERTEX_POINT('',#10000);
#3391=VERTEX_POINT('',#10002);
#3392=VERTEX_POINT('',#10006);
#3393=VERTEX_POINT('',#10008);
#3394=VERTEX_POINT('',#10012);
#3395=VERTEX_POINT('',#10013);
#3396=VERTEX_POINT('',#10015);
#3397=VERTEX_POINT('',#10017);
#3398=VERTEX_POINT('',#10021);
#3399=VERTEX_POINT('',#10022);
#3400=VERTEX_POINT('',#10024);
#3401=VERTEX_POINT('',#10026);
#3402=VERTEX_POINT('',#10030);
#3403=VERTEX_POINT('',#10032);
#3404=VERTEX_POINT('',#10036);
#3405=VERTEX_POINT('',#10037);
#3406=VERTEX_POINT('',#10039);
#3407=VERTEX_POINT('',#10041);
#3408=VERTEX_POINT('',#10045);
#3409=VERTEX_POINT('',#10047);
#3410=VERTEX_POINT('',#10051);
#3411=VERTEX_POINT('',#10052);
#3412=VERTEX_POINT('',#10054);
#3413=VERTEX_POINT('',#10056);
#3414=VERTEX_POINT('',#10060);
#3415=VERTEX_POINT('',#10062);
#3416=VERTEX_POINT('',#10066);
#3417=VERTEX_POINT('',#10067);
#3418=VERTEX_POINT('',#10069);
#3419=VERTEX_POINT('',#10071);
#3420=VERTEX_POINT('',#10075);
#3421=VERTEX_POINT('',#10077);
#3422=VERTEX_POINT('',#10081);
#3423=VERTEX_POINT('',#10082);
#3424=VERTEX_POINT('',#10084);
#3425=VERTEX_POINT('',#10086);
#3426=VERTEX_POINT('',#10090);
#3427=VERTEX_POINT('',#10092);
#3428=VERTEX_POINT('',#10096);
#3429=VERTEX_POINT('',#10097);
#3430=VERTEX_POINT('',#10099);
#3431=VERTEX_POINT('',#10101);
#3432=VERTEX_POINT('',#10105);
#3433=VERTEX_POINT('',#10107);
#3434=VERTEX_POINT('',#10111);
#3435=VERTEX_POINT('',#10112);
#3436=VERTEX_POINT('',#10114);
#3437=VERTEX_POINT('',#10116);
#3438=VERTEX_POINT('',#10120);
#3439=VERTEX_POINT('',#10122);
#3440=VERTEX_POINT('',#10126);
#3441=VERTEX_POINT('',#10127);
#3442=VERTEX_POINT('',#10129);
#3443=VERTEX_POINT('',#10131);
#3444=VERTEX_POINT('',#10135);
#3445=VERTEX_POINT('',#10136);
#3446=VERTEX_POINT('',#10138);
#3447=VERTEX_POINT('',#10140);
#3448=VERTEX_POINT('',#10144);
#3449=VERTEX_POINT('',#10145);
#3450=VERTEX_POINT('',#10147);
#3451=VERTEX_POINT('',#10149);
#3452=VERTEX_POINT('',#10153);
#3453=VERTEX_POINT('',#10154);
#3454=VERTEX_POINT('',#10156);
#3455=VERTEX_POINT('',#10158);
#3456=VERTEX_POINT('',#10162);
#3457=VERTEX_POINT('',#10164);
#3458=VERTEX_POINT('',#10168);
#3459=VERTEX_POINT('',#10169);
#3460=VERTEX_POINT('',#10171);
#3461=VERTEX_POINT('',#10173);
#3462=VERTEX_POINT('',#10177);
#3463=VERTEX_POINT('',#10178);
#3464=VERTEX_POINT('',#10180);
#3465=VERTEX_POINT('',#10182);
#3466=VERTEX_POINT('',#10186);
#3467=VERTEX_POINT('',#10188);
#3468=VERTEX_POINT('',#10192);
#3469=VERTEX_POINT('',#10193);
#3470=VERTEX_POINT('',#10195);
#3471=VERTEX_POINT('',#10197);
#3472=VERTEX_POINT('',#10201);
#3473=VERTEX_POINT('',#10203);
#3474=VERTEX_POINT('',#10207);
#3475=VERTEX_POINT('',#10208);
#3476=VERTEX_POINT('',#10210);
#3477=VERTEX_POINT('',#10212);
#3478=VERTEX_POINT('',#10216);
#3479=VERTEX_POINT('',#10218);
#3480=VERTEX_POINT('',#10222);
#3481=VERTEX_POINT('',#10223);
#3482=VERTEX_POINT('',#10225);
#3483=VERTEX_POINT('',#10227);
#3484=VERTEX_POINT('',#10231);
#3485=VERTEX_POINT('',#10233);
#3486=VERTEX_POINT('',#10237);
#3487=VERTEX_POINT('',#10238);
#3488=VERTEX_POINT('',#10240);
#3489=VERTEX_POINT('',#10242);
#3490=VERTEX_POINT('',#10246);
#3491=VERTEX_POINT('',#10248);
#3492=VERTEX_POINT('',#10252);
#3493=VERTEX_POINT('',#10253);
#3494=VERTEX_POINT('',#10255);
#3495=VERTEX_POINT('',#10257);
#3496=VERTEX_POINT('',#10261);
#3497=VERTEX_POINT('',#10263);
#3498=VERTEX_POINT('',#10267);
#3499=VERTEX_POINT('',#10268);
#3500=VERTEX_POINT('',#10270);
#3501=VERTEX_POINT('',#10272);
#3502=VERTEX_POINT('',#10276);
#3503=VERTEX_POINT('',#10278);
#3504=VERTEX_POINT('',#10282);
#3505=VERTEX_POINT('',#10284);
#3506=VERTEX_POINT('',#10289);
#3507=VERTEX_POINT('',#10290);
#3508=VERTEX_POINT('',#10292);
#3509=VERTEX_POINT('',#10294);
#3510=VERTEX_POINT('',#10302);
#3511=VERTEX_POINT('',#10304);
#3512=VERTEX_POINT('',#10308);
#3513=VERTEX_POINT('',#10310);
#3514=VERTEX_POINT('',#10315);
#3515=VERTEX_POINT('',#10317);
#3516=VERTEX_POINT('',#10321);
#3517=VERTEX_POINT('',#10324);
#3518=VERTEX_POINT('',#10328);
#3519=VERTEX_POINT('',#10330);
#3520=VERTEX_POINT('',#10334);
#3521=VERTEX_POINT('',#10335);
#3522=VERTEX_POINT('',#10337);
#3523=VERTEX_POINT('',#10339);
#3524=VERTEX_POINT('',#10343);
#3525=VERTEX_POINT('',#10345);
#3526=VERTEX_POINT('',#10349);
#3527=VERTEX_POINT('',#10350);
#3528=VERTEX_POINT('',#10352);
#3529=VERTEX_POINT('',#10354);
#3530=VERTEX_POINT('',#10358);
#3531=VERTEX_POINT('',#10360);
#3532=VERTEX_POINT('',#10364);
#3533=VERTEX_POINT('',#10365);
#3534=VERTEX_POINT('',#10367);
#3535=VERTEX_POINT('',#10369);
#3536=VERTEX_POINT('',#10373);
#3537=VERTEX_POINT('',#10375);
#3538=VERTEX_POINT('',#10379);
#3539=VERTEX_POINT('',#10380);
#3540=VERTEX_POINT('',#10382);
#3541=VERTEX_POINT('',#10384);
#3542=VERTEX_POINT('',#10388);
#3543=VERTEX_POINT('',#10390);
#3544=VERTEX_POINT('',#10394);
#3545=VERTEX_POINT('',#10395);
#3546=VERTEX_POINT('',#10397);
#3547=VERTEX_POINT('',#10399);
#3548=VERTEX_POINT('',#10403);
#3549=VERTEX_POINT('',#10405);
#3550=VERTEX_POINT('',#10409);
#3551=VERTEX_POINT('',#10410);
#3552=VERTEX_POINT('',#10412);
#3553=VERTEX_POINT('',#10414);
#3554=VERTEX_POINT('',#10418);
#3555=VERTEX_POINT('',#10420);
#3556=VERTEX_POINT('',#10424);
#3557=VERTEX_POINT('',#10425);
#3558=VERTEX_POINT('',#10427);
#3559=VERTEX_POINT('',#10429);
#3560=VERTEX_POINT('',#10433);
#3561=VERTEX_POINT('',#10435);
#3562=VERTEX_POINT('',#10439);
#3563=VERTEX_POINT('',#10440);
#3564=VERTEX_POINT('',#10442);
#3565=VERTEX_POINT('',#10444);
#3566=VERTEX_POINT('',#10448);
#3567=VERTEX_POINT('',#10449);
#3568=VERTEX_POINT('',#10451);
#3569=VERTEX_POINT('',#10453);
#3570=VERTEX_POINT('',#10457);
#3571=VERTEX_POINT('',#10459);
#3572=VERTEX_POINT('',#10463);
#3573=VERTEX_POINT('',#10464);
#3574=VERTEX_POINT('',#10466);
#3575=VERTEX_POINT('',#10468);
#3576=VERTEX_POINT('',#10472);
#3577=VERTEX_POINT('',#10474);
#3578=VERTEX_POINT('',#10478);
#3579=VERTEX_POINT('',#10480);
#3580=VERTEX_POINT('',#10484);
#3581=VERTEX_POINT('',#10486);
#3582=VERTEX_POINT('',#10490);
#3583=VERTEX_POINT('',#10492);
#3584=VERTEX_POINT('',#10496);
#3585=VERTEX_POINT('',#10498);
#3586=VERTEX_POINT('',#10502);
#3587=VERTEX_POINT('',#10503);
#3588=VERTEX_POINT('',#10505);
#3589=VERTEX_POINT('',#10507);
#3590=VERTEX_POINT('',#10511);
#3591=VERTEX_POINT('',#10513);
#3592=VERTEX_POINT('',#10521);
#3593=VERTEX_POINT('',#10523);
#3594=VERTEX_POINT('',#10531);
#3595=VERTEX_POINT('',#10533);
#3596=VERTEX_POINT('',#10537);
#3597=VERTEX_POINT('',#10539);
#3598=VERTEX_POINT('',#10547);
#3599=VERTEX_POINT('',#10550);
#3600=VERTEX_POINT('',#10554);
#3601=VERTEX_POINT('',#10557);
#3602=VERTEX_POINT('',#10561);
#3603=VERTEX_POINT('',#10566);
#3604=VERTEX_POINT('',#10569);
#3605=VERTEX_POINT('',#10572);
#3606=VERTEX_POINT('',#10575);
#3607=VERTEX_POINT('',#10578);
#3608=VERTEX_POINT('',#10581);
#3609=VERTEX_POINT('',#10584);
#3610=VERTEX_POINT('',#10587);
#3611=VERTEX_POINT('',#10590);
#3612=VERTEX_POINT('',#10593);
#3613=VERTEX_POINT('',#10596);
#3614=VERTEX_POINT('',#10599);
#3615=VERTEX_POINT('',#10602);
#3616=VERTEX_POINT('',#10605);
#3617=VERTEX_POINT('',#10608);
#3618=VERTEX_POINT('',#10611);
#3619=VERTEX_POINT('',#10614);
#3620=VERTEX_POINT('',#10617);
#3621=VERTEX_POINT('',#10620);
#3622=VERTEX_POINT('',#10623);
#3623=VERTEX_POINT('',#10626);
#3624=VERTEX_POINT('',#10629);
#3625=VERTEX_POINT('',#10632);
#3626=VERTEX_POINT('',#10635);
#3627=VERTEX_POINT('',#10638);
#3628=VERTEX_POINT('',#10641);
#3629=VERTEX_POINT('',#10644);
#3630=VERTEX_POINT('',#10647);
#3631=VERTEX_POINT('',#10650);
#3632=VERTEX_POINT('',#10653);
#3633=VERTEX_POINT('',#10656);
#3634=VERTEX_POINT('',#10659);
#3635=VERTEX_POINT('',#10662);
#3636=VERTEX_POINT('',#10665);
#3637=VERTEX_POINT('',#10666);
#3638=VERTEX_POINT('',#10670);
#3639=VERTEX_POINT('',#10673);
#3640=VERTEX_POINT('',#10674);
#3641=VERTEX_POINT('',#10678);
#3642=VERTEX_POINT('',#10681);
#3643=VERTEX_POINT('',#10684);
#3644=VERTEX_POINT('',#10686);
#3645=VERTEX_POINT('',#10689);
#3646=VERTEX_POINT('',#10692);
#3647=VERTEX_POINT('',#10693);
#3648=VERTEX_POINT('',#10697);
#3649=VERTEX_POINT('',#10700);
#3650=VERTEX_POINT('',#10703);
#3651=VERTEX_POINT('',#10706);
#3652=VERTEX_POINT('',#10709);
#3653=VERTEX_POINT('',#10712);
#3654=VERTEX_POINT('',#10715);
#3655=VERTEX_POINT('',#10719);
#3656=VERTEX_POINT('',#10727);
#3657=VERTEX_POINT('',#10731);
#3658=VERTEX_POINT('',#10735);
#3659=VERTEX_POINT('',#10743);
#3660=VERTEX_POINT('',#10747);
#3661=VERTEX_POINT('',#10751);
#3662=VERTEX_POINT('',#10755);
#3663=VERTEX_POINT('',#10763);
#3664=VERTEX_POINT('',#10773);
#3665=VERTEX_POINT('',#10777);
#3666=VERTEX_POINT('',#10781);
#3667=VERTEX_POINT('',#10785);
#3668=VERTEX_POINT('',#10795);
#3669=VERTEX_POINT('',#10799);
#3670=VERTEX_POINT('',#10807);
#3671=VERTEX_POINT('',#10811);
#3672=VERTEX_POINT('',#10819);
#3673=VERTEX_POINT('',#10823);
#3674=VERTEX_POINT('',#10831);
#3675=VERTEX_POINT('',#10835);
#3676=VERTEX_POINT('',#10839);
#3677=VERTEX_POINT('',#10847);
#3678=VERTEX_POINT('',#10855);
#3679=VERTEX_POINT('',#10859);
#3680=VERTEX_POINT('',#10863);
#3681=VERTEX_POINT('',#10883);
#3682=VERTEX_POINT('',#10887);
#3683=VERTEX_POINT('',#10891);
#3684=VERTEX_POINT('',#10899);
#3685=VERTEX_POINT('',#10903);
#3686=VERTEX_POINT('',#10911);
#3687=VERTEX_POINT('',#10915);
#3688=VERTEX_POINT('',#10919);
#3689=VERTEX_POINT('',#10929);
#3690=VERTEX_POINT('',#10935);
#3691=VERTEX_POINT('',#10939);
#3692=VERTEX_POINT('',#10943);
#3693=VERTEX_POINT('',#10953);
#3694=VERTEX_POINT('',#10957);
#3695=VERTEX_POINT('',#10961);
#3696=VERTEX_POINT('',#10969);
#3697=VERTEX_POINT('',#10981);
#3698=VERTEX_POINT('',#10985);
#3699=VERTEX_POINT('',#10989);
#3700=VERTEX_POINT('',#10993);
#3701=VERTEX_POINT('',#10999);
#3702=VERTEX_POINT('',#11003);
#3703=VERTEX_POINT('',#11009);
#3704=VERTEX_POINT('',#11015);
#3705=VERTEX_POINT('',#11021);
#3706=VERTEX_POINT('',#11025);
#3707=VERTEX_POINT('',#11033);
#3708=VERTEX_POINT('',#11037);
#3709=VERTEX_POINT('',#11041);
#3710=VERTEX_POINT('',#11053);
#3711=VERTEX_POINT('',#11068);
#3712=VERTEX_POINT('',#11116);
#3713=VERTEX_POINT('',#11117);
#3714=VERTEX_POINT('',#11119);
#3715=VERTEX_POINT('',#11121);
#3716=VERTEX_POINT('',#11123);
#3717=VERTEX_POINT('',#11125);
#3718=VERTEX_POINT('',#11127);
#3719=VERTEX_POINT('',#11129);
#3720=VERTEX_POINT('',#11131);
#3721=VERTEX_POINT('',#11133);
#3722=VERTEX_POINT('',#11139);
#3723=VERTEX_POINT('',#11140);
#3724=VERTEX_POINT('',#11142);
#3725=VERTEX_POINT('',#11144);
#3726=VERTEX_POINT('',#11148);
#3727=VERTEX_POINT('',#11149);
#3728=VERTEX_POINT('',#11151);
#3729=VERTEX_POINT('',#11153);
#3730=VERTEX_POINT('',#11157);
#3731=VERTEX_POINT('',#11158);
#3732=VERTEX_POINT('',#11160);
#3733=VERTEX_POINT('',#11162);
#3734=VERTEX_POINT('',#11166);
#3735=VERTEX_POINT('',#11168);
#3736=VERTEX_POINT('',#11172);
#3737=VERTEX_POINT('',#11174);
#3738=VERTEX_POINT('',#11178);
#3739=VERTEX_POINT('',#11179);
#3740=VERTEX_POINT('',#11187);
#3741=VERTEX_POINT('',#11189);
#3742=VERTEX_POINT('',#11193);
#3743=VERTEX_POINT('',#11195);
#3744=VERTEX_POINT('',#11199);
#3745=VERTEX_POINT('',#11201);
#3746=VERTEX_POINT('',#11205);
#3747=VERTEX_POINT('',#11206);
#3748=VERTEX_POINT('',#11214);
#3749=VERTEX_POINT('',#11216);
#3750=VERTEX_POINT('',#11220);
#3751=VERTEX_POINT('',#11222);
#3752=VERTEX_POINT('',#11229);
#3753=VERTEX_POINT('',#11230);
#3754=VERTEX_POINT('',#11232);
#3755=VERTEX_POINT('',#11234);
#3756=VERTEX_POINT('',#11236);
#3757=VERTEX_POINT('',#11238);
#3758=VERTEX_POINT('',#11240);
#3759=VERTEX_POINT('',#11242);
#3760=VERTEX_POINT('',#11244);
#3761=VERTEX_POINT('',#11246);
#3762=VERTEX_POINT('',#11250);
#3763=VERTEX_POINT('',#11254);
#3764=VERTEX_POINT('',#11259);
#3765=VERTEX_POINT('',#11261);
#3766=VERTEX_POINT('',#11266);
#3767=VERTEX_POINT('',#11267);
#3768=VERTEX_POINT('',#11272);
#3769=VERTEX_POINT('',#11276);
#3770=VERTEX_POINT('',#11280);
#3771=VERTEX_POINT('',#11284);
#3772=VERTEX_POINT('',#11288);
#3773=VERTEX_POINT('',#11292);
#3774=VERTEX_POINT('',#11296);
#3775=VERTEX_POINT('',#11300);
#3776=VERTEX_POINT('',#11306);
#3777=VERTEX_POINT('',#11307);
#3778=VERTEX_POINT('',#11309);
#3779=VERTEX_POINT('',#11311);
#3780=VERTEX_POINT('',#11313);
#3781=VERTEX_POINT('',#11315);
#3782=VERTEX_POINT('',#11317);
#3783=VERTEX_POINT('',#11319);
#3784=VERTEX_POINT('',#11321);
#3785=VERTEX_POINT('',#11323);
#3786=VERTEX_POINT('',#11327);
#3787=EDGE_CURVE('',#3160,#3161,#1372,.T.);
#3788=EDGE_CURVE('',#3160,#3162,#1307,.T.);
#3789=EDGE_CURVE('',#3163,#3162,#1373,.T.);
#3790=EDGE_CURVE('',#3161,#3163,#1308,.T.);
#3791=EDGE_CURVE('',#3161,#3164,#1374,.T.);
#3792=EDGE_CURVE('',#3165,#3163,#1375,.T.);
#3793=EDGE_CURVE('',#3165,#3164,#1309,.T.);
#3794=EDGE_CURVE('',#3164,#3166,#1376,.T.);
#3795=EDGE_CURVE('',#3167,#3165,#1377,.T.);
#3796=EDGE_CURVE('',#3167,#3166,#1310,.T.);
#3797=EDGE_CURVE('',#3168,#3169,#1378,.T.);
#3798=EDGE_CURVE('',#3170,#3168,#1311,.T.);
#3799=EDGE_CURVE('',#3171,#3170,#1379,.T.);
#3800=EDGE_CURVE('',#3169,#3171,#1312,.T.);
#3801=EDGE_CURVE('',#3169,#3172,#1380,.T.);
#3802=EDGE_CURVE('',#3172,#3171,#1381,.T.);
#3803=EDGE_CURVE('',#3172,#3173,#1382,.T.);
#3804=EDGE_CURVE('',#3174,#3173,#1383,.T.);
#3805=EDGE_CURVE('',#3175,#3174,#1384,.T.);
#3806=EDGE_CURVE('',#3168,#3175,#1385,.T.);
#3807=EDGE_CURVE('',#3176,#3170,#1386,.T.);
#3808=EDGE_CURVE('',#3177,#3176,#1387,.T.);
#3809=EDGE_CURVE('',#3173,#3177,#1388,.T.);
#3810=EDGE_CURVE('',#3166,#3178,#1389,.T.);
#3811=EDGE_CURVE('',#3178,#3179,#1390,.T.);
#3812=EDGE_CURVE('',#3180,#3179,#1391,.T.);
#3813=EDGE_CURVE('',#3181,#3180,#1392,.T.);
#3814=EDGE_CURVE('',#3181,#3160,#1393,.T.);
#3815=EDGE_CURVE('',#3182,#3183,#1313,.T.);
#3816=EDGE_CURVE('',#3183,#3184,#1394,.T.);
#3817=EDGE_CURVE('',#3184,#3185,#1314,.F.);
#3818=EDGE_CURVE('',#3185,#3182,#1395,.T.);
#3819=EDGE_CURVE('',#3186,#3183,#1396,.T.);
#3820=EDGE_CURVE('',#3187,#3186,#1397,.T.);
#3821=EDGE_CURVE('',#3184,#3187,#1398,.T.);
#3822=EDGE_CURVE('',#3188,#3189,#1399,.T.);
#3823=EDGE_CURVE('',#3189,#3180,#1400,.T.);
#3824=EDGE_CURVE('',#3179,#3190,#1401,.T.);
#3825=EDGE_CURVE('',#3190,#3191,#1402,.T.);
#3826=EDGE_CURVE('',#3191,#3192,#1403,.T.);
#3827=EDGE_CURVE('',#3192,#3193,#1404,.T.);
#3828=EDGE_CURVE('',#3193,#3194,#1405,.T.);
#3829=EDGE_CURVE('',#3194,#3195,#1406,.T.);
#3830=EDGE_CURVE('',#3195,#3188,#1407,.T.);
#3831=EDGE_CURVE('',#3182,#3196,#1408,.T.);
#3832=EDGE_CURVE('',#3196,#3197,#1409,.T.);
#3833=EDGE_CURVE('',#3198,#3197,#1315,.T.);
#3834=EDGE_CURVE('',#3198,#3199,#1410,.T.);
#3835=EDGE_CURVE('',#3199,#3200,#1411,.T.);
#3836=EDGE_CURVE('',#3201,#3200,#1316,.T.);
#3837=EDGE_CURVE('',#3201,#3202,#1412,.T.);
#3838=EDGE_CURVE('',#3202,#3203,#1413,.T.);
#3839=EDGE_CURVE('',#3174,#3203,#1317,.T.);
#3840=EDGE_CURVE('',#3204,#3177,#1318,.T.);
#3841=EDGE_CURVE('',#3204,#3186,#1414,.T.);
#3842=EDGE_CURVE('',#3197,#3205,#1415,.T.);
#3843=EDGE_CURVE('',#3205,#3206,#1319,.F.);
#3844=EDGE_CURVE('',#3206,#3198,#1416,.T.);
#3845=EDGE_CURVE('',#3207,#3206,#1417,.T.);
#3846=EDGE_CURVE('',#3207,#3199,#1418,.T.);
#3847=EDGE_CURVE('',#3176,#3208,#1320,.F.);
#3848=EDGE_CURVE('',#3208,#3204,#1419,.T.);
#3849=EDGE_CURVE('',#3187,#3208,#1420,.T.);
#3850=EDGE_CURVE('',#3200,#3209,#1421,.T.);
#3851=EDGE_CURVE('',#3209,#3210,#1321,.F.);
#3852=EDGE_CURVE('',#3210,#3201,#1422,.T.);
#3853=EDGE_CURVE('',#3211,#3210,#1423,.T.);
#3854=EDGE_CURVE('',#3211,#3202,#1424,.T.);
#3855=EDGE_CURVE('',#3203,#3212,#1425,.T.);
#3856=EDGE_CURVE('',#3212,#3175,#1322,.F.);
#3857=EDGE_CURVE('',#3213,#3214,#1323,.T.);
#3858=EDGE_CURVE('',#3214,#3215,#1426,.T.);
#3859=EDGE_CURVE('',#3215,#3216,#1427,.T.);
#3860=EDGE_CURVE('',#3216,#3213,#1428,.T.);
#3861=EDGE_CURVE('',#3217,#3217,#1324,.T.);
#3862=EDGE_CURVE('',#3218,#3219,#1429,.T.);
#3863=EDGE_CURVE('',#3218,#3216,#1430,.T.);
#3864=EDGE_CURVE('',#3219,#3215,#1431,.T.);
#3865=EDGE_CURVE('',#3209,#3207,#1432,.T.);
#3866=EDGE_CURVE('',#3212,#3211,#1433,.T.);
#3867=EDGE_CURVE('',#3220,#3196,#1434,.T.);
#3868=EDGE_CURVE('',#3205,#3220,#1435,.T.);
#3869=EDGE_CURVE('',#3220,#3185,#1436,.T.);
#3870=EDGE_CURVE('',#3221,#3222,#1437,.T.);
#3871=EDGE_CURVE('',#3221,#3188,#1438,.T.);
#3872=EDGE_CURVE('',#3222,#3195,#1439,.T.);
#3873=EDGE_CURVE('',#3223,#3222,#1440,.T.);
#3874=EDGE_CURVE('',#3223,#3194,#1441,.T.);
#3875=EDGE_CURVE('',#3223,#3224,#1442,.T.);
#3876=EDGE_CURVE('',#3224,#3193,#1443,.T.);
#3877=EDGE_CURVE('',#3225,#3224,#1444,.T.);
#3878=EDGE_CURVE('',#3225,#3192,#1445,.T.);
#3879=EDGE_CURVE('',#3226,#3225,#1446,.T.);
#3880=EDGE_CURVE('',#3226,#3191,#1447,.T.);
#3881=EDGE_CURVE('',#3227,#3226,#1448,.T.);
#3882=EDGE_CURVE('',#3227,#3190,#1449,.T.);
#3883=EDGE_CURVE('',#3178,#3227,#1450,.T.);
#3884=EDGE_CURVE('',#3162,#3181,#1451,.T.);
#3885=EDGE_CURVE('',#3228,#3189,#1452,.T.);
#3886=EDGE_CURVE('',#3228,#3167,#1453,.T.);
#3887=EDGE_CURVE('',#3228,#3221,#1454,.T.);
#3888=EDGE_CURVE('',#3217,#3229,#1455,.T.);
#3889=EDGE_CURVE('',#3229,#3229,#1325,.T.);
#3890=EDGE_CURVE('',#3230,#3218,#1456,.T.);
#3891=EDGE_CURVE('',#3219,#3231,#1457,.T.);
#3892=EDGE_CURVE('',#3231,#3230,#1326,.T.);
#3893=EDGE_CURVE('',#3213,#3232,#1458,.T.);
#3894=EDGE_CURVE('',#3233,#3232,#1327,.T.);
#3895=EDGE_CURVE('',#3214,#3233,#1459,.T.);
#3896=EDGE_CURVE('',#3234,#3233,#1460,.T.);
#3897=EDGE_CURVE('',#3231,#3234,#1461,.T.);
#3898=EDGE_CURVE('',#3235,#3234,#1328,.T.);
#3899=EDGE_CURVE('',#3230,#3235,#1462,.T.);
#3900=EDGE_CURVE('',#3232,#3235,#1463,.T.);
#3901=EDGE_CURVE('',#3236,#3237,#1464,.T.);
#3902=EDGE_CURVE('',#3237,#3238,#1465,.T.);
#3903=EDGE_CURVE('',#3239,#3238,#1466,.T.);
#3904=EDGE_CURVE('',#3236,#3239,#1467,.T.);
#3905=EDGE_CURVE('',#3240,#3236,#1468,.T.);
#3906=EDGE_CURVE('',#3241,#3239,#1469,.T.);
#3907=EDGE_CURVE('',#3240,#3241,#1470,.T.);
#3908=EDGE_CURVE('',#3242,#3240,#1471,.T.);
#3909=EDGE_CURVE('',#3243,#3241,#1472,.T.);
#3910=EDGE_CURVE('',#3242,#3243,#1473,.T.);
#3911=EDGE_CURVE('',#3237,#3242,#1474,.T.);
#3912=EDGE_CURVE('',#3238,#3243,#1475,.T.);
#3913=EDGE_CURVE('',#3244,#3244,#1329,.T.);
#3914=EDGE_CURVE('',#3244,#3245,#1476,.T.);
#3915=EDGE_CURVE('',#3245,#3245,#1330,.T.);
#3916=EDGE_CURVE('',#3246,#3246,#1331,.T.);
#3917=EDGE_CURVE('',#3246,#3247,#1477,.T.);
#3918=EDGE_CURVE('',#3247,#3247,#1332,.T.);
#3919=EDGE_CURVE('',#3248,#3248,#1333,.T.);
#3920=EDGE_CURVE('',#3248,#3249,#1478,.T.);
#3921=EDGE_CURVE('',#3249,#3249,#1334,.T.);
#3922=EDGE_CURVE('',#3250,#3251,#1479,.T.);
#3923=EDGE_CURVE('',#3252,#3250,#1480,.T.);
#3924=EDGE_CURVE('',#3253,#3252,#1481,.T.);
#3925=EDGE_CURVE('',#3251,#3253,#1482,.T.);
#3926=EDGE_CURVE('',#3254,#3255,#1483,.T.);
#3927=EDGE_CURVE('',#3254,#3256,#1484,.T.);
#3928=EDGE_CURVE('',#3256,#3257,#1485,.T.);
#3929=EDGE_CURVE('',#3255,#3257,#1486,.T.);
#3930=EDGE_CURVE('',#3255,#3258,#1487,.T.);
#3931=EDGE_CURVE('',#3259,#3257,#1488,.T.);
#3932=EDGE_CURVE('',#3258,#3259,#1489,.T.);
#3933=EDGE_CURVE('',#3260,#3261,#1490,.T.);
#3934=EDGE_CURVE('',#3260,#3262,#1491,.T.);
#3935=EDGE_CURVE('',#3263,#3262,#1492,.T.);
#3936=EDGE_CURVE('',#3261,#3263,#1493,.T.);
#3937=EDGE_CURVE('',#3261,#3264,#1335,.T.);
#3938=EDGE_CURVE('',#3263,#3265,#1336,.T.);
#3939=EDGE_CURVE('',#3264,#3265,#1494,.T.);
#3940=EDGE_CURVE('',#3266,#3267,#1495,.T.);
#3941=EDGE_CURVE('',#3268,#3266,#1496,.T.);
#3942=EDGE_CURVE('',#3269,#3268,#1497,.T.);
#3943=EDGE_CURVE('',#3269,#3267,#1498,.T.);
#3944=EDGE_CURVE('',#3267,#3270,#1499,.T.);
#3945=EDGE_CURVE('',#3269,#3271,#1500,.T.);
#3946=EDGE_CURVE('',#3270,#3271,#1501,.T.);
#3947=EDGE_CURVE('',#3272,#3273,#1502,.T.);
#3948=EDGE_CURVE('',#3274,#3272,#1503,.T.);
#3949=EDGE_CURVE('',#3274,#3275,#1504,.T.);
#3950=EDGE_CURVE('',#3275,#3273,#1505,.T.);
#3951=EDGE_CURVE('',#3273,#3276,#1506,.T.);
#3952=EDGE_CURVE('',#3275,#3277,#1507,.T.);
#3953=EDGE_CURVE('',#3276,#3277,#1508,.T.);
#3954=EDGE_CURVE('',#3276,#3278,#1509,.T.);
#3955=EDGE_CURVE('',#3277,#3279,#1510,.T.);
#3956=EDGE_CURVE('',#3279,#3278,#1511,.T.);
#3957=EDGE_CURVE('',#3278,#3280,#1512,.T.);
#3958=EDGE_CURVE('',#3279,#3281,#1513,.T.);
#3959=EDGE_CURVE('',#3280,#3281,#1514,.T.);
#3960=EDGE_CURVE('',#3280,#3282,#1515,.T.);
#3961=EDGE_CURVE('',#3281,#3283,#1516,.T.);
#3962=EDGE_CURVE('',#3282,#3283,#1517,.T.);
#3963=EDGE_CURVE('',#3282,#3284,#1518,.T.);
#3964=EDGE_CURVE('',#3283,#3285,#1519,.T.);
#3965=EDGE_CURVE('',#3284,#3285,#1520,.T.);
#3966=EDGE_CURVE('',#3286,#3287,#1521,.T.);
#3967=EDGE_CURVE('',#3286,#3288,#1522,.T.);
#3968=EDGE_CURVE('',#3289,#3288,#1523,.T.);
#3969=EDGE_CURVE('',#3289,#3287,#1524,.T.);
#3970=EDGE_CURVE('',#3287,#3290,#1525,.T.);
#3971=EDGE_CURVE('',#3291,#3289,#1526,.T.);
#3972=EDGE_CURVE('',#3290,#3291,#1527,.T.);
#3973=EDGE_CURVE('',#3292,#3293,#1528,.T.);
#3974=EDGE_CURVE('',#3292,#3294,#1529,.T.);
#3975=EDGE_CURVE('',#3294,#3295,#1530,.T.);
#3976=EDGE_CURVE('',#3295,#3293,#1531,.T.);
#3977=EDGE_CURVE('',#3293,#3296,#1532,.T.);
#3978=EDGE_CURVE('',#3295,#3297,#1533,.T.);
#3979=EDGE_CURVE('',#3296,#3297,#1534,.T.);
#3980=EDGE_CURVE('',#3298,#3299,#1535,.T.);
#3981=EDGE_CURVE('',#3298,#3300,#1536,.T.);
#3982=EDGE_CURVE('',#3300,#3301,#1537,.T.);
#3983=EDGE_CURVE('',#3301,#3299,#1538,.T.);
#3984=EDGE_CURVE('',#3299,#3302,#1539,.T.);
#3985=EDGE_CURVE('',#3301,#3303,#1540,.T.);
#3986=EDGE_CURVE('',#3302,#3303,#1541,.T.);
#3987=EDGE_CURVE('',#3304,#3305,#1542,.T.);
#3988=EDGE_CURVE('',#3304,#3306,#1543,.T.);
#3989=EDGE_CURVE('',#3306,#3307,#1544,.T.);
#3990=EDGE_CURVE('',#3305,#3307,#1545,.T.);
#3991=EDGE_CURVE('',#3305,#3308,#1546,.T.);
#3992=EDGE_CURVE('',#3309,#3307,#1547,.T.);
#3993=EDGE_CURVE('',#3308,#3309,#1548,.T.);
#3994=EDGE_CURVE('',#3310,#3311,#1549,.T.);
#3995=EDGE_CURVE('',#3310,#3312,#1550,.T.);
#3996=EDGE_CURVE('',#3312,#3313,#1551,.T.);
#3997=EDGE_CURVE('',#3313,#3311,#1552,.T.);
#3998=EDGE_CURVE('',#3311,#3314,#1553,.T.);
#3999=EDGE_CURVE('',#3313,#3315,#1554,.T.);
#4000=EDGE_CURVE('',#3314,#3315,#1555,.T.);
#4001=EDGE_CURVE('',#3316,#3317,#1556,.T.);
#4002=EDGE_CURVE('',#3318,#3316,#1557,.T.);
#4003=EDGE_CURVE('',#3318,#3319,#1558,.T.);
#4004=EDGE_CURVE('',#3319,#3317,#1559,.T.);
#4005=EDGE_CURVE('',#3317,#3320,#1560,.T.);
#4006=EDGE_CURVE('',#3319,#3321,#1561,.T.);
#4007=EDGE_CURVE('',#3320,#3321,#1562,.T.);
#4008=EDGE_CURVE('',#3322,#3323,#1563,.T.);
#4009=EDGE_CURVE('',#3322,#3324,#1564,.T.);
#4010=EDGE_CURVE('',#3324,#3325,#1565,.T.);
#4011=EDGE_CURVE('',#3325,#3323,#1566,.T.);
#4012=EDGE_CURVE('',#3323,#3326,#1567,.T.);
#4013=EDGE_CURVE('',#3325,#3327,#1568,.T.);
#4014=EDGE_CURVE('',#3326,#3327,#1569,.T.);
#4015=EDGE_CURVE('',#3328,#3329,#1570,.T.);
#4016=EDGE_CURVE('',#3328,#3330,#1571,.T.);
#4017=EDGE_CURVE('',#3330,#3331,#1572,.T.);
#4018=EDGE_CURVE('',#3331,#3329,#1573,.T.);
#4019=EDGE_CURVE('',#3329,#3332,#1574,.T.);
#4020=EDGE_CURVE('',#3331,#3333,#1575,.T.);
#4021=EDGE_CURVE('',#3332,#3333,#1576,.T.);
#4022=EDGE_CURVE('',#3334,#3335,#1577,.T.);
#4023=EDGE_CURVE('',#3334,#3336,#1578,.F.);
#4024=EDGE_CURVE('',#3337,#3336,#1579,.T.);
#4025=EDGE_CURVE('',#3337,#3335,#1580,.T.);
#4026=EDGE_CURVE('',#3335,#3338,#1581,.T.);
#4027=EDGE_CURVE('',#3337,#3339,#1582,.T.);
#4028=EDGE_CURVE('',#3338,#3339,#1583,.T.);
#4029=EDGE_CURVE('',#3340,#3341,#1584,.T.);
#4030=EDGE_CURVE('',#3340,#3342,#1585,.T.);
#4031=EDGE_CURVE('',#3342,#3343,#1586,.T.);
#4032=EDGE_CURVE('',#3343,#3341,#1587,.T.);
#4033=EDGE_CURVE('',#3341,#3344,#1588,.T.);
#4034=EDGE_CURVE('',#3343,#3345,#1589,.T.);
#4035=EDGE_CURVE('',#3344,#3345,#1590,.T.);
#4036=EDGE_CURVE('',#3346,#3347,#1591,.T.);
#4037=EDGE_CURVE('',#3346,#3348,#1592,.T.);
#4038=EDGE_CURVE('',#3348,#3349,#1593,.T.);
#4039=EDGE_CURVE('',#3349,#3347,#1594,.T.);
#4040=EDGE_CURVE('',#3347,#3350,#1595,.T.);
#4041=EDGE_CURVE('',#3351,#3349,#1596,.T.);
#4042=EDGE_CURVE('',#3350,#3351,#1597,.T.);
#4043=EDGE_CURVE('',#3352,#3353,#1598,.T.);
#4044=EDGE_CURVE('',#3352,#3354,#1599,.T.);
#4045=EDGE_CURVE('',#3354,#3355,#1600,.T.);
#4046=EDGE_CURVE('',#3355,#3353,#1601,.T.);
#4047=EDGE_CURVE('',#3353,#3356,#1602,.T.);
#4048=EDGE_CURVE('',#3355,#3357,#1603,.T.);
#4049=EDGE_CURVE('',#3356,#3357,#1604,.T.);
#4050=EDGE_CURVE('',#3358,#3359,#1605,.T.);
#4051=EDGE_CURVE('',#3358,#3360,#1606,.T.);
#4052=EDGE_CURVE('',#3360,#3361,#1607,.T.);
#4053=EDGE_CURVE('',#3361,#3359,#1608,.T.);
#4054=EDGE_CURVE('',#3359,#3362,#1609,.T.);
#4055=EDGE_CURVE('',#3363,#3361,#1610,.T.);
#4056=EDGE_CURVE('',#3362,#3363,#1611,.T.);
#4057=EDGE_CURVE('',#3364,#3365,#1612,.T.);
#4058=EDGE_CURVE('',#3364,#3366,#1613,.T.);
#4059=EDGE_CURVE('',#3366,#3367,#1614,.T.);
#4060=EDGE_CURVE('',#3367,#3365,#1615,.T.);
#4061=EDGE_CURVE('',#3365,#3368,#1616,.T.);
#4062=EDGE_CURVE('',#3367,#3369,#1617,.T.);
#4063=EDGE_CURVE('',#3368,#3369,#1618,.T.);
#4064=EDGE_CURVE('',#3370,#3371,#1619,.T.);
#4065=EDGE_CURVE('',#3370,#3372,#1620,.T.);
#4066=EDGE_CURVE('',#3372,#3373,#1621,.T.);
#4067=EDGE_CURVE('',#3373,#3371,#1622,.T.);
#4068=EDGE_CURVE('',#3371,#3374,#1623,.T.);
#4069=EDGE_CURVE('',#3375,#3373,#1624,.T.);
#4070=EDGE_CURVE('',#3374,#3375,#1625,.T.);
#4071=EDGE_CURVE('',#3376,#3377,#1626,.T.);
#4072=EDGE_CURVE('',#3376,#3378,#1627,.F.);
#4073=EDGE_CURVE('',#3378,#3379,#1628,.T.);
#4074=EDGE_CURVE('',#3377,#3379,#1629,.T.);
#4075=EDGE_CURVE('',#3380,#3381,#1630,.T.);
#4076=EDGE_CURVE('',#3380,#3382,#1631,.T.);
#4077=EDGE_CURVE('',#3383,#3382,#1632,.T.);
#4078=EDGE_CURVE('',#3381,#3383,#1633,.T.);
#4079=EDGE_CURVE('',#3384,#3385,#1634,.T.);
#4080=EDGE_CURVE('',#3384,#3386,#1635,.T.);
#4081=EDGE_CURVE('',#3386,#3387,#1636,.T.);
#4082=EDGE_CURVE('',#3385,#3387,#1637,.T.);
#4083=EDGE_CURVE('',#3388,#3389,#1638,.T.);
#4084=EDGE_CURVE('',#3388,#3390,#1639,.T.);
#4085=EDGE_CURVE('',#3391,#3390,#1640,.T.);
#4086=EDGE_CURVE('',#3391,#3389,#1641,.T.);
#4087=EDGE_CURVE('',#3389,#3392,#1642,.T.);
#4088=EDGE_CURVE('',#3391,#3393,#1643,.T.);
#4089=EDGE_CURVE('',#3392,#3393,#1644,.T.);
#4090=EDGE_CURVE('',#3394,#3395,#1645,.T.);
#4091=EDGE_CURVE('',#3394,#3396,#1646,.T.);
#4092=EDGE_CURVE('',#3397,#3396,#1647,.T.);
#4093=EDGE_CURVE('',#3395,#3397,#1648,.T.);
#4094=EDGE_CURVE('',#3398,#3399,#1649,.T.);
#4095=EDGE_CURVE('',#3398,#3400,#1650,.T.);
#4096=EDGE_CURVE('',#3400,#3401,#1651,.T.);
#4097=EDGE_CURVE('',#3401,#3399,#1652,.T.);
#4098=EDGE_CURVE('',#3399,#3402,#1653,.T.);
#4099=EDGE_CURVE('',#3401,#3403,#1654,.T.);
#4100=EDGE_CURVE('',#3402,#3403,#1655,.T.);
#4101=EDGE_CURVE('',#3404,#3405,#1656,.T.);
#4102=EDGE_CURVE('',#3404,#3406,#1657,.T.);
#4103=EDGE_CURVE('',#3406,#3407,#1658,.T.);
#4104=EDGE_CURVE('',#3407,#3405,#1659,.T.);
#4105=EDGE_CURVE('',#3405,#3408,#1660,.T.);
#4106=EDGE_CURVE('',#3407,#3409,#1661,.T.);
#4107=EDGE_CURVE('',#3408,#3409,#1662,.T.);
#4108=EDGE_CURVE('',#3410,#3411,#1663,.T.);
#4109=EDGE_CURVE('',#3410,#3412,#1664,.T.);
#4110=EDGE_CURVE('',#3413,#3412,#1665,.T.);
#4111=EDGE_CURVE('',#3413,#3411,#1666,.T.);
#4112=EDGE_CURVE('',#3411,#3414,#1667,.T.);
#4113=EDGE_CURVE('',#3413,#3415,#1668,.T.);
#4114=EDGE_CURVE('',#3414,#3415,#1669,.T.);
#4115=EDGE_CURVE('',#3416,#3417,#1670,.T.);
#4116=EDGE_CURVE('',#3416,#3418,#1671,.T.);
#4117=EDGE_CURVE('',#3418,#3419,#1672,.T.);
#4118=EDGE_CURVE('',#3419,#3417,#1673,.T.);
#4119=EDGE_CURVE('',#3417,#3420,#1674,.T.);
#4120=EDGE_CURVE('',#3421,#3419,#1675,.T.);
#4121=EDGE_CURVE('',#3420,#3421,#1676,.T.);
#4122=EDGE_CURVE('',#3422,#3423,#1677,.T.);
#4123=EDGE_CURVE('',#3422,#3424,#1678,.T.);
#4124=EDGE_CURVE('',#3424,#3425,#1679,.T.);
#4125=EDGE_CURVE('',#3425,#3423,#1680,.T.);
#4126=EDGE_CURVE('',#3423,#3426,#1681,.T.);
#4127=EDGE_CURVE('',#3425,#3427,#1682,.T.);
#4128=EDGE_CURVE('',#3426,#3427,#1683,.T.);
#4129=EDGE_CURVE('',#3428,#3429,#1684,.T.);
#4130=EDGE_CURVE('',#3428,#3430,#1685,.T.);
#4131=EDGE_CURVE('',#3431,#3430,#1686,.T.);
#4132=EDGE_CURVE('',#3431,#3429,#1687,.T.);
#4133=EDGE_CURVE('',#3429,#3432,#1688,.T.);
#4134=EDGE_CURVE('',#3431,#3433,#1689,.T.);
#4135=EDGE_CURVE('',#3432,#3433,#1690,.T.);
#4136=EDGE_CURVE('',#3434,#3435,#1691,.T.);
#4137=EDGE_CURVE('',#3434,#3436,#1692,.T.);
#4138=EDGE_CURVE('',#3436,#3437,#1693,.T.);
#4139=EDGE_CURVE('',#3437,#3435,#1694,.T.);
#4140=EDGE_CURVE('',#3435,#3438,#1695,.T.);
#4141=EDGE_CURVE('',#3439,#3437,#1696,.T.);
#4142=EDGE_CURVE('',#3438,#3439,#1697,.T.);
#4143=EDGE_CURVE('',#3440,#3441,#1337,.T.);
#4144=EDGE_CURVE('',#3442,#3440,#1698,.T.);
#4145=EDGE_CURVE('',#3442,#3443,#1338,.T.);
#4146=EDGE_CURVE('',#3441,#3443,#1699,.T.);
#4147=EDGE_CURVE('',#3444,#3445,#1700,.T.);
#4148=EDGE_CURVE('',#3444,#3446,#1701,.T.);
#4149=EDGE_CURVE('',#3447,#3446,#1702,.T.);
#4150=EDGE_CURVE('',#3445,#3447,#1703,.F.);
#4151=EDGE_CURVE('',#3448,#3449,#1704,.T.);
#4152=EDGE_CURVE('',#3448,#3450,#1705,.F.);
#4153=EDGE_CURVE('',#3450,#3451,#1706,.T.);
#4154=EDGE_CURVE('',#3449,#3451,#1707,.T.);
#4155=EDGE_CURVE('',#3452,#3453,#1708,.T.);
#4156=EDGE_CURVE('',#3452,#3454,#1709,.T.);
#4157=EDGE_CURVE('',#3455,#3454,#1710,.T.);
#4158=EDGE_CURVE('',#3455,#3453,#1711,.T.);
#4159=EDGE_CURVE('',#3453,#3456,#1712,.T.);
#4160=EDGE_CURVE('',#3457,#3455,#1713,.T.);
#4161=EDGE_CURVE('',#3456,#3457,#1714,.T.);
#4162=EDGE_CURVE('',#3458,#3459,#1715,.T.);
#4163=EDGE_CURVE('',#3460,#3458,#1716,.T.);
#4164=EDGE_CURVE('',#3460,#3461,#1717,.T.);
#4165=EDGE_CURVE('',#3459,#3461,#1718,.T.);
#4166=EDGE_CURVE('',#3462,#3463,#1719,.T.);
#4167=EDGE_CURVE('',#3462,#3464,#1720,.T.);
#4168=EDGE_CURVE('',#3464,#3465,#1721,.T.);
#4169=EDGE_CURVE('',#3465,#3463,#1722,.T.);
#4170=EDGE_CURVE('',#3463,#3466,#1723,.T.);
#4171=EDGE_CURVE('',#3465,#3467,#1724,.T.);
#4172=EDGE_CURVE('',#3466,#3467,#1725,.T.);
#4173=EDGE_CURVE('',#3468,#3469,#1726,.T.);
#4174=EDGE_CURVE('',#3468,#3470,#1727,.T.);
#4175=EDGE_CURVE('',#3470,#3471,#1728,.T.);
#4176=EDGE_CURVE('',#3471,#3469,#1729,.T.);
#4177=EDGE_CURVE('',#3469,#3472,#1730,.T.);
#4178=EDGE_CURVE('',#3471,#3473,#1731,.T.);
#4179=EDGE_CURVE('',#3472,#3473,#1732,.T.);
#4180=EDGE_CURVE('',#3474,#3475,#1733,.T.);
#4181=EDGE_CURVE('',#3474,#3476,#1734,.T.);
#4182=EDGE_CURVE('',#3477,#3476,#1735,.T.);
#4183=EDGE_CURVE('',#3477,#3475,#1736,.T.);
#4184=EDGE_CURVE('',#3475,#3478,#1737,.T.);
#4185=EDGE_CURVE('',#3479,#3477,#1738,.T.);
#4186=EDGE_CURVE('',#3478,#3479,#1739,.T.);
#4187=EDGE_CURVE('',#3480,#3481,#1740,.T.);
#4188=EDGE_CURVE('',#3480,#3482,#1741,.T.);
#4189=EDGE_CURVE('',#3482,#3483,#1742,.T.);
#4190=EDGE_CURVE('',#3483,#3481,#1743,.T.);
#4191=EDGE_CURVE('',#3481,#3484,#1744,.T.);
#4192=EDGE_CURVE('',#3483,#3485,#1745,.T.);
#4193=EDGE_CURVE('',#3484,#3485,#1746,.T.);
#4194=EDGE_CURVE('',#3486,#3487,#1747,.T.);
#4195=EDGE_CURVE('',#3486,#3488,#1748,.T.);
#4196=EDGE_CURVE('',#3488,#3489,#1749,.T.);
#4197=EDGE_CURVE('',#3489,#3487,#1750,.T.);
#4198=EDGE_CURVE('',#3487,#3490,#1751,.T.);
#4199=EDGE_CURVE('',#3489,#3491,#1752,.T.);
#4200=EDGE_CURVE('',#3490,#3491,#1753,.T.);
#4201=EDGE_CURVE('',#3492,#3493,#1754,.T.);
#4202=EDGE_CURVE('',#3492,#3494,#1755,.T.);
#4203=EDGE_CURVE('',#3495,#3494,#1756,.T.);
#4204=EDGE_CURVE('',#3493,#3495,#1757,.F.);
#4205=EDGE_CURVE('',#3493,#3496,#1758,.T.);
#4206=EDGE_CURVE('',#3497,#3495,#1759,.T.);
#4207=EDGE_CURVE('',#3496,#3497,#1760,.T.);
#4208=EDGE_CURVE('',#3498,#3499,#1761,.T.);
#4209=EDGE_CURVE('',#3500,#3498,#1762,.T.);
#4210=EDGE_CURVE('',#3500,#3501,#1763,.T.);
#4211=EDGE_CURVE('',#3499,#3501,#1764,.T.);
#4212=EDGE_CURVE('',#3499,#3502,#1765,.T.);
#4213=EDGE_CURVE('',#3501,#3503,#1766,.T.);
#4214=EDGE_CURVE('',#3503,#3502,#1767,.T.);
#4215=EDGE_CURVE('',#3504,#3502,#1768,.T.);
#4216=EDGE_CURVE('',#3504,#3505,#1769,.T.);
#4217=EDGE_CURVE('',#3505,#3503,#1770,.T.);
#4218=EDGE_CURVE('',#3503,#3502,#1771,.T.);
#4219=EDGE_CURVE('',#3506,#3507,#1772,.T.);
#4220=EDGE_CURVE('',#3506,#3508,#1773,.T.);
#4221=EDGE_CURVE('',#3508,#3509,#1774,.T.);
#4222=EDGE_CURVE('',#3509,#3507,#1775,.T.);
#4223=EDGE_CURVE('',#3502,#3507,#1339,.T.);
#4224=EDGE_CURVE('',#3503,#3509,#1340,.T.);
#4225=EDGE_CURVE('',#3509,#3507,#1776,.T.);
#4226=EDGE_CURVE('',#3507,#3510,#1341,.T.);
#4227=EDGE_CURVE('',#3509,#3511,#1342,.T.);
#4228=EDGE_CURVE('',#3510,#3511,#1777,.T.);
#4229=EDGE_CURVE('',#3512,#3510,#1778,.T.);
#4230=EDGE_CURVE('',#3512,#3513,#1779,.T.);
#4231=EDGE_CURVE('',#3513,#3511,#1780,.T.);
#4232=EDGE_CURVE('',#3510,#3511,#1781,.T.);
#4233=EDGE_CURVE('',#3510,#3514,#1343,.T.);
#4234=EDGE_CURVE('',#3511,#3515,#1344,.T.);
#4235=EDGE_CURVE('',#3514,#3515,#1782,.T.);
#4236=EDGE_CURVE('',#3514,#3516,#1783,.T.);
#4237=EDGE_CURVE('',#3514,#3515,#1784,.T.);
#4238=EDGE_CURVE('',#3515,#3517,#1785,.T.);
#4239=EDGE_CURVE('',#3517,#3516,#1786,.T.);
#4240=EDGE_CURVE('',#3516,#3518,#1787,.T.);
#4241=EDGE_CURVE('',#3517,#3519,#1788,.T.);
#4242=EDGE_CURVE('',#3518,#3519,#1789,.T.);
#4243=EDGE_CURVE('',#3520,#3521,#1790,.T.);
#4244=EDGE_CURVE('',#3520,#3522,#1791,.T.);
#4245=EDGE_CURVE('',#3522,#3523,#1792,.T.);
#4246=EDGE_CURVE('',#3523,#3521,#1793,.T.);
#4247=EDGE_CURVE('',#3521,#3524,#1794,.T.);
#4248=EDGE_CURVE('',#3523,#3525,#1795,.T.);
#4249=EDGE_CURVE('',#3524,#3525,#1796,.T.);
#4250=EDGE_CURVE('',#3526,#3527,#1797,.T.);
#4251=EDGE_CURVE('',#3528,#3526,#1798,.T.);
#4252=EDGE_CURVE('',#3528,#3529,#1799,.T.);
#4253=EDGE_CURVE('',#3527,#3529,#1800,.T.);
#4254=EDGE_CURVE('',#3527,#3530,#1801,.T.);
#4255=EDGE_CURVE('',#3531,#3529,#1802,.T.);
#4256=EDGE_CURVE('',#3530,#3531,#1803,.T.);
#4257=EDGE_CURVE('',#3532,#3533,#1804,.T.);
#4258=EDGE_CURVE('',#3532,#3534,#1805,.T.);
#4259=EDGE_CURVE('',#3534,#3535,#1806,.T.);
#4260=EDGE_CURVE('',#3535,#3533,#1807,.T.);
#4261=EDGE_CURVE('',#3533,#3536,#1808,.T.);
#4262=EDGE_CURVE('',#3537,#3535,#1809,.T.);
#4263=EDGE_CURVE('',#3536,#3537,#1810,.T.);
#4264=EDGE_CURVE('',#3538,#3539,#1811,.T.);
#4265=EDGE_CURVE('',#3538,#3540,#1812,.T.);
#4266=EDGE_CURVE('',#3540,#3541,#1813,.T.);
#4267=EDGE_CURVE('',#3541,#3539,#1814,.T.);
#4268=EDGE_CURVE('',#3539,#3542,#1815,.T.);
#4269=EDGE_CURVE('',#3543,#3541,#1816,.T.);
#4270=EDGE_CURVE('',#3542,#3543,#1817,.T.);
#4271=EDGE_CURVE('',#3544,#3545,#1818,.T.);
#4272=EDGE_CURVE('',#3546,#3544,#1819,.T.);
#4273=EDGE_CURVE('',#3546,#3547,#1820,.T.);
#4274=EDGE_CURVE('',#3545,#3547,#1821,.T.);
#4275=EDGE_CURVE('',#3545,#3548,#1822,.T.);
#4276=EDGE_CURVE('',#3549,#3547,#1823,.T.);
#4277=EDGE_CURVE('',#3548,#3549,#1824,.T.);
#4278=EDGE_CURVE('',#3550,#3551,#1825,.T.);
#4279=EDGE_CURVE('',#3550,#3552,#1826,.T.);
#4280=EDGE_CURVE('',#3552,#3553,#1827,.T.);
#4281=EDGE_CURVE('',#3553,#3551,#1828,.T.);
#4282=EDGE_CURVE('',#3551,#3554,#1829,.T.);
#4283=EDGE_CURVE('',#3555,#3553,#1830,.T.);
#4284=EDGE_CURVE('',#3554,#3555,#1831,.T.);
#4285=EDGE_CURVE('',#3556,#3557,#1832,.T.);
#4286=EDGE_CURVE('',#3558,#3556,#1833,.T.);
#4287=EDGE_CURVE('',#3558,#3559,#1834,.T.);
#4288=EDGE_CURVE('',#3557,#3559,#1835,.T.);
#4289=EDGE_CURVE('',#3557,#3560,#1836,.T.);
#4290=EDGE_CURVE('',#3561,#3559,#1837,.T.);
#4291=EDGE_CURVE('',#3560,#3561,#1838,.T.);
#4292=EDGE_CURVE('',#3562,#3563,#1839,.T.);
#4293=EDGE_CURVE('',#3562,#3564,#1840,.T.);
#4294=EDGE_CURVE('',#3565,#3564,#1841,.T.);
#4295=EDGE_CURVE('',#3563,#3565,#1842,.T.);
#4296=EDGE_CURVE('',#3566,#3567,#1843,.T.);
#4297=EDGE_CURVE('',#3568,#3566,#1844,.T.);
#4298=EDGE_CURVE('',#3568,#3569,#1845,.T.);
#4299=EDGE_CURVE('',#3567,#3569,#1846,.F.);
#4300=EDGE_CURVE('',#3567,#3570,#1847,.T.);
#4301=EDGE_CURVE('',#3569,#3571,#1848,.T.);
#4302=EDGE_CURVE('',#3570,#3571,#1849,.T.);
#4303=EDGE_CURVE('',#3572,#3573,#1850,.T.);
#4304=EDGE_CURVE('',#3572,#3574,#1851,.T.);
#4305=EDGE_CURVE('',#3574,#3575,#1852,.T.);
#4306=EDGE_CURVE('',#3575,#3573,#1853,.T.);
#4307=EDGE_CURVE('',#3573,#3576,#1854,.T.);
#4308=EDGE_CURVE('',#3577,#3575,#1855,.T.);
#4309=EDGE_CURVE('',#3576,#3577,#1856,.T.);
#4310=EDGE_CURVE('',#3578,#3506,#1857,.T.);
#4311=EDGE_CURVE('',#3579,#3578,#1858,.T.);
#4312=EDGE_CURVE('',#3579,#3508,#1859,.T.);
#4313=EDGE_CURVE('',#3580,#3512,#1860,.T.);
#4314=EDGE_CURVE('',#3581,#3580,#1861,.T.);
#4315=EDGE_CURVE('',#3581,#3513,#1862,.T.);
#4316=EDGE_CURVE('',#3582,#3504,#1863,.T.);
#4317=EDGE_CURVE('',#3583,#3582,#1864,.T.);
#4318=EDGE_CURVE('',#3583,#3505,#1865,.T.);
#4319=EDGE_CURVE('',#3584,#3272,#1866,.T.);
#4320=EDGE_CURVE('',#3585,#3584,#1867,.T.);
#4321=EDGE_CURVE('',#3585,#3274,#1868,.T.);
#4322=EDGE_CURVE('',#3586,#3587,#1869,.T.);
#4323=EDGE_CURVE('',#3586,#3588,#1870,.T.);
#4324=EDGE_CURVE('',#3588,#3589,#1871,.T.);
#4325=EDGE_CURVE('',#3589,#3587,#1872,.T.);
#4326=EDGE_CURVE('',#3590,#3584,#1873,.T.);
#4327=EDGE_CURVE('',#3590,#3591,#1874,.T.);
#4328=EDGE_CURVE('',#3591,#3585,#1875,.T.);
#4329=EDGE_CURVE('',#3258,#3251,#1345,.T.);
#4330=EDGE_CURVE('',#3259,#3253,#1346,.T.);
#4331=EDGE_CURVE('',#3251,#3253,#1876,.T.);
#4332=EDGE_CURVE('',#3251,#3592,#1347,.T.);
#4333=EDGE_CURVE('',#3253,#3593,#1348,.T.);
#4334=EDGE_CURVE('',#3593,#3592,#1877,.T.);
#4335=EDGE_CURVE('',#3264,#3266,#1349,.T.);
#4336=EDGE_CURVE('',#3264,#3265,#1878,.T.);
#4337=EDGE_CURVE('',#3265,#3268,#1350,.T.);
#4338=EDGE_CURVE('',#3264,#3594,#1879,.T.);
#4339=EDGE_CURVE('',#3595,#3265,#1880,.T.);
#4340=EDGE_CURVE('',#3594,#3595,#1881,.F.);
#4341=EDGE_CURVE('',#3270,#3596,#1882,.T.);
#4342=EDGE_CURVE('',#3271,#3597,#1883,.T.);
#4343=EDGE_CURVE('',#3596,#3597,#1884,.T.);
#4344=EDGE_CURVE('',#3596,#3264,#1885,.T.);
#4345=EDGE_CURVE('',#3597,#3265,#1886,.T.);
#4346=EDGE_CURVE('',#3589,#3591,#1887,.T.);
#4347=EDGE_CURVE('',#3598,#3588,#1888,.T.);
#4348=EDGE_CURVE('',#3285,#3598,#1889,.T.);
#4349=EDGE_CURVE('',#3599,#3599,#1351,.T.);
#4350=EDGE_CURVE('',#3511,#3579,#1890,.T.);
#4351=EDGE_CURVE('',#3515,#3581,#1891,.T.);
#4352=EDGE_CURVE('',#3600,#3515,#1892,.T.);
#4353=EDGE_CURVE('',#3519,#3600,#1893,.T.);
#4354=EDGE_CURVE('',#3601,#3500,#1894,.T.);
#4355=EDGE_CURVE('',#3503,#3601,#1895,.T.);
#4356=EDGE_CURVE('',#3509,#3583,#1896,.T.);
#4357=EDGE_CURVE('',#3602,#3602,#1352,.T.);
#4358=EDGE_CURVE('',#3252,#3593,#1897,.T.);
#4359=EDGE_CURVE('',#3256,#3253,#1898,.T.);
#4360=EDGE_CURVE('',#3595,#3262,#1899,.T.);
#4361=EDGE_CURVE('',#3300,#3603,#1900,.T.);
#4362=EDGE_CURVE('',#3603,#3303,#1901,.T.);
#4363=EDGE_CURVE('',#3604,#3330,#1902,.T.);
#4364=EDGE_CURVE('',#3604,#3333,#1903,.T.);
#4365=EDGE_CURVE('',#3291,#3605,#1904,.T.);
#4366=EDGE_CURVE('',#3605,#3288,#1905,.T.);
#4367=EDGE_CURVE('',#3606,#3306,#1906,.T.);
#4368=EDGE_CURVE('',#3309,#3606,#1907,.T.);
#4369=EDGE_CURVE('',#3607,#3318,#1908,.T.);
#4370=EDGE_CURVE('',#3321,#3607,#1909,.T.);
#4371=EDGE_CURVE('',#3608,#3315,#1910,.T.);
#4372=EDGE_CURVE('',#3312,#3608,#1911,.T.);
#4373=EDGE_CURVE('',#3609,#3327,#1912,.T.);
#4374=EDGE_CURVE('',#3609,#3324,#1913,.T.);
#4375=EDGE_CURVE('',#3336,#3610,#1914,.T.);
#4376=EDGE_CURVE('',#3339,#3610,#1915,.T.);
#4377=EDGE_CURVE('',#3611,#3345,#1916,.T.);
#4378=EDGE_CURVE('',#3611,#3342,#1917,.T.);
#4379=EDGE_CURVE('',#3612,#3351,#1918,.T.);
#4380=EDGE_CURVE('',#3612,#3348,#1919,.T.);
#4381=EDGE_CURVE('',#3613,#3369,#1920,.T.);
#4382=EDGE_CURVE('',#3613,#3366,#1921,.T.);
#4383=EDGE_CURVE('',#3614,#3375,#1922,.T.);
#4384=EDGE_CURVE('',#3614,#3372,#1923,.T.);
#4385=EDGE_CURVE('',#3615,#3383,#1924,.T.);
#4386=EDGE_CURVE('',#3615,#3382,#1925,.T.);
#4387=EDGE_CURVE('',#3616,#3379,#1926,.T.);
#4388=EDGE_CURVE('',#3616,#3378,#1927,.T.);
#4389=EDGE_CURVE('',#3617,#3363,#1928,.T.);
#4390=EDGE_CURVE('',#3617,#3360,#1929,.T.);
#4391=EDGE_CURVE('',#3618,#3357,#1930,.T.);
#4392=EDGE_CURVE('',#3618,#3354,#1931,.T.);
#4393=EDGE_CURVE('',#3619,#3400,#1932,.T.);
#4394=EDGE_CURVE('',#3619,#3403,#1933,.T.);
#4395=EDGE_CURVE('',#3390,#3620,#1934,.T.);
#4396=EDGE_CURVE('',#3393,#3620,#1935,.T.);
#4397=EDGE_CURVE('',#3621,#3387,#1936,.T.);
#4398=EDGE_CURVE('',#3621,#3386,#1937,.T.);
#4399=EDGE_CURVE('',#3622,#3397,#1938,.T.);
#4400=EDGE_CURVE('',#3622,#3396,#1939,.T.);
#4401=EDGE_CURVE('',#3623,#3406,#1940,.T.);
#4402=EDGE_CURVE('',#3623,#3409,#1941,.T.);
#4403=EDGE_CURVE('',#3624,#3418,#1942,.T.);
#4404=EDGE_CURVE('',#3624,#3421,#1943,.T.);
#4405=EDGE_CURVE('',#3625,#3412,#1944,.T.);
#4406=EDGE_CURVE('',#3415,#3625,#1945,.T.);
#4407=EDGE_CURVE('',#3626,#3436,#1946,.T.);
#4408=EDGE_CURVE('',#3626,#3439,#1947,.T.);
#4409=EDGE_CURVE('',#3627,#3450,#1948,.T.);
#4410=EDGE_CURVE('',#3627,#3451,#1949,.T.);
#4411=EDGE_CURVE('',#3460,#3628,#1950,.T.);
#4412=EDGE_CURVE('',#3628,#3461,#1951,.T.);
#4413=EDGE_CURVE('',#3629,#3464,#1952,.T.);
#4414=EDGE_CURVE('',#3629,#3467,#1953,.T.);
#4415=EDGE_CURVE('',#3457,#3630,#1954,.T.);
#4416=EDGE_CURVE('',#3630,#3454,#1955,.T.);
#4417=EDGE_CURVE('',#3631,#3470,#1956,.T.);
#4418=EDGE_CURVE('',#3631,#3473,#1957,.T.);
#4419=EDGE_CURVE('',#3482,#3632,#1958,.T.);
#4420=EDGE_CURVE('',#3632,#3485,#1959,.T.);
#4421=EDGE_CURVE('',#3633,#3488,#1960,.T.);
#4422=EDGE_CURVE('',#3633,#3491,#1961,.T.);
#4423=EDGE_CURVE('',#3479,#3634,#1962,.T.);
#4424=EDGE_CURVE('',#3634,#3476,#1963,.T.);
#4425=EDGE_CURVE('',#3635,#3574,#1964,.T.);
#4426=EDGE_CURVE('',#3635,#3577,#1965,.T.);
#4427=EDGE_CURVE('',#3636,#3637,#1966,.T.);
#4428=EDGE_CURVE('',#3636,#3531,#1967,.T.);
#4429=EDGE_CURVE('',#3637,#3528,#1968,.T.);
#4430=EDGE_CURVE('',#3638,#3537,#1969,.T.);
#4431=EDGE_CURVE('',#3638,#3534,#1970,.T.);
#4432=EDGE_CURVE('',#3639,#3640,#1971,.T.);
#4433=EDGE_CURVE('',#3639,#3561,#1972,.T.);
#4434=EDGE_CURVE('',#3640,#3558,#1973,.T.);
#4435=EDGE_CURVE('',#3641,#3555,#1974,.T.);
#4436=EDGE_CURVE('',#3641,#3552,#1975,.T.);
#4437=EDGE_CURVE('',#3642,#3565,#1976,.T.);
#4438=EDGE_CURVE('',#3642,#3564,#1977,.T.);
#4439=EDGE_CURVE('',#3643,#3571,#1978,.T.);
#4440=EDGE_CURVE('',#3644,#3568,#1979,.T.);
#4441=EDGE_CURVE('',#3644,#3643,#1980,.T.);
#4442=EDGE_CURVE('',#3645,#3543,#1981,.T.);
#4443=EDGE_CURVE('',#3645,#3540,#1982,.T.);
#4444=EDGE_CURVE('',#3646,#3647,#1983,.T.);
#4445=EDGE_CURVE('',#3646,#3549,#1984,.T.);
#4446=EDGE_CURVE('',#3647,#3546,#1985,.T.);
#4447=EDGE_CURVE('',#3648,#3525,#1986,.T.);
#4448=EDGE_CURVE('',#3648,#3522,#1987,.T.);
#4449=EDGE_CURVE('',#3497,#3649,#1988,.T.);
#4450=EDGE_CURVE('',#3649,#3494,#1989,.T.);
#4451=EDGE_CURVE('',#3650,#3443,#1990,.T.);
#4452=EDGE_CURVE('',#3442,#3650,#1991,.T.);
#4453=EDGE_CURVE('',#3651,#3446,#1353,.T.);
#4454=EDGE_CURVE('',#3651,#3447,#1992,.T.);
#4455=EDGE_CURVE('',#3430,#3652,#1993,.T.);
#4456=EDGE_CURVE('',#3433,#3652,#1994,.T.);
#4457=EDGE_CURVE('',#3653,#3427,#1995,.T.);
#4458=EDGE_CURVE('',#3653,#3424,#1996,.T.);
#4459=EDGE_CURVE('',#3654,#3294,#1997,.T.);
#4460=EDGE_CURVE('',#3654,#3297,#1998,.T.);
#4461=EDGE_CURVE('',#3284,#3655,#1999,.T.);
#4462=EDGE_CURVE('',#3655,#3598,#2000,.T.);
#4463=EDGE_CURVE('',#3592,#3250,#2001,.T.);
#4464=EDGE_CURVE('',#3594,#3260,#2002,.T.);
#4465=EDGE_CURVE('',#3290,#3656,#2003,.T.);
#4466=EDGE_CURVE('',#3605,#3656,#2004,.T.);
#4467=EDGE_CURVE('',#3296,#3657,#2005,.T.);
#4468=EDGE_CURVE('',#3654,#3657,#2006,.T.);
#4469=EDGE_CURVE('',#3302,#3658,#2007,.T.);
#4470=EDGE_CURVE('',#3603,#3658,#2008,.T.);
#4471=EDGE_CURVE('',#3658,#3298,#2009,.T.);
#4472=EDGE_CURVE('',#3657,#3292,#2010,.T.);
#4473=EDGE_CURVE('',#3308,#3659,#2011,.T.);
#4474=EDGE_CURVE('',#3606,#3659,#2012,.T.);
#4475=EDGE_CURVE('',#3314,#3660,#2013,.T.);
#4476=EDGE_CURVE('',#3608,#3660,#2014,.T.);
#4477=EDGE_CURVE('',#3320,#3661,#2015,.T.);
#4478=EDGE_CURVE('',#3607,#3661,#2016,.T.);
#4479=EDGE_CURVE('',#3326,#3662,#2017,.T.);
#4480=EDGE_CURVE('',#3609,#3662,#2018,.T.);
#4481=EDGE_CURVE('',#3660,#3310,#2019,.T.);
#4482=EDGE_CURVE('',#3662,#3322,#2020,.T.);
#4483=EDGE_CURVE('',#3332,#3663,#2021,.T.);
#4484=EDGE_CURVE('',#3604,#3663,#2022,.T.);
#4485=EDGE_CURVE('',#3656,#3286,#2023,.T.);
#4486=EDGE_CURVE('',#3659,#3304,#2024,.T.);
#4487=EDGE_CURVE('',#3663,#3328,#2025,.T.);
#4488=EDGE_CURVE('',#3664,#3498,#2026,.T.);
#4489=EDGE_CURVE('',#3664,#3601,#2027,.T.);
#4490=EDGE_CURVE('',#3338,#3665,#2028,.T.);
#4491=EDGE_CURVE('',#3610,#3665,#2029,.T.);
#4492=EDGE_CURVE('',#3344,#3666,#2030,.T.);
#4493=EDGE_CURVE('',#3611,#3666,#2031,.T.);
#4494=EDGE_CURVE('',#3350,#3667,#2032,.T.);
#4495=EDGE_CURVE('',#3612,#3667,#2033,.T.);
#4496=EDGE_CURVE('',#3655,#3586,#2034,.T.);
#4497=EDGE_CURVE('',#3666,#3340,#2035,.T.);
#4498=EDGE_CURVE('',#3667,#3346,#2036,.T.);
#4499=EDGE_CURVE('',#3356,#3668,#2037,.T.);
#4500=EDGE_CURVE('',#3618,#3668,#2038,.T.);
#4501=EDGE_CURVE('',#3362,#3669,#2039,.T.);
#4502=EDGE_CURVE('',#3617,#3669,#2040,.T.);
#4503=EDGE_CURVE('',#3668,#3352,#2041,.T.);
#4504=EDGE_CURVE('',#3669,#3358,#2042,.T.);
#4505=EDGE_CURVE('',#3368,#3670,#2043,.T.);
#4506=EDGE_CURVE('',#3613,#3670,#2044,.T.);
#4507=EDGE_CURVE('',#3374,#3671,#2045,.T.);
#4508=EDGE_CURVE('',#3614,#3671,#2046,.T.);
#4509=EDGE_CURVE('',#3670,#3364,#2047,.T.);
#4510=EDGE_CURVE('',#3671,#3370,#2048,.T.);
#4511=EDGE_CURVE('',#3377,#3672,#2049,.T.);
#4512=EDGE_CURVE('',#3616,#3672,#2050,.T.);
#4513=EDGE_CURVE('',#3381,#3673,#2051,.T.);
#4514=EDGE_CURVE('',#3615,#3673,#2052,.T.);
#4515=EDGE_CURVE('',#3672,#3376,#2053,.T.);
#4516=EDGE_CURVE('',#3673,#3380,#2054,.T.);
#4517=EDGE_CURVE('',#3385,#3674,#2055,.T.);
#4518=EDGE_CURVE('',#3621,#3674,#2056,.T.);
#4519=EDGE_CURVE('',#3392,#3675,#2057,.T.);
#4520=EDGE_CURVE('',#3620,#3675,#2058,.T.);
#4521=EDGE_CURVE('',#3395,#3676,#2059,.T.);
#4522=EDGE_CURVE('',#3622,#3676,#2060,.T.);
#4523=EDGE_CURVE('',#3674,#3384,#2061,.T.);
#4524=EDGE_CURVE('',#3676,#3394,#2062,.T.);
#4525=EDGE_CURVE('',#3402,#3677,#2063,.T.);
#4526=EDGE_CURVE('',#3619,#3677,#2064,.T.);
#4527=EDGE_CURVE('',#3677,#3398,#2065,.T.);
#4528=EDGE_CURVE('',#3675,#3388,#2066,.T.);
#4529=EDGE_CURVE('',#3408,#3678,#2067,.T.);
#4530=EDGE_CURVE('',#3623,#3678,#2068,.T.);
#4531=EDGE_CURVE('',#3414,#3679,#2069,.T.);
#4532=EDGE_CURVE('',#3625,#3679,#2070,.T.);
#4533=EDGE_CURVE('',#3420,#3680,#2071,.T.);
#4534=EDGE_CURVE('',#3624,#3680,#2072,.T.);
#4535=EDGE_CURVE('',#3679,#3410,#2073,.T.);
#4536=EDGE_CURVE('',#3678,#3404,#2074,.T.);
#4537=EDGE_CURVE('',#3680,#3416,#2075,.T.);
#4538=EDGE_CURVE('',#3661,#3316,#2076,.T.);
#4539=EDGE_CURVE('',#3251,#3254,#2077,.T.);
#4540=EDGE_CURVE('',#3502,#3664,#2078,.T.);
#4541=EDGE_CURVE('',#3665,#3334,#2079,.T.);
#4542=EDGE_CURVE('',#3507,#3582,#2080,.T.);
#4543=EDGE_CURVE('',#3426,#3681,#2081,.T.);
#4544=EDGE_CURVE('',#3653,#3681,#2082,.T.);
#4545=EDGE_CURVE('',#3432,#3682,#2083,.T.);
#4546=EDGE_CURVE('',#3652,#3682,#2084,.T.);
#4547=EDGE_CURVE('',#3438,#3683,#2085,.T.);
#4548=EDGE_CURVE('',#3626,#3683,#2086,.T.);
#4549=EDGE_CURVE('',#3587,#3590,#2087,.T.);
#4550=EDGE_CURVE('',#3683,#3434,#2088,.T.);
#4551=EDGE_CURVE('',#3441,#3684,#2089,.T.);
#4552=EDGE_CURVE('',#3684,#3650,#2090,.F.);
#4553=EDGE_CURVE('',#3445,#3685,#2091,.T.);
#4554=EDGE_CURVE('',#3651,#3685,#2092,.T.);
#4555=EDGE_CURVE('',#3684,#3440,#2093,.T.);
#4556=EDGE_CURVE('',#3685,#3444,#1354,.T.);
#4557=EDGE_CURVE('',#3449,#3686,#2094,.T.);
#4558=EDGE_CURVE('',#3627,#3686,#2095,.T.);
#4559=EDGE_CURVE('',#3456,#3687,#2096,.T.);
#4560=EDGE_CURVE('',#3630,#3687,#2097,.T.);
#4561=EDGE_CURVE('',#3459,#3688,#2098,.T.);
#4562=EDGE_CURVE('',#3628,#3688,#2099,.T.);
#4563=EDGE_CURVE('',#3686,#3448,#2100,.T.);
#4564=EDGE_CURVE('',#3688,#3458,#2101,.T.);
#4565=EDGE_CURVE('',#3687,#3452,#2102,.T.);
#4566=EDGE_CURVE('',#3466,#3689,#2103,.T.);
#4567=EDGE_CURVE('',#3629,#3689,#2104,.T.);
#4568=EDGE_CURVE('',#3689,#3462,#2105,.T.);
#4569=EDGE_CURVE('',#3472,#3690,#2106,.T.);
#4570=EDGE_CURVE('',#3631,#3690,#2107,.T.);
#4571=EDGE_CURVE('',#3478,#3691,#2108,.T.);
#4572=EDGE_CURVE('',#3634,#3691,#2109,.T.);
#4573=EDGE_CURVE('',#3484,#3692,#2110,.T.);
#4574=EDGE_CURVE('',#3632,#3692,#2111,.T.);
#4575=EDGE_CURVE('',#3690,#3468,#2112,.T.);
#4576=EDGE_CURVE('',#3692,#3480,#2113,.T.);
#4577=EDGE_CURVE('',#3691,#3474,#2114,.T.);
#4578=EDGE_CURVE('',#3490,#3693,#2115,.T.);
#4579=EDGE_CURVE('',#3633,#3693,#2116,.T.);
#4580=EDGE_CURVE('',#3496,#3694,#2117,.T.);
#4581=EDGE_CURVE('',#3649,#3694,#2118,.T.);
#4582=EDGE_CURVE('',#3518,#3695,#2119,.T.);
#4583=EDGE_CURVE('',#3600,#3695,#2120,.T.);
#4584=EDGE_CURVE('',#3693,#3486,#2121,.T.);
#4585=EDGE_CURVE('',#3694,#3492,#2122,.T.);
#4586=EDGE_CURVE('',#3524,#3696,#2123,.T.);
#4587=EDGE_CURVE('',#3648,#3696,#2124,.T.);
#4588=EDGE_CURVE('',#3681,#3422,#2125,.T.);
#4589=EDGE_CURVE('',#3682,#3428,#2126,.T.);
#4590=EDGE_CURVE('',#3510,#3578,#2127,.T.);
#4591=EDGE_CURVE('',#3696,#3520,#2128,.T.);
#4592=EDGE_CURVE('',#3602,#3697,#2129,.T.);
#4593=EDGE_CURVE('',#3697,#3697,#1355,.T.);
#4594=EDGE_CURVE('',#3530,#3698,#2130,.T.);
#4595=EDGE_CURVE('',#3636,#3698,#2131,.T.);
#4596=EDGE_CURVE('',#3536,#3699,#2132,.T.);
#4597=EDGE_CURVE('',#3638,#3699,#2133,.T.);
#4598=EDGE_CURVE('',#3698,#3700,#2134,.T.);
#4599=EDGE_CURVE('',#3700,#3637,#2135,.T.);
#4600=EDGE_CURVE('',#3699,#3532,#2136,.T.);
#4601=EDGE_CURVE('',#3542,#3701,#2137,.T.);
#4602=EDGE_CURVE('',#3645,#3701,#2138,.T.);
#4603=EDGE_CURVE('',#3548,#3702,#2139,.T.);
#4604=EDGE_CURVE('',#3646,#3702,#2140,.T.);
#4605=EDGE_CURVE('',#3700,#3526,#2141,.T.);
#4606=EDGE_CURVE('',#3702,#3703,#2142,.T.);
#4607=EDGE_CURVE('',#3703,#3647,#2143,.T.);
#4608=EDGE_CURVE('',#3701,#3538,#2144,.T.);
#4609=EDGE_CURVE('',#3554,#3704,#2145,.T.);
#4610=EDGE_CURVE('',#3641,#3704,#2146,.T.);
#4611=EDGE_CURVE('',#3703,#3544,#2147,.T.);
#4612=EDGE_CURVE('',#3560,#3705,#2148,.T.);
#4613=EDGE_CURVE('',#3639,#3705,#2149,.T.);
#4614=EDGE_CURVE('',#3705,#3706,#2150,.T.);
#4615=EDGE_CURVE('',#3706,#3640,#2151,.T.);
#4616=EDGE_CURVE('',#3704,#3550,#2152,.T.);
#4617=EDGE_CURVE('',#3706,#3556,#2153,.T.);
#4618=EDGE_CURVE('',#3563,#3707,#2154,.T.);
#4619=EDGE_CURVE('',#3642,#3707,#2155,.T.);
#4620=EDGE_CURVE('',#3570,#3708,#2156,.T.);
#4621=EDGE_CURVE('',#3708,#3643,#2157,.F.);
#4622=EDGE_CURVE('',#3708,#3709,#2158,.T.);
#4623=EDGE_CURVE('',#3644,#3709,#2159,.T.);
#4624=EDGE_CURVE('',#3709,#3566,#2160,.T.);
#4625=EDGE_CURVE('',#3707,#3562,#2161,.T.);
#4626=EDGE_CURVE('',#3514,#3580,#2162,.T.);
#4627=EDGE_CURVE('',#3695,#3514,#2163,.T.);
#4628=EDGE_CURVE('',#3576,#3710,#2164,.T.);
#4629=EDGE_CURVE('',#3635,#3710,#2165,.T.);
#4630=EDGE_CURVE('',#3710,#3572,#2166,.T.);
#4631=EDGE_CURVE('',#3711,#3711,#1356,.T.);
#4632=EDGE_CURVE('',#3712,#3713,#2167,.T.);
#4633=EDGE_CURVE('',#3713,#3714,#2168,.T.);
#4634=EDGE_CURVE('',#3714,#3715,#2169,.T.);
#4635=EDGE_CURVE('',#3715,#3716,#2170,.T.);
#4636=EDGE_CURVE('',#3716,#3717,#2171,.T.);
#4637=EDGE_CURVE('',#3717,#3718,#2172,.T.);
#4638=EDGE_CURVE('',#3718,#3719,#2173,.T.);
#4639=EDGE_CURVE('',#3719,#3720,#2174,.T.);
#4640=EDGE_CURVE('',#3720,#3721,#2175,.T.);
#4641=EDGE_CURVE('',#3721,#3712,#2176,.T.);
#4642=EDGE_CURVE('',#3722,#3723,#2177,.T.);
#4643=EDGE_CURVE('',#3722,#3724,#2178,.T.);
#4644=EDGE_CURVE('',#3724,#3725,#2179,.T.);
#4645=EDGE_CURVE('',#3725,#3723,#2180,.T.);
#4646=EDGE_CURVE('',#3726,#3727,#2181,.T.);
#4647=EDGE_CURVE('',#3726,#3728,#2182,.T.);
#4648=EDGE_CURVE('',#3728,#3729,#2183,.T.);
#4649=EDGE_CURVE('',#3729,#3727,#2184,.T.);
#4650=EDGE_CURVE('',#3730,#3731,#2185,.T.);
#4651=EDGE_CURVE('',#3730,#3732,#2186,.T.);
#4652=EDGE_CURVE('',#3732,#3733,#2187,.T.);
#4653=EDGE_CURVE('',#3733,#3731,#2188,.T.);
#4654=EDGE_CURVE('',#3733,#3734,#2189,.T.);
#4655=EDGE_CURVE('',#3734,#3735,#2190,.T.);
#4656=EDGE_CURVE('',#3731,#3735,#2191,.T.);
#4657=EDGE_CURVE('',#3730,#3736,#1357,.F.);
#4658=EDGE_CURVE('',#3736,#3737,#2192,.T.);
#4659=EDGE_CURVE('',#3737,#3732,#1358,.T.);
#4660=EDGE_CURVE('',#3738,#3739,#2193,.T.);
#4661=EDGE_CURVE('',#3739,#3735,#1359,.F.);
#4662=EDGE_CURVE('',#3734,#3738,#1360,.T.);
#4663=EDGE_CURVE('',#3729,#3737,#2194,.T.);
#4664=EDGE_CURVE('',#3727,#3736,#2195,.T.);
#4665=EDGE_CURVE('',#3739,#3740,#2196,.T.);
#4666=EDGE_CURVE('',#3738,#3741,#2197,.T.);
#4667=EDGE_CURVE('',#3741,#3740,#2198,.T.);
#4668=EDGE_CURVE('',#3741,#3742,#2199,.T.);
#4669=EDGE_CURVE('',#3742,#3743,#2200,.T.);
#4670=EDGE_CURVE('',#3740,#3743,#2201,.T.);
#4671=EDGE_CURVE('',#3726,#3744,#1361,.F.);
#4672=EDGE_CURVE('',#3744,#3745,#2202,.T.);
#4673=EDGE_CURVE('',#3745,#3728,#1362,.T.);
#4674=EDGE_CURVE('',#3746,#3747,#2203,.T.);
#4675=EDGE_CURVE('',#3747,#3743,#1363,.F.);
#4676=EDGE_CURVE('',#3742,#3746,#1364,.T.);
#4677=EDGE_CURVE('',#3725,#3745,#2204,.T.);
#4678=EDGE_CURVE('',#3723,#3744,#2205,.T.);
#4679=EDGE_CURVE('',#3747,#3748,#2206,.T.);
#4680=EDGE_CURVE('',#3746,#3749,#2207,.T.);
#4681=EDGE_CURVE('',#3749,#3748,#2208,.T.);
#4682=EDGE_CURVE('',#3749,#3750,#2209,.T.);
#4683=EDGE_CURVE('',#3750,#3751,#2210,.T.);
#4684=EDGE_CURVE('',#3748,#3751,#2211,.T.);
#4685=EDGE_CURVE('',#3722,#3751,#1365,.F.);
#4686=EDGE_CURVE('',#3750,#3724,#1366,.T.);
#4687=EDGE_CURVE('',#3752,#3753,#2212,.T.);
#4688=EDGE_CURVE('',#3753,#3754,#2213,.T.);
#4689=EDGE_CURVE('',#3754,#3755,#2214,.T.);
#4690=EDGE_CURVE('',#3755,#3756,#2215,.T.);
#4691=EDGE_CURVE('',#3756,#3757,#2216,.T.);
#4692=EDGE_CURVE('',#3757,#3758,#2217,.T.);
#4693=EDGE_CURVE('',#3758,#3759,#2218,.T.);
#4694=EDGE_CURVE('',#3759,#3760,#2219,.T.);
#4695=EDGE_CURVE('',#3760,#3761,#2220,.T.);
#4696=EDGE_CURVE('',#3761,#3752,#2221,.T.);
#4697=EDGE_CURVE('',#3711,#3762,#2222,.T.);
#4698=EDGE_CURVE('',#3762,#3762,#1367,.T.);
#4699=EDGE_CURVE('',#3762,#3763,#2223,.T.);
#4700=EDGE_CURVE('',#3763,#3763,#1368,.T.);
#4701=EDGE_CURVE('',#3764,#3764,#1369,.T.);
#4702=EDGE_CURVE('',#3764,#3765,#2224,.T.);
#4703=EDGE_CURVE('',#3765,#3765,#1370,.T.);
#4704=EDGE_CURVE('',#3766,#3767,#2225,.T.);
#4705=EDGE_CURVE('',#3766,#3752,#2226,.T.);
#4706=EDGE_CURVE('',#3767,#3761,#2227,.T.);
#4707=EDGE_CURVE('',#3767,#3768,#2228,.T.);
#4708=EDGE_CURVE('',#3768,#3760,#2229,.T.);
#4709=EDGE_CURVE('',#3768,#3769,#2230,.T.);
#4710=EDGE_CURVE('',#3769,#3759,#2231,.T.);
#4711=EDGE_CURVE('',#3769,#3770,#2232,.T.);
#4712=EDGE_CURVE('',#3770,#3758,#2233,.T.);
#4713=EDGE_CURVE('',#3770,#3771,#2234,.T.);
#4714=EDGE_CURVE('',#3771,#3757,#2235,.T.);
#4715=EDGE_CURVE('',#3771,#3772,#2236,.T.);
#4716=EDGE_CURVE('',#3772,#3756,#2237,.T.);
#4717=EDGE_CURVE('',#3772,#3773,#2238,.T.);
#4718=EDGE_CURVE('',#3773,#3755,#2239,.T.);
#4719=EDGE_CURVE('',#3773,#3774,#2240,.T.);
#4720=EDGE_CURVE('',#3774,#3754,#2241,.T.);
#4721=EDGE_CURVE('',#3774,#3775,#2242,.T.);
#4722=EDGE_CURVE('',#3775,#3753,#2243,.T.);
#4723=EDGE_CURVE('',#3775,#3766,#2244,.T.);
#4724=EDGE_CURVE('',#3776,#3777,#2245,.T.);
#4725=EDGE_CURVE('',#3777,#3778,#2246,.T.);
#4726=EDGE_CURVE('',#3779,#3778,#2247,.T.);
#4727=EDGE_CURVE('',#3779,#3780,#2248,.T.);
#4728=EDGE_CURVE('',#3781,#3780,#2249,.T.);
#4729=EDGE_CURVE('',#3782,#3781,#2250,.T.);
#4730=EDGE_CURVE('',#3783,#3782,#2251,.T.);
#4731=EDGE_CURVE('',#3784,#3783,#2252,.T.);
#4732=EDGE_CURVE('',#3785,#3784,#2253,.T.);
#4733=EDGE_CURVE('',#3776,#3785,#2254,.T.);
#4734=EDGE_CURVE('',#3599,#3786,#2255,.T.);
#4735=EDGE_CURVE('',#3786,#3786,#1371,.T.);
#4736=EDGE_CURVE('',#3777,#3712,#2256,.T.);
#4737=EDGE_CURVE('',#3778,#3721,#2257,.T.);
#4738=EDGE_CURVE('',#3779,#3720,#2258,.T.);
#4739=EDGE_CURVE('',#3780,#3719,#2259,.T.);
#4740=EDGE_CURVE('',#3781,#3718,#2260,.T.);
#4741=EDGE_CURVE('',#3782,#3717,#2261,.T.);
#4742=EDGE_CURVE('',#3783,#3716,#2262,.T.);
#4743=EDGE_CURVE('',#3784,#3715,#2263,.T.);
#4744=EDGE_CURVE('',#3785,#3714,#2264,.T.);
#4745=EDGE_CURVE('',#3776,#3713,#2265,.T.);
#4746=ORIENTED_EDGE('',*,*,#3787,.F.);
#4747=ORIENTED_EDGE('',*,*,#3788,.T.);
#4748=ORIENTED_EDGE('',*,*,#3789,.F.);
#4749=ORIENTED_EDGE('',*,*,#3790,.F.);
#4750=ORIENTED_EDGE('',*,*,#3791,.F.);
#4751=ORIENTED_EDGE('',*,*,#3790,.T.);
#4752=ORIENTED_EDGE('',*,*,#3792,.F.);
#4753=ORIENTED_EDGE('',*,*,#3793,.T.);
#4754=ORIENTED_EDGE('',*,*,#3794,.F.);
#4755=ORIENTED_EDGE('',*,*,#3793,.F.);
#4756=ORIENTED_EDGE('',*,*,#3795,.F.);
#4757=ORIENTED_EDGE('',*,*,#3796,.T.);
#4758=ORIENTED_EDGE('',*,*,#3797,.F.);
#4759=ORIENTED_EDGE('',*,*,#3798,.F.);
#4760=ORIENTED_EDGE('',*,*,#3799,.F.);
#4761=ORIENTED_EDGE('',*,*,#3800,.F.);
#4762=ORIENTED_EDGE('',*,*,#3801,.F.);
#4763=ORIENTED_EDGE('',*,*,#3800,.T.);
#4764=ORIENTED_EDGE('',*,*,#3802,.F.);
#4765=ORIENTED_EDGE('',*,*,#3797,.T.);
#4766=ORIENTED_EDGE('',*,*,#3801,.T.);
#4767=ORIENTED_EDGE('',*,*,#3803,.T.);
#4768=ORIENTED_EDGE('',*,*,#3804,.F.);
#4769=ORIENTED_EDGE('',*,*,#3805,.F.);
#4770=ORIENTED_EDGE('',*,*,#3806,.F.);
#4771=ORIENTED_EDGE('',*,*,#3802,.T.);
#4772=ORIENTED_EDGE('',*,*,#3799,.T.);
#4773=ORIENTED_EDGE('',*,*,#3807,.F.);
#4774=ORIENTED_EDGE('',*,*,#3808,.F.);
#4775=ORIENTED_EDGE('',*,*,#3809,.F.);
#4776=ORIENTED_EDGE('',*,*,#3803,.F.);
#4777=ORIENTED_EDGE('',*,*,#3787,.T.);
#4778=ORIENTED_EDGE('',*,*,#3791,.T.);
#4779=ORIENTED_EDGE('',*,*,#3794,.T.);
#4780=ORIENTED_EDGE('',*,*,#3810,.T.);
#4781=ORIENTED_EDGE('',*,*,#3811,.T.);
#4782=ORIENTED_EDGE('',*,*,#3812,.F.);
#4783=ORIENTED_EDGE('',*,*,#3813,.F.);
#4784=ORIENTED_EDGE('',*,*,#3814,.T.);
#4785=ORIENTED_EDGE('',*,*,#3815,.T.);
#4786=ORIENTED_EDGE('',*,*,#3816,.T.);
#4787=ORIENTED_EDGE('',*,*,#3817,.T.);
#4788=ORIENTED_EDGE('',*,*,#3818,.T.);
#4789=ORIENTED_EDGE('',*,*,#3816,.F.);
#4790=ORIENTED_EDGE('',*,*,#3819,.F.);
#4791=ORIENTED_EDGE('',*,*,#3820,.F.);
#4792=ORIENTED_EDGE('',*,*,#3821,.F.);
#4793=ORIENTED_EDGE('',*,*,#3822,.T.);
#4794=ORIENTED_EDGE('',*,*,#3823,.T.);
#4795=ORIENTED_EDGE('',*,*,#3812,.T.);
#4796=ORIENTED_EDGE('',*,*,#3824,.T.);
#4797=ORIENTED_EDGE('',*,*,#3825,.T.);
#4798=ORIENTED_EDGE('',*,*,#3826,.T.);
#4799=ORIENTED_EDGE('',*,*,#3827,.T.);
#4800=ORIENTED_EDGE('',*,*,#3828,.T.);
#4801=ORIENTED_EDGE('',*,*,#3829,.T.);
#4802=ORIENTED_EDGE('',*,*,#3830,.T.);
#4803=ORIENTED_EDGE('',*,*,#3815,.F.);
#4804=ORIENTED_EDGE('',*,*,#3831,.T.);
#4805=ORIENTED_EDGE('',*,*,#3832,.T.);
#4806=ORIENTED_EDGE('',*,*,#3833,.F.);
#4807=ORIENTED_EDGE('',*,*,#3834,.T.);
#4808=ORIENTED_EDGE('',*,*,#3835,.T.);
#4809=ORIENTED_EDGE('',*,*,#3836,.F.);
#4810=ORIENTED_EDGE('',*,*,#3837,.T.);
#4811=ORIENTED_EDGE('',*,*,#3838,.T.);
#4812=ORIENTED_EDGE('',*,*,#3839,.F.);
#4813=ORIENTED_EDGE('',*,*,#3804,.T.);
#4814=ORIENTED_EDGE('',*,*,#3809,.T.);
#4815=ORIENTED_EDGE('',*,*,#3840,.F.);
#4816=ORIENTED_EDGE('',*,*,#3841,.T.);
#4817=ORIENTED_EDGE('',*,*,#3819,.T.);
#4818=ORIENTED_EDGE('',*,*,#3833,.T.);
#4819=ORIENTED_EDGE('',*,*,#3842,.T.);
#4820=ORIENTED_EDGE('',*,*,#3843,.T.);
#4821=ORIENTED_EDGE('',*,*,#3844,.T.);
#4822=ORIENTED_EDGE('',*,*,#3844,.F.);
#4823=ORIENTED_EDGE('',*,*,#3845,.F.);
#4824=ORIENTED_EDGE('',*,*,#3846,.T.);
#4825=ORIENTED_EDGE('',*,*,#3834,.F.);
#4826=ORIENTED_EDGE('',*,*,#3840,.T.);
#4827=ORIENTED_EDGE('',*,*,#3808,.T.);
#4828=ORIENTED_EDGE('',*,*,#3847,.T.);
#4829=ORIENTED_EDGE('',*,*,#3848,.T.);
#4830=ORIENTED_EDGE('',*,*,#3848,.F.);
#4831=ORIENTED_EDGE('',*,*,#3849,.F.);
#4832=ORIENTED_EDGE('',*,*,#3820,.T.);
#4833=ORIENTED_EDGE('',*,*,#3841,.F.);
#4834=ORIENTED_EDGE('',*,*,#3836,.T.);
#4835=ORIENTED_EDGE('',*,*,#3850,.T.);
#4836=ORIENTED_EDGE('',*,*,#3851,.T.);
#4837=ORIENTED_EDGE('',*,*,#3852,.T.);
#4838=ORIENTED_EDGE('',*,*,#3852,.F.);
#4839=ORIENTED_EDGE('',*,*,#3853,.F.);
#4840=ORIENTED_EDGE('',*,*,#3854,.T.);
#4841=ORIENTED_EDGE('',*,*,#3837,.F.);
#4842=ORIENTED_EDGE('',*,*,#3839,.T.);
#4843=ORIENTED_EDGE('',*,*,#3855,.T.);
#4844=ORIENTED_EDGE('',*,*,#3856,.T.);
#4845=ORIENTED_EDGE('',*,*,#3805,.T.);
#4846=ORIENTED_EDGE('',*,*,#3857,.T.);
#4847=ORIENTED_EDGE('',*,*,#3858,.T.);
#4848=ORIENTED_EDGE('',*,*,#3859,.T.);
#4849=ORIENTED_EDGE('',*,*,#3860,.T.);
#4850=ORIENTED_EDGE('',*,*,#3861,.T.);
#4851=ORIENTED_EDGE('',*,*,#3862,.F.);
#4852=ORIENTED_EDGE('',*,*,#3863,.T.);
#4853=ORIENTED_EDGE('',*,*,#3859,.F.);
#4854=ORIENTED_EDGE('',*,*,#3864,.F.);
#4855=ORIENTED_EDGE('',*,*,#3850,.F.);
#4856=ORIENTED_EDGE('',*,*,#3835,.F.);
#4857=ORIENTED_EDGE('',*,*,#3846,.F.);
#4858=ORIENTED_EDGE('',*,*,#3865,.F.);
#4859=ORIENTED_EDGE('',*,*,#3855,.F.);
#4860=ORIENTED_EDGE('',*,*,#3838,.F.);
#4861=ORIENTED_EDGE('',*,*,#3854,.F.);
#4862=ORIENTED_EDGE('',*,*,#3866,.F.);
#4863=ORIENTED_EDGE('',*,*,#3842,.F.);
#4864=ORIENTED_EDGE('',*,*,#3832,.F.);
#4865=ORIENTED_EDGE('',*,*,#3867,.F.);
#4866=ORIENTED_EDGE('',*,*,#3868,.F.);
#4867=ORIENTED_EDGE('',*,*,#3818,.F.);
#4868=ORIENTED_EDGE('',*,*,#3869,.F.);
#4869=ORIENTED_EDGE('',*,*,#3867,.T.);
#4870=ORIENTED_EDGE('',*,*,#3831,.F.);
#4871=ORIENTED_EDGE('',*,*,#3870,.F.);
#4872=ORIENTED_EDGE('',*,*,#3871,.T.);
#4873=ORIENTED_EDGE('',*,*,#3830,.F.);
#4874=ORIENTED_EDGE('',*,*,#3872,.F.);
#4875=ORIENTED_EDGE('',*,*,#3873,.T.);
#4876=ORIENTED_EDGE('',*,*,#3872,.T.);
#4877=ORIENTED_EDGE('',*,*,#3829,.F.);
#4878=ORIENTED_EDGE('',*,*,#3874,.F.);
#4879=ORIENTED_EDGE('',*,*,#3875,.F.);
#4880=ORIENTED_EDGE('',*,*,#3874,.T.);
#4881=ORIENTED_EDGE('',*,*,#3828,.F.);
#4882=ORIENTED_EDGE('',*,*,#3876,.F.);
#4883=ORIENTED_EDGE('',*,*,#3877,.T.);
#4884=ORIENTED_EDGE('',*,*,#3876,.T.);
#4885=ORIENTED_EDGE('',*,*,#3827,.F.);
#4886=ORIENTED_EDGE('',*,*,#3878,.F.);
#4887=ORIENTED_EDGE('',*,*,#3879,.T.);
#4888=ORIENTED_EDGE('',*,*,#3878,.T.);
#4889=ORIENTED_EDGE('',*,*,#3826,.F.);
#4890=ORIENTED_EDGE('',*,*,#3880,.F.);
#4891=ORIENTED_EDGE('',*,*,#3881,.T.);
#4892=ORIENTED_EDGE('',*,*,#3880,.T.);
#4893=ORIENTED_EDGE('',*,*,#3825,.F.);
#4894=ORIENTED_EDGE('',*,*,#3882,.F.);
#4895=ORIENTED_EDGE('',*,*,#3883,.T.);
#4896=ORIENTED_EDGE('',*,*,#3882,.T.);
#4897=ORIENTED_EDGE('',*,*,#3824,.F.);
#4898=ORIENTED_EDGE('',*,*,#3811,.F.);
#4899=ORIENTED_EDGE('',*,*,#3789,.T.);
#4900=ORIENTED_EDGE('',*,*,#3884,.T.);
#4901=ORIENTED_EDGE('',*,*,#3813,.T.);
#4902=ORIENTED_EDGE('',*,*,#3823,.F.);
#4903=ORIENTED_EDGE('',*,*,#3885,.F.);
#4904=ORIENTED_EDGE('',*,*,#3886,.T.);
#4905=ORIENTED_EDGE('',*,*,#3795,.T.);
#4906=ORIENTED_EDGE('',*,*,#3792,.T.);
#4907=ORIENTED_EDGE('',*,*,#3887,.F.);
#4908=ORIENTED_EDGE('',*,*,#3885,.T.);
#4909=ORIENTED_EDGE('',*,*,#3822,.F.);
#4910=ORIENTED_EDGE('',*,*,#3871,.F.);
#4911=ORIENTED_EDGE('',*,*,#3861,.F.);
#4912=ORIENTED_EDGE('',*,*,#3888,.T.);
#4913=ORIENTED_EDGE('',*,*,#3889,.T.);
#4914=ORIENTED_EDGE('',*,*,#3888,.F.);
#4915=ORIENTED_EDGE('',*,*,#3798,.T.);
#4916=ORIENTED_EDGE('',*,*,#3806,.T.);
#4917=ORIENTED_EDGE('',*,*,#3856,.F.);
#4918=ORIENTED_EDGE('',*,*,#3866,.T.);
#4919=ORIENTED_EDGE('',*,*,#3853,.T.);
#4920=ORIENTED_EDGE('',*,*,#3851,.F.);
#4921=ORIENTED_EDGE('',*,*,#3865,.T.);
#4922=ORIENTED_EDGE('',*,*,#3845,.T.);
#4923=ORIENTED_EDGE('',*,*,#3843,.F.);
#4924=ORIENTED_EDGE('',*,*,#3868,.T.);
#4925=ORIENTED_EDGE('',*,*,#3869,.T.);
#4926=ORIENTED_EDGE('',*,*,#3817,.F.);
#4927=ORIENTED_EDGE('',*,*,#3821,.T.);
#4928=ORIENTED_EDGE('',*,*,#3849,.T.);
#4929=ORIENTED_EDGE('',*,*,#3847,.F.);
#4930=ORIENTED_EDGE('',*,*,#3807,.T.);
#4931=ORIENTED_EDGE('',*,*,#3890,.T.);
#4932=ORIENTED_EDGE('',*,*,#3862,.T.);
#4933=ORIENTED_EDGE('',*,*,#3891,.T.);
#4934=ORIENTED_EDGE('',*,*,#3892,.T.);
#4935=ORIENTED_EDGE('',*,*,#3796,.F.);
#4936=ORIENTED_EDGE('',*,*,#3886,.F.);
#4937=ORIENTED_EDGE('',*,*,#3887,.T.);
#4938=ORIENTED_EDGE('',*,*,#3870,.T.);
#4939=ORIENTED_EDGE('',*,*,#3873,.F.);
#4940=ORIENTED_EDGE('',*,*,#3875,.T.);
#4941=ORIENTED_EDGE('',*,*,#3877,.F.);
#4942=ORIENTED_EDGE('',*,*,#3879,.F.);
#4943=ORIENTED_EDGE('',*,*,#3881,.F.);
#4944=ORIENTED_EDGE('',*,*,#3883,.F.);
#4945=ORIENTED_EDGE('',*,*,#3810,.F.);
#4946=ORIENTED_EDGE('',*,*,#3814,.F.);
#4947=ORIENTED_EDGE('',*,*,#3884,.F.);
#4948=ORIENTED_EDGE('',*,*,#3788,.F.);
#4949=ORIENTED_EDGE('',*,*,#3889,.F.);
#4950=ORIENTED_EDGE('',*,*,#3857,.F.);
#4951=ORIENTED_EDGE('',*,*,#3893,.T.);
#4952=ORIENTED_EDGE('',*,*,#3894,.F.);
#4953=ORIENTED_EDGE('',*,*,#3895,.F.);
#4954=ORIENTED_EDGE('',*,*,#3895,.T.);
#4955=ORIENTED_EDGE('',*,*,#3896,.F.);
#4956=ORIENTED_EDGE('',*,*,#3897,.F.);
#4957=ORIENTED_EDGE('',*,*,#3891,.F.);
#4958=ORIENTED_EDGE('',*,*,#3864,.T.);
#4959=ORIENTED_EDGE('',*,*,#3858,.F.);
#4960=ORIENTED_EDGE('',*,*,#3897,.T.);
#4961=ORIENTED_EDGE('',*,*,#3898,.F.);
#4962=ORIENTED_EDGE('',*,*,#3899,.F.);
#4963=ORIENTED_EDGE('',*,*,#3892,.F.);
#4964=ORIENTED_EDGE('',*,*,#3899,.T.);
#4965=ORIENTED_EDGE('',*,*,#3900,.F.);
#4966=ORIENTED_EDGE('',*,*,#3893,.F.);
#4967=ORIENTED_EDGE('',*,*,#3860,.F.);
#4968=ORIENTED_EDGE('',*,*,#3863,.F.);
#4969=ORIENTED_EDGE('',*,*,#3890,.F.);
#4970=ORIENTED_EDGE('',*,*,#3900,.T.);
#4971=ORIENTED_EDGE('',*,*,#3898,.T.);
#4972=ORIENTED_EDGE('',*,*,#3896,.T.);
#4973=ORIENTED_EDGE('',*,*,#3894,.T.);
#4974=ORIENTED_EDGE('',*,*,#3901,.T.);
#4975=ORIENTED_EDGE('',*,*,#3902,.T.);
#4976=ORIENTED_EDGE('',*,*,#3903,.F.);
#4977=ORIENTED_EDGE('',*,*,#3904,.F.);
#4978=ORIENTED_EDGE('',*,*,#3905,.T.);
#4979=ORIENTED_EDGE('',*,*,#3904,.T.);
#4980=ORIENTED_EDGE('',*,*,#3906,.F.);
#4981=ORIENTED_EDGE('',*,*,#3907,.F.);
#4982=ORIENTED_EDGE('',*,*,#3908,.T.);
#4983=ORIENTED_EDGE('',*,*,#3907,.T.);
#4984=ORIENTED_EDGE('',*,*,#3909,.F.);
#4985=ORIENTED_EDGE('',*,*,#3910,.F.);
#4986=ORIENTED_EDGE('',*,*,#3911,.T.);
#4987=ORIENTED_EDGE('',*,*,#3910,.T.);
#4988=ORIENTED_EDGE('',*,*,#3912,.F.);
#4989=ORIENTED_EDGE('',*,*,#3902,.F.);
#4990=ORIENTED_EDGE('',*,*,#3912,.T.);
#4991=ORIENTED_EDGE('',*,*,#3909,.T.);
#4992=ORIENTED_EDGE('',*,*,#3906,.T.);
#4993=ORIENTED_EDGE('',*,*,#3903,.T.);
#4994=ORIENTED_EDGE('',*,*,#3911,.F.);
#4995=ORIENTED_EDGE('',*,*,#3901,.F.);
#4996=ORIENTED_EDGE('',*,*,#3905,.F.);
#4997=ORIENTED_EDGE('',*,*,#3908,.F.);
#4998=ORIENTED_EDGE('',*,*,#3913,.F.);
#4999=ORIENTED_EDGE('',*,*,#3914,.T.);
#5000=ORIENTED_EDGE('',*,*,#3915,.T.);
#5001=ORIENTED_EDGE('',*,*,#3914,.F.);
#5002=ORIENTED_EDGE('',*,*,#3915,.F.);
#5003=ORIENTED_EDGE('',*,*,#3916,.F.);
#5004=ORIENTED_EDGE('',*,*,#3917,.T.);
#5005=ORIENTED_EDGE('',*,*,#3918,.T.);
#5006=ORIENTED_EDGE('',*,*,#3917,.F.);
#5007=ORIENTED_EDGE('',*,*,#3918,.F.);
#5008=ORIENTED_EDGE('',*,*,#3919,.F.);
#5009=ORIENTED_EDGE('',*,*,#3920,.T.);
#5010=ORIENTED_EDGE('',*,*,#3921,.T.);
#5011=ORIENTED_EDGE('',*,*,#3920,.F.);
#5012=ORIENTED_EDGE('',*,*,#3919,.T.);
#5013=ORIENTED_EDGE('',*,*,#3916,.T.);
#5014=ORIENTED_EDGE('',*,*,#3921,.F.);
#5015=ORIENTED_EDGE('',*,*,#3913,.T.);
#5016=ORIENTED_EDGE('',*,*,#3922,.F.);
#5017=ORIENTED_EDGE('',*,*,#3923,.F.);
#5018=ORIENTED_EDGE('',*,*,#3924,.F.);
#5019=ORIENTED_EDGE('',*,*,#3925,.F.);
#5020=ORIENTED_EDGE('',*,*,#3926,.F.);
#5021=ORIENTED_EDGE('',*,*,#3927,.T.);
#5022=ORIENTED_EDGE('',*,*,#3928,.T.);
#5023=ORIENTED_EDGE('',*,*,#3929,.F.);
#5024=ORIENTED_EDGE('',*,*,#3930,.F.);
#5025=ORIENTED_EDGE('',*,*,#3929,.T.);
#5026=ORIENTED_EDGE('',*,*,#3931,.F.);
#5027=ORIENTED_EDGE('',*,*,#3932,.F.);
#5028=ORIENTED_EDGE('',*,*,#3933,.F.);
#5029=ORIENTED_EDGE('',*,*,#3934,.T.);
#5030=ORIENTED_EDGE('',*,*,#3935,.F.);
#5031=ORIENTED_EDGE('',*,*,#3936,.F.);
#5032=ORIENTED_EDGE('',*,*,#3937,.F.);
#5033=ORIENTED_EDGE('',*,*,#3936,.T.);
#5034=ORIENTED_EDGE('',*,*,#3938,.T.);
#5035=ORIENTED_EDGE('',*,*,#3939,.F.);
#5036=ORIENTED_EDGE('',*,*,#3940,.F.);
#5037=ORIENTED_EDGE('',*,*,#3941,.F.);
#5038=ORIENTED_EDGE('',*,*,#3942,.F.);
#5039=ORIENTED_EDGE('',*,*,#3943,.T.);
#5040=ORIENTED_EDGE('',*,*,#3944,.F.);
#5041=ORIENTED_EDGE('',*,*,#3943,.F.);
#5042=ORIENTED_EDGE('',*,*,#3945,.T.);
#5043=ORIENTED_EDGE('',*,*,#3946,.F.);
#5044=ORIENTED_EDGE('',*,*,#3947,.F.);
#5045=ORIENTED_EDGE('',*,*,#3948,.F.);
#5046=ORIENTED_EDGE('',*,*,#3949,.T.);
#5047=ORIENTED_EDGE('',*,*,#3950,.T.);
#5048=ORIENTED_EDGE('',*,*,#3951,.F.);
#5049=ORIENTED_EDGE('',*,*,#3950,.F.);
#5050=ORIENTED_EDGE('',*,*,#3952,.T.);
#5051=ORIENTED_EDGE('',*,*,#3953,.F.);
#5052=ORIENTED_EDGE('',*,*,#3954,.F.);
#5053=ORIENTED_EDGE('',*,*,#3953,.T.);
#5054=ORIENTED_EDGE('',*,*,#3955,.T.);
#5055=ORIENTED_EDGE('',*,*,#3956,.T.);
#5056=ORIENTED_EDGE('',*,*,#3957,.F.);
#5057=ORIENTED_EDGE('',*,*,#3956,.F.);
#5058=ORIENTED_EDGE('',*,*,#3958,.T.);
#5059=ORIENTED_EDGE('',*,*,#3959,.F.);
#5060=ORIENTED_EDGE('',*,*,#3960,.F.);
#5061=ORIENTED_EDGE('',*,*,#3959,.T.);
#5062=ORIENTED_EDGE('',*,*,#3961,.T.);
#5063=ORIENTED_EDGE('',*,*,#3962,.F.);
#5064=ORIENTED_EDGE('',*,*,#3963,.F.);
#5065=ORIENTED_EDGE('',*,*,#3962,.T.);
#5066=ORIENTED_EDGE('',*,*,#3964,.T.);
#5067=ORIENTED_EDGE('',*,*,#3965,.F.);
#5068=ORIENTED_EDGE('',*,*,#3966,.F.);
#5069=ORIENTED_EDGE('',*,*,#3967,.T.);
#5070=ORIENTED_EDGE('',*,*,#3968,.F.);
#5071=ORIENTED_EDGE('',*,*,#3969,.T.);
#5072=ORIENTED_EDGE('',*,*,#3970,.F.);
#5073=ORIENTED_EDGE('',*,*,#3969,.F.);
#5074=ORIENTED_EDGE('',*,*,#3971,.F.);
#5075=ORIENTED_EDGE('',*,*,#3972,.F.);
#5076=ORIENTED_EDGE('',*,*,#3973,.F.);
#5077=ORIENTED_EDGE('',*,*,#3974,.T.);
#5078=ORIENTED_EDGE('',*,*,#3975,.T.);
#5079=ORIENTED_EDGE('',*,*,#3976,.T.);
#5080=ORIENTED_EDGE('',*,*,#3977,.F.);
#5081=ORIENTED_EDGE('',*,*,#3976,.F.);
#5082=ORIENTED_EDGE('',*,*,#3978,.T.);
#5083=ORIENTED_EDGE('',*,*,#3979,.F.);
#5084=ORIENTED_EDGE('',*,*,#3980,.F.);
#5085=ORIENTED_EDGE('',*,*,#3981,.T.);
#5086=ORIENTED_EDGE('',*,*,#3982,.T.);
#5087=ORIENTED_EDGE('',*,*,#3983,.T.);
#5088=ORIENTED_EDGE('',*,*,#3984,.F.);
#5089=ORIENTED_EDGE('',*,*,#3983,.F.);
#5090=ORIENTED_EDGE('',*,*,#3985,.T.);
#5091=ORIENTED_EDGE('',*,*,#3986,.F.);
#5092=ORIENTED_EDGE('',*,*,#3987,.F.);
#5093=ORIENTED_EDGE('',*,*,#3988,.T.);
#5094=ORIENTED_EDGE('',*,*,#3989,.T.);
#5095=ORIENTED_EDGE('',*,*,#3990,.F.);
#5096=ORIENTED_EDGE('',*,*,#3991,.F.);
#5097=ORIENTED_EDGE('',*,*,#3990,.T.);
#5098=ORIENTED_EDGE('',*,*,#3992,.F.);
#5099=ORIENTED_EDGE('',*,*,#3993,.F.);
#5100=ORIENTED_EDGE('',*,*,#3994,.F.);
#5101=ORIENTED_EDGE('',*,*,#3995,.T.);
#5102=ORIENTED_EDGE('',*,*,#3996,.T.);
#5103=ORIENTED_EDGE('',*,*,#3997,.T.);
#5104=ORIENTED_EDGE('',*,*,#3998,.F.);
#5105=ORIENTED_EDGE('',*,*,#3997,.F.);
#5106=ORIENTED_EDGE('',*,*,#3999,.T.);
#5107=ORIENTED_EDGE('',*,*,#4000,.F.);
#5108=ORIENTED_EDGE('',*,*,#4001,.F.);
#5109=ORIENTED_EDGE('',*,*,#4002,.F.);
#5110=ORIENTED_EDGE('',*,*,#4003,.T.);
#5111=ORIENTED_EDGE('',*,*,#4004,.T.);
#5112=ORIENTED_EDGE('',*,*,#4005,.F.);
#5113=ORIENTED_EDGE('',*,*,#4004,.F.);
#5114=ORIENTED_EDGE('',*,*,#4006,.T.);
#5115=ORIENTED_EDGE('',*,*,#4007,.F.);
#5116=ORIENTED_EDGE('',*,*,#4008,.F.);
#5117=ORIENTED_EDGE('',*,*,#4009,.T.);
#5118=ORIENTED_EDGE('',*,*,#4010,.T.);
#5119=ORIENTED_EDGE('',*,*,#4011,.T.);
#5120=ORIENTED_EDGE('',*,*,#4012,.F.);
#5121=ORIENTED_EDGE('',*,*,#4011,.F.);
#5122=ORIENTED_EDGE('',*,*,#4013,.T.);
#5123=ORIENTED_EDGE('',*,*,#4014,.F.);
#5124=ORIENTED_EDGE('',*,*,#4015,.F.);
#5125=ORIENTED_EDGE('',*,*,#4016,.T.);
#5126=ORIENTED_EDGE('',*,*,#4017,.T.);
#5127=ORIENTED_EDGE('',*,*,#4018,.T.);
#5128=ORIENTED_EDGE('',*,*,#4019,.F.);
#5129=ORIENTED_EDGE('',*,*,#4018,.F.);
#5130=ORIENTED_EDGE('',*,*,#4020,.T.);
#5131=ORIENTED_EDGE('',*,*,#4021,.F.);
#5132=ORIENTED_EDGE('',*,*,#4022,.F.);
#5133=ORIENTED_EDGE('',*,*,#4023,.T.);
#5134=ORIENTED_EDGE('',*,*,#4024,.F.);
#5135=ORIENTED_EDGE('',*,*,#4025,.T.);
#5136=ORIENTED_EDGE('',*,*,#4026,.F.);
#5137=ORIENTED_EDGE('',*,*,#4025,.F.);
#5138=ORIENTED_EDGE('',*,*,#4027,.T.);
#5139=ORIENTED_EDGE('',*,*,#4028,.F.);
#5140=ORIENTED_EDGE('',*,*,#4029,.F.);
#5141=ORIENTED_EDGE('',*,*,#4030,.T.);
#5142=ORIENTED_EDGE('',*,*,#4031,.T.);
#5143=ORIENTED_EDGE('',*,*,#4032,.T.);
#5144=ORIENTED_EDGE('',*,*,#4033,.F.);
#5145=ORIENTED_EDGE('',*,*,#4032,.F.);
#5146=ORIENTED_EDGE('',*,*,#4034,.T.);
#5147=ORIENTED_EDGE('',*,*,#4035,.F.);
#5148=ORIENTED_EDGE('',*,*,#4036,.F.);
#5149=ORIENTED_EDGE('',*,*,#4037,.T.);
#5150=ORIENTED_EDGE('',*,*,#4038,.T.);
#5151=ORIENTED_EDGE('',*,*,#4039,.T.);
#5152=ORIENTED_EDGE('',*,*,#4040,.F.);
#5153=ORIENTED_EDGE('',*,*,#4039,.F.);
#5154=ORIENTED_EDGE('',*,*,#4041,.F.);
#5155=ORIENTED_EDGE('',*,*,#4042,.F.);
#5156=ORIENTED_EDGE('',*,*,#4043,.F.);
#5157=ORIENTED_EDGE('',*,*,#4044,.T.);
#5158=ORIENTED_EDGE('',*,*,#4045,.T.);
#5159=ORIENTED_EDGE('',*,*,#4046,.T.);
#5160=ORIENTED_EDGE('',*,*,#4047,.F.);
#5161=ORIENTED_EDGE('',*,*,#4046,.F.);
#5162=ORIENTED_EDGE('',*,*,#4048,.T.);
#5163=ORIENTED_EDGE('',*,*,#4049,.F.);
#5164=ORIENTED_EDGE('',*,*,#4050,.F.);
#5165=ORIENTED_EDGE('',*,*,#4051,.T.);
#5166=ORIENTED_EDGE('',*,*,#4052,.T.);
#5167=ORIENTED_EDGE('',*,*,#4053,.T.);
#5168=ORIENTED_EDGE('',*,*,#4054,.F.);
#5169=ORIENTED_EDGE('',*,*,#4053,.F.);
#5170=ORIENTED_EDGE('',*,*,#4055,.F.);
#5171=ORIENTED_EDGE('',*,*,#4056,.F.);
#5172=ORIENTED_EDGE('',*,*,#4057,.F.);
#5173=ORIENTED_EDGE('',*,*,#4058,.T.);
#5174=ORIENTED_EDGE('',*,*,#4059,.T.);
#5175=ORIENTED_EDGE('',*,*,#4060,.T.);
#5176=ORIENTED_EDGE('',*,*,#4061,.F.);
#5177=ORIENTED_EDGE('',*,*,#4060,.F.);
#5178=ORIENTED_EDGE('',*,*,#4062,.T.);
#5179=ORIENTED_EDGE('',*,*,#4063,.F.);
#5180=ORIENTED_EDGE('',*,*,#4064,.F.);
#5181=ORIENTED_EDGE('',*,*,#4065,.T.);
#5182=ORIENTED_EDGE('',*,*,#4066,.T.);
#5183=ORIENTED_EDGE('',*,*,#4067,.T.);
#5184=ORIENTED_EDGE('',*,*,#4068,.F.);
#5185=ORIENTED_EDGE('',*,*,#4067,.F.);
#5186=ORIENTED_EDGE('',*,*,#4069,.F.);
#5187=ORIENTED_EDGE('',*,*,#4070,.F.);
#5188=ORIENTED_EDGE('',*,*,#4071,.F.);
#5189=ORIENTED_EDGE('',*,*,#4072,.T.);
#5190=ORIENTED_EDGE('',*,*,#4073,.T.);
#5191=ORIENTED_EDGE('',*,*,#4074,.F.);
#5192=ORIENTED_EDGE('',*,*,#4075,.F.);
#5193=ORIENTED_EDGE('',*,*,#4076,.T.);
#5194=ORIENTED_EDGE('',*,*,#4077,.F.);
#5195=ORIENTED_EDGE('',*,*,#4078,.F.);
#5196=ORIENTED_EDGE('',*,*,#4079,.F.);
#5197=ORIENTED_EDGE('',*,*,#4080,.T.);
#5198=ORIENTED_EDGE('',*,*,#4081,.T.);
#5199=ORIENTED_EDGE('',*,*,#4082,.F.);
#5200=ORIENTED_EDGE('',*,*,#4083,.F.);
#5201=ORIENTED_EDGE('',*,*,#4084,.T.);
#5202=ORIENTED_EDGE('',*,*,#4085,.F.);
#5203=ORIENTED_EDGE('',*,*,#4086,.T.);
#5204=ORIENTED_EDGE('',*,*,#4087,.F.);
#5205=ORIENTED_EDGE('',*,*,#4086,.F.);
#5206=ORIENTED_EDGE('',*,*,#4088,.T.);
#5207=ORIENTED_EDGE('',*,*,#4089,.F.);
#5208=ORIENTED_EDGE('',*,*,#4090,.F.);
#5209=ORIENTED_EDGE('',*,*,#4091,.T.);
#5210=ORIENTED_EDGE('',*,*,#4092,.F.);
#5211=ORIENTED_EDGE('',*,*,#4093,.F.);
#5212=ORIENTED_EDGE('',*,*,#4094,.F.);
#5213=ORIENTED_EDGE('',*,*,#4095,.T.);
#5214=ORIENTED_EDGE('',*,*,#4096,.T.);
#5215=ORIENTED_EDGE('',*,*,#4097,.T.);
#5216=ORIENTED_EDGE('',*,*,#4098,.F.);
#5217=ORIENTED_EDGE('',*,*,#4097,.F.);
#5218=ORIENTED_EDGE('',*,*,#4099,.T.);
#5219=ORIENTED_EDGE('',*,*,#4100,.F.);
#5220=ORIENTED_EDGE('',*,*,#4101,.F.);
#5221=ORIENTED_EDGE('',*,*,#4102,.T.);
#5222=ORIENTED_EDGE('',*,*,#4103,.T.);
#5223=ORIENTED_EDGE('',*,*,#4104,.T.);
#5224=ORIENTED_EDGE('',*,*,#4105,.F.);
#5225=ORIENTED_EDGE('',*,*,#4104,.F.);
#5226=ORIENTED_EDGE('',*,*,#4106,.T.);
#5227=ORIENTED_EDGE('',*,*,#4107,.F.);
#5228=ORIENTED_EDGE('',*,*,#4108,.F.);
#5229=ORIENTED_EDGE('',*,*,#4109,.T.);
#5230=ORIENTED_EDGE('',*,*,#4110,.F.);
#5231=ORIENTED_EDGE('',*,*,#4111,.T.);
#5232=ORIENTED_EDGE('',*,*,#4112,.F.);
#5233=ORIENTED_EDGE('',*,*,#4111,.F.);
#5234=ORIENTED_EDGE('',*,*,#4113,.T.);
#5235=ORIENTED_EDGE('',*,*,#4114,.F.);
#5236=ORIENTED_EDGE('',*,*,#4115,.F.);
#5237=ORIENTED_EDGE('',*,*,#4116,.T.);
#5238=ORIENTED_EDGE('',*,*,#4117,.T.);
#5239=ORIENTED_EDGE('',*,*,#4118,.T.);
#5240=ORIENTED_EDGE('',*,*,#4119,.F.);
#5241=ORIENTED_EDGE('',*,*,#4118,.F.);
#5242=ORIENTED_EDGE('',*,*,#4120,.F.);
#5243=ORIENTED_EDGE('',*,*,#4121,.F.);
#5244=ORIENTED_EDGE('',*,*,#4122,.F.);
#5245=ORIENTED_EDGE('',*,*,#4123,.T.);
#5246=ORIENTED_EDGE('',*,*,#4124,.T.);
#5247=ORIENTED_EDGE('',*,*,#4125,.T.);
#5248=ORIENTED_EDGE('',*,*,#4126,.F.);
#5249=ORIENTED_EDGE('',*,*,#4125,.F.);
#5250=ORIENTED_EDGE('',*,*,#4127,.T.);
#5251=ORIENTED_EDGE('',*,*,#4128,.F.);
#5252=ORIENTED_EDGE('',*,*,#4129,.F.);
#5253=ORIENTED_EDGE('',*,*,#4130,.T.);
#5254=ORIENTED_EDGE('',*,*,#4131,.F.);
#5255=ORIENTED_EDGE('',*,*,#4132,.T.);
#5256=ORIENTED_EDGE('',*,*,#4133,.F.);
#5257=ORIENTED_EDGE('',*,*,#4132,.F.);
#5258=ORIENTED_EDGE('',*,*,#4134,.T.);
#5259=ORIENTED_EDGE('',*,*,#4135,.F.);
#5260=ORIENTED_EDGE('',*,*,#4136,.F.);
#5261=ORIENTED_EDGE('',*,*,#4137,.T.);
#5262=ORIENTED_EDGE('',*,*,#4138,.T.);
#5263=ORIENTED_EDGE('',*,*,#4139,.T.);
#5264=ORIENTED_EDGE('',*,*,#4140,.F.);
#5265=ORIENTED_EDGE('',*,*,#4139,.F.);
#5266=ORIENTED_EDGE('',*,*,#4141,.F.);
#5267=ORIENTED_EDGE('',*,*,#4142,.F.);
#5268=ORIENTED_EDGE('',*,*,#4143,.F.);
#5269=ORIENTED_EDGE('',*,*,#4144,.F.);
#5270=ORIENTED_EDGE('',*,*,#4145,.T.);
#5271=ORIENTED_EDGE('',*,*,#4146,.F.);
#5272=ORIENTED_EDGE('',*,*,#4147,.F.);
#5273=ORIENTED_EDGE('',*,*,#4148,.T.);
#5274=ORIENTED_EDGE('',*,*,#4149,.F.);
#5275=ORIENTED_EDGE('',*,*,#4150,.F.);
#5276=ORIENTED_EDGE('',*,*,#4151,.F.);
#5277=ORIENTED_EDGE('',*,*,#4152,.T.);
#5278=ORIENTED_EDGE('',*,*,#4153,.T.);
#5279=ORIENTED_EDGE('',*,*,#4154,.F.);
#5280=ORIENTED_EDGE('',*,*,#4155,.F.);
#5281=ORIENTED_EDGE('',*,*,#4156,.T.);
#5282=ORIENTED_EDGE('',*,*,#4157,.F.);
#5283=ORIENTED_EDGE('',*,*,#4158,.T.);
#5284=ORIENTED_EDGE('',*,*,#4159,.F.);
#5285=ORIENTED_EDGE('',*,*,#4158,.F.);
#5286=ORIENTED_EDGE('',*,*,#4160,.F.);
#5287=ORIENTED_EDGE('',*,*,#4161,.F.);
#5288=ORIENTED_EDGE('',*,*,#4162,.F.);
#5289=ORIENTED_EDGE('',*,*,#4163,.F.);
#5290=ORIENTED_EDGE('',*,*,#4164,.T.);
#5291=ORIENTED_EDGE('',*,*,#4165,.F.);
#5292=ORIENTED_EDGE('',*,*,#4166,.F.);
#5293=ORIENTED_EDGE('',*,*,#4167,.T.);
#5294=ORIENTED_EDGE('',*,*,#4168,.T.);
#5295=ORIENTED_EDGE('',*,*,#4169,.T.);
#5296=ORIENTED_EDGE('',*,*,#4170,.F.);
#5297=ORIENTED_EDGE('',*,*,#4169,.F.);
#5298=ORIENTED_EDGE('',*,*,#4171,.T.);
#5299=ORIENTED_EDGE('',*,*,#4172,.F.);
#5300=ORIENTED_EDGE('',*,*,#4173,.F.);
#5301=ORIENTED_EDGE('',*,*,#4174,.T.);
#5302=ORIENTED_EDGE('',*,*,#4175,.T.);
#5303=ORIENTED_EDGE('',*,*,#4176,.T.);
#5304=ORIENTED_EDGE('',*,*,#4177,.F.);
#5305=ORIENTED_EDGE('',*,*,#4176,.F.);
#5306=ORIENTED_EDGE('',*,*,#4178,.T.);
#5307=ORIENTED_EDGE('',*,*,#4179,.F.);
#5308=ORIENTED_EDGE('',*,*,#4180,.F.);
#5309=ORIENTED_EDGE('',*,*,#4181,.T.);
#5310=ORIENTED_EDGE('',*,*,#4182,.F.);
#5311=ORIENTED_EDGE('',*,*,#4183,.T.);
#5312=ORIENTED_EDGE('',*,*,#4184,.F.);
#5313=ORIENTED_EDGE('',*,*,#4183,.F.);
#5314=ORIENTED_EDGE('',*,*,#4185,.F.);
#5315=ORIENTED_EDGE('',*,*,#4186,.F.);
#5316=ORIENTED_EDGE('',*,*,#4187,.F.);
#5317=ORIENTED_EDGE('',*,*,#4188,.T.);
#5318=ORIENTED_EDGE('',*,*,#4189,.T.);
#5319=ORIENTED_EDGE('',*,*,#4190,.T.);
#5320=ORIENTED_EDGE('',*,*,#4191,.F.);
#5321=ORIENTED_EDGE('',*,*,#4190,.F.);
#5322=ORIENTED_EDGE('',*,*,#4192,.T.);
#5323=ORIENTED_EDGE('',*,*,#4193,.F.);
#5324=ORIENTED_EDGE('',*,*,#4194,.F.);
#5325=ORIENTED_EDGE('',*,*,#4195,.T.);
#5326=ORIENTED_EDGE('',*,*,#4196,.T.);
#5327=ORIENTED_EDGE('',*,*,#4197,.T.);
#5328=ORIENTED_EDGE('',*,*,#4198,.F.);
#5329=ORIENTED_EDGE('',*,*,#4197,.F.);
#5330=ORIENTED_EDGE('',*,*,#4199,.T.);
#5331=ORIENTED_EDGE('',*,*,#4200,.F.);
#5332=ORIENTED_EDGE('',*,*,#4201,.F.);
#5333=ORIENTED_EDGE('',*,*,#4202,.T.);
#5334=ORIENTED_EDGE('',*,*,#4203,.F.);
#5335=ORIENTED_EDGE('',*,*,#4204,.F.);
#5336=ORIENTED_EDGE('',*,*,#4205,.F.);
#5337=ORIENTED_EDGE('',*,*,#4204,.T.);
#5338=ORIENTED_EDGE('',*,*,#4206,.F.);
#5339=ORIENTED_EDGE('',*,*,#4207,.F.);
#5340=ORIENTED_EDGE('',*,*,#4208,.F.);
#5341=ORIENTED_EDGE('',*,*,#4209,.F.);
#5342=ORIENTED_EDGE('',*,*,#4210,.T.);
#5343=ORIENTED_EDGE('',*,*,#4211,.F.);
#5344=ORIENTED_EDGE('',*,*,#4212,.F.);
#5345=ORIENTED_EDGE('',*,*,#4211,.T.);
#5346=ORIENTED_EDGE('',*,*,#4213,.T.);
#5347=ORIENTED_EDGE('',*,*,#4214,.T.);
#5348=ORIENTED_EDGE('',*,*,#4215,.F.);
#5349=ORIENTED_EDGE('',*,*,#4216,.T.);
#5350=ORIENTED_EDGE('',*,*,#4217,.T.);
#5351=ORIENTED_EDGE('',*,*,#4218,.T.);
#5352=ORIENTED_EDGE('',*,*,#4219,.F.);
#5353=ORIENTED_EDGE('',*,*,#4220,.T.);
#5354=ORIENTED_EDGE('',*,*,#4221,.T.);
#5355=ORIENTED_EDGE('',*,*,#4222,.T.);
#5356=ORIENTED_EDGE('',*,*,#4223,.F.);
#5357=ORIENTED_EDGE('',*,*,#4218,.F.);
#5358=ORIENTED_EDGE('',*,*,#4224,.T.);
#5359=ORIENTED_EDGE('',*,*,#4225,.T.);
#5360=ORIENTED_EDGE('',*,*,#4226,.F.);
#5361=ORIENTED_EDGE('',*,*,#4222,.F.);
#5362=ORIENTED_EDGE('',*,*,#4227,.T.);
#5363=ORIENTED_EDGE('',*,*,#4228,.F.);
#5364=ORIENTED_EDGE('',*,*,#4229,.F.);
#5365=ORIENTED_EDGE('',*,*,#4230,.T.);
#5366=ORIENTED_EDGE('',*,*,#4231,.T.);
#5367=ORIENTED_EDGE('',*,*,#4232,.F.);
#5368=ORIENTED_EDGE('',*,*,#4233,.F.);
#5369=ORIENTED_EDGE('',*,*,#4232,.T.);
#5370=ORIENTED_EDGE('',*,*,#4234,.T.);
#5371=ORIENTED_EDGE('',*,*,#4235,.F.);
#5372=ORIENTED_EDGE('',*,*,#4236,.F.);
#5373=ORIENTED_EDGE('',*,*,#4237,.T.);
#5374=ORIENTED_EDGE('',*,*,#4238,.T.);
#5375=ORIENTED_EDGE('',*,*,#4239,.T.);
#5376=ORIENTED_EDGE('',*,*,#4240,.F.);
#5377=ORIENTED_EDGE('',*,*,#4239,.F.);
#5378=ORIENTED_EDGE('',*,*,#4241,.T.);
#5379=ORIENTED_EDGE('',*,*,#4242,.F.);
#5380=ORIENTED_EDGE('',*,*,#4243,.F.);
#5381=ORIENTED_EDGE('',*,*,#4244,.T.);
#5382=ORIENTED_EDGE('',*,*,#4245,.T.);
#5383=ORIENTED_EDGE('',*,*,#4246,.T.);
#5384=ORIENTED_EDGE('',*,*,#4247,.F.);
#5385=ORIENTED_EDGE('',*,*,#4246,.F.);
#5386=ORIENTED_EDGE('',*,*,#4248,.T.);
#5387=ORIENTED_EDGE('',*,*,#4249,.F.);
#5388=ORIENTED_EDGE('',*,*,#4250,.F.);
#5389=ORIENTED_EDGE('',*,*,#4251,.F.);
#5390=ORIENTED_EDGE('',*,*,#4252,.T.);
#5391=ORIENTED_EDGE('',*,*,#4253,.F.);
#5392=ORIENTED_EDGE('',*,*,#4254,.F.);
#5393=ORIENTED_EDGE('',*,*,#4253,.T.);
#5394=ORIENTED_EDGE('',*,*,#4255,.F.);
#5395=ORIENTED_EDGE('',*,*,#4256,.F.);
#5396=ORIENTED_EDGE('',*,*,#4257,.F.);
#5397=ORIENTED_EDGE('',*,*,#4258,.T.);
#5398=ORIENTED_EDGE('',*,*,#4259,.T.);
#5399=ORIENTED_EDGE('',*,*,#4260,.T.);
#5400=ORIENTED_EDGE('',*,*,#4261,.F.);
#5401=ORIENTED_EDGE('',*,*,#4260,.F.);
#5402=ORIENTED_EDGE('',*,*,#4262,.F.);
#5403=ORIENTED_EDGE('',*,*,#4263,.F.);
#5404=ORIENTED_EDGE('',*,*,#4264,.F.);
#5405=ORIENTED_EDGE('',*,*,#4265,.T.);
#5406=ORIENTED_EDGE('',*,*,#4266,.T.);
#5407=ORIENTED_EDGE('',*,*,#4267,.T.);
#5408=ORIENTED_EDGE('',*,*,#4268,.F.);
#5409=ORIENTED_EDGE('',*,*,#4267,.F.);
#5410=ORIENTED_EDGE('',*,*,#4269,.F.);
#5411=ORIENTED_EDGE('',*,*,#4270,.F.);
#5412=ORIENTED_EDGE('',*,*,#4271,.F.);
#5413=ORIENTED_EDGE('',*,*,#4272,.F.);
#5414=ORIENTED_EDGE('',*,*,#4273,.T.);
#5415=ORIENTED_EDGE('',*,*,#4274,.F.);
#5416=ORIENTED_EDGE('',*,*,#4275,.F.);
#5417=ORIENTED_EDGE('',*,*,#4274,.T.);
#5418=ORIENTED_EDGE('',*,*,#4276,.F.);
#5419=ORIENTED_EDGE('',*,*,#4277,.F.);
#5420=ORIENTED_EDGE('',*,*,#4278,.F.);
#5421=ORIENTED_EDGE('',*,*,#4279,.T.);
#5422=ORIENTED_EDGE('',*,*,#4280,.T.);
#5423=ORIENTED_EDGE('',*,*,#4281,.T.);
#5424=ORIENTED_EDGE('',*,*,#4282,.F.);
#5425=ORIENTED_EDGE('',*,*,#4281,.F.);
#5426=ORIENTED_EDGE('',*,*,#4283,.F.);
#5427=ORIENTED_EDGE('',*,*,#4284,.F.);
#5428=ORIENTED_EDGE('',*,*,#4285,.F.);
#5429=ORIENTED_EDGE('',*,*,#4286,.F.);
#5430=ORIENTED_EDGE('',*,*,#4287,.T.);
#5431=ORIENTED_EDGE('',*,*,#4288,.F.);
#5432=ORIENTED_EDGE('',*,*,#4289,.F.);
#5433=ORIENTED_EDGE('',*,*,#4288,.T.);
#5434=ORIENTED_EDGE('',*,*,#4290,.F.);
#5435=ORIENTED_EDGE('',*,*,#4291,.F.);
#5436=ORIENTED_EDGE('',*,*,#4292,.F.);
#5437=ORIENTED_EDGE('',*,*,#4293,.T.);
#5438=ORIENTED_EDGE('',*,*,#4294,.F.);
#5439=ORIENTED_EDGE('',*,*,#4295,.F.);
#5440=ORIENTED_EDGE('',*,*,#4296,.F.);
#5441=ORIENTED_EDGE('',*,*,#4297,.F.);
#5442=ORIENTED_EDGE('',*,*,#4298,.T.);
#5443=ORIENTED_EDGE('',*,*,#4299,.F.);
#5444=ORIENTED_EDGE('',*,*,#4300,.F.);
#5445=ORIENTED_EDGE('',*,*,#4299,.T.);
#5446=ORIENTED_EDGE('',*,*,#4301,.T.);
#5447=ORIENTED_EDGE('',*,*,#4302,.F.);
#5448=ORIENTED_EDGE('',*,*,#4303,.F.);
#5449=ORIENTED_EDGE('',*,*,#4304,.T.);
#5450=ORIENTED_EDGE('',*,*,#4305,.T.);
#5451=ORIENTED_EDGE('',*,*,#4306,.T.);
#5452=ORIENTED_EDGE('',*,*,#4307,.F.);
#5453=ORIENTED_EDGE('',*,*,#4306,.F.);
#5454=ORIENTED_EDGE('',*,*,#4308,.F.);
#5455=ORIENTED_EDGE('',*,*,#4309,.F.);
#5456=ORIENTED_EDGE('',*,*,#4310,.F.);
#5457=ORIENTED_EDGE('',*,*,#4311,.F.);
#5458=ORIENTED_EDGE('',*,*,#4312,.T.);
#5459=ORIENTED_EDGE('',*,*,#4220,.F.);
#5460=ORIENTED_EDGE('',*,*,#4313,.F.);
#5461=ORIENTED_EDGE('',*,*,#4314,.F.);
#5462=ORIENTED_EDGE('',*,*,#4315,.T.);
#5463=ORIENTED_EDGE('',*,*,#4230,.F.);
#5464=ORIENTED_EDGE('',*,*,#4316,.F.);
#5465=ORIENTED_EDGE('',*,*,#4317,.F.);
#5466=ORIENTED_EDGE('',*,*,#4318,.T.);
#5467=ORIENTED_EDGE('',*,*,#4216,.F.);
#5468=ORIENTED_EDGE('',*,*,#4319,.F.);
#5469=ORIENTED_EDGE('',*,*,#4320,.F.);
#5470=ORIENTED_EDGE('',*,*,#4321,.T.);
#5471=ORIENTED_EDGE('',*,*,#3948,.T.);
#5472=ORIENTED_EDGE('',*,*,#4322,.F.);
#5473=ORIENTED_EDGE('',*,*,#4323,.T.);
#5474=ORIENTED_EDGE('',*,*,#4324,.T.);
#5475=ORIENTED_EDGE('',*,*,#4325,.T.);
#5476=ORIENTED_EDGE('',*,*,#4326,.F.);
#5477=ORIENTED_EDGE('',*,*,#4327,.T.);
#5478=ORIENTED_EDGE('',*,*,#4328,.T.);
#5479=ORIENTED_EDGE('',*,*,#4320,.T.);
#5480=ORIENTED_EDGE('',*,*,#4329,.F.);
#5481=ORIENTED_EDGE('',*,*,#3932,.T.);
#5482=ORIENTED_EDGE('',*,*,#4330,.T.);
#5483=ORIENTED_EDGE('',*,*,#4331,.F.);
#5484=ORIENTED_EDGE('',*,*,#4332,.F.);
#5485=ORIENTED_EDGE('',*,*,#3925,.T.);
#5486=ORIENTED_EDGE('',*,*,#4333,.T.);
#5487=ORIENTED_EDGE('',*,*,#4334,.T.);
#5488=ORIENTED_EDGE('',*,*,#4335,.F.);
#5489=ORIENTED_EDGE('',*,*,#4336,.T.);
#5490=ORIENTED_EDGE('',*,*,#4337,.T.);
#5491=ORIENTED_EDGE('',*,*,#3941,.T.);
#5492=ORIENTED_EDGE('',*,*,#4338,.F.);
#5493=ORIENTED_EDGE('',*,*,#3939,.T.);
#5494=ORIENTED_EDGE('',*,*,#4339,.F.);
#5495=ORIENTED_EDGE('',*,*,#4340,.F.);
#5496=ORIENTED_EDGE('',*,*,#4341,.F.);
#5497=ORIENTED_EDGE('',*,*,#3946,.T.);
#5498=ORIENTED_EDGE('',*,*,#4342,.T.);
#5499=ORIENTED_EDGE('',*,*,#4343,.F.);
#5500=ORIENTED_EDGE('',*,*,#4344,.F.);
#5501=ORIENTED_EDGE('',*,*,#4343,.T.);
#5502=ORIENTED_EDGE('',*,*,#4345,.T.);
#5503=ORIENTED_EDGE('',*,*,#4336,.F.);
#5504=ORIENTED_EDGE('',*,*,#4346,.F.);
#5505=ORIENTED_EDGE('',*,*,#4324,.F.);
#5506=ORIENTED_EDGE('',*,*,#4347,.F.);
#5507=ORIENTED_EDGE('',*,*,#4348,.F.);
#5508=ORIENTED_EDGE('',*,*,#3964,.F.);
#5509=ORIENTED_EDGE('',*,*,#3961,.F.);
#5510=ORIENTED_EDGE('',*,*,#3958,.F.);
#5511=ORIENTED_EDGE('',*,*,#3955,.F.);
#5512=ORIENTED_EDGE('',*,*,#3952,.F.);
#5513=ORIENTED_EDGE('',*,*,#3949,.F.);
#5514=ORIENTED_EDGE('',*,*,#4321,.F.);
#5515=ORIENTED_EDGE('',*,*,#4328,.F.);
#5516=ORIENTED_EDGE('',*,*,#4349,.F.);
#5517=ORIENTED_EDGE('',*,*,#4312,.F.);
#5518=ORIENTED_EDGE('',*,*,#4350,.F.);
#5519=ORIENTED_EDGE('',*,*,#4231,.F.);
#5520=ORIENTED_EDGE('',*,*,#4315,.F.);
#5521=ORIENTED_EDGE('',*,*,#4351,.F.);
#5522=ORIENTED_EDGE('',*,*,#4352,.F.);
#5523=ORIENTED_EDGE('',*,*,#4353,.F.);
#5524=ORIENTED_EDGE('',*,*,#4241,.F.);
#5525=ORIENTED_EDGE('',*,*,#4238,.F.);
#5526=ORIENTED_EDGE('',*,*,#4234,.F.);
#5527=ORIENTED_EDGE('',*,*,#4227,.F.);
#5528=ORIENTED_EDGE('',*,*,#4224,.F.);
#5529=ORIENTED_EDGE('',*,*,#4213,.F.);
#5530=ORIENTED_EDGE('',*,*,#4210,.F.);
#5531=ORIENTED_EDGE('',*,*,#4354,.F.);
#5532=ORIENTED_EDGE('',*,*,#4355,.F.);
#5533=ORIENTED_EDGE('',*,*,#4217,.F.);
#5534=ORIENTED_EDGE('',*,*,#4318,.F.);
#5535=ORIENTED_EDGE('',*,*,#4356,.F.);
#5536=ORIENTED_EDGE('',*,*,#4221,.F.);
#5537=ORIENTED_EDGE('',*,*,#4357,.F.);
#5538=ORIENTED_EDGE('',*,*,#4358,.T.);
#5539=ORIENTED_EDGE('',*,*,#4333,.F.);
#5540=ORIENTED_EDGE('',*,*,#4330,.F.);
#5541=ORIENTED_EDGE('',*,*,#3931,.T.);
#5542=ORIENTED_EDGE('',*,*,#3928,.F.);
#5543=ORIENTED_EDGE('',*,*,#4359,.T.);
#5544=ORIENTED_EDGE('',*,*,#3924,.T.);
#5545=ORIENTED_EDGE('',*,*,#3938,.F.);
#5546=ORIENTED_EDGE('',*,*,#3935,.T.);
#5547=ORIENTED_EDGE('',*,*,#4360,.F.);
#5548=ORIENTED_EDGE('',*,*,#4339,.T.);
#5549=ORIENTED_EDGE('',*,*,#4345,.F.);
#5550=ORIENTED_EDGE('',*,*,#4342,.F.);
#5551=ORIENTED_EDGE('',*,*,#3945,.F.);
#5552=ORIENTED_EDGE('',*,*,#3942,.T.);
#5553=ORIENTED_EDGE('',*,*,#4337,.F.);
#5554=ORIENTED_EDGE('',*,*,#3982,.F.);
#5555=ORIENTED_EDGE('',*,*,#4361,.T.);
#5556=ORIENTED_EDGE('',*,*,#4362,.T.);
#5557=ORIENTED_EDGE('',*,*,#3985,.F.);
#5558=ORIENTED_EDGE('',*,*,#4020,.F.);
#5559=ORIENTED_EDGE('',*,*,#4017,.F.);
#5560=ORIENTED_EDGE('',*,*,#4363,.F.);
#5561=ORIENTED_EDGE('',*,*,#4364,.T.);
#5562=ORIENTED_EDGE('',*,*,#4365,.F.);
#5563=ORIENTED_EDGE('',*,*,#3971,.T.);
#5564=ORIENTED_EDGE('',*,*,#3968,.T.);
#5565=ORIENTED_EDGE('',*,*,#4366,.F.);
#5566=ORIENTED_EDGE('',*,*,#4367,.F.);
#5567=ORIENTED_EDGE('',*,*,#4368,.F.);
#5568=ORIENTED_EDGE('',*,*,#3992,.T.);
#5569=ORIENTED_EDGE('',*,*,#3989,.F.);
#5570=ORIENTED_EDGE('',*,*,#4369,.F.);
#5571=ORIENTED_EDGE('',*,*,#4370,.F.);
#5572=ORIENTED_EDGE('',*,*,#4006,.F.);
#5573=ORIENTED_EDGE('',*,*,#4003,.F.);
#5574=ORIENTED_EDGE('',*,*,#4371,.T.);
#5575=ORIENTED_EDGE('',*,*,#3999,.F.);
#5576=ORIENTED_EDGE('',*,*,#3996,.F.);
#5577=ORIENTED_EDGE('',*,*,#4372,.T.);
#5578=ORIENTED_EDGE('',*,*,#4373,.T.);
#5579=ORIENTED_EDGE('',*,*,#4013,.F.);
#5580=ORIENTED_EDGE('',*,*,#4010,.F.);
#5581=ORIENTED_EDGE('',*,*,#4374,.F.);
#5582=ORIENTED_EDGE('',*,*,#4375,.T.);
#5583=ORIENTED_EDGE('',*,*,#4376,.F.);
#5584=ORIENTED_EDGE('',*,*,#4027,.F.);
#5585=ORIENTED_EDGE('',*,*,#4024,.T.);
#5586=ORIENTED_EDGE('',*,*,#4377,.T.);
#5587=ORIENTED_EDGE('',*,*,#4034,.F.);
#5588=ORIENTED_EDGE('',*,*,#4031,.F.);
#5589=ORIENTED_EDGE('',*,*,#4378,.F.);
#5590=ORIENTED_EDGE('',*,*,#4379,.T.);
#5591=ORIENTED_EDGE('',*,*,#4041,.T.);
#5592=ORIENTED_EDGE('',*,*,#4038,.F.);
#5593=ORIENTED_EDGE('',*,*,#4380,.F.);
#5594=ORIENTED_EDGE('',*,*,#4381,.T.);
#5595=ORIENTED_EDGE('',*,*,#4062,.F.);
#5596=ORIENTED_EDGE('',*,*,#4059,.F.);
#5597=ORIENTED_EDGE('',*,*,#4382,.F.);
#5598=ORIENTED_EDGE('',*,*,#4383,.T.);
#5599=ORIENTED_EDGE('',*,*,#4069,.T.);
#5600=ORIENTED_EDGE('',*,*,#4066,.F.);
#5601=ORIENTED_EDGE('',*,*,#4384,.F.);
#5602=ORIENTED_EDGE('',*,*,#4385,.T.);
#5603=ORIENTED_EDGE('',*,*,#4077,.T.);
#5604=ORIENTED_EDGE('',*,*,#4386,.F.);
#5605=ORIENTED_EDGE('',*,*,#4387,.T.);
#5606=ORIENTED_EDGE('',*,*,#4073,.F.);
#5607=ORIENTED_EDGE('',*,*,#4388,.F.);
#5608=ORIENTED_EDGE('',*,*,#4389,.T.);
#5609=ORIENTED_EDGE('',*,*,#4055,.T.);
#5610=ORIENTED_EDGE('',*,*,#4052,.F.);
#5611=ORIENTED_EDGE('',*,*,#4390,.F.);
#5612=ORIENTED_EDGE('',*,*,#4391,.T.);
#5613=ORIENTED_EDGE('',*,*,#4048,.F.);
#5614=ORIENTED_EDGE('',*,*,#4045,.F.);
#5615=ORIENTED_EDGE('',*,*,#4392,.F.);
#5616=ORIENTED_EDGE('',*,*,#4099,.F.);
#5617=ORIENTED_EDGE('',*,*,#4096,.F.);
#5618=ORIENTED_EDGE('',*,*,#4393,.F.);
#5619=ORIENTED_EDGE('',*,*,#4394,.T.);
#5620=ORIENTED_EDGE('',*,*,#4395,.T.);
#5621=ORIENTED_EDGE('',*,*,#4396,.F.);
#5622=ORIENTED_EDGE('',*,*,#4088,.F.);
#5623=ORIENTED_EDGE('',*,*,#4085,.T.);
#5624=ORIENTED_EDGE('',*,*,#4397,.T.);
#5625=ORIENTED_EDGE('',*,*,#4081,.F.);
#5626=ORIENTED_EDGE('',*,*,#4398,.F.);
#5627=ORIENTED_EDGE('',*,*,#4399,.T.);
#5628=ORIENTED_EDGE('',*,*,#4092,.T.);
#5629=ORIENTED_EDGE('',*,*,#4400,.F.);
#5630=ORIENTED_EDGE('',*,*,#4106,.F.);
#5631=ORIENTED_EDGE('',*,*,#4103,.F.);
#5632=ORIENTED_EDGE('',*,*,#4401,.F.);
#5633=ORIENTED_EDGE('',*,*,#4402,.T.);
#5634=ORIENTED_EDGE('',*,*,#4120,.T.);
#5635=ORIENTED_EDGE('',*,*,#4117,.F.);
#5636=ORIENTED_EDGE('',*,*,#4403,.F.);
#5637=ORIENTED_EDGE('',*,*,#4404,.T.);
#5638=ORIENTED_EDGE('',*,*,#4405,.F.);
#5639=ORIENTED_EDGE('',*,*,#4406,.F.);
#5640=ORIENTED_EDGE('',*,*,#4113,.F.);
#5641=ORIENTED_EDGE('',*,*,#4110,.T.);
#5642=ORIENTED_EDGE('',*,*,#4141,.T.);
#5643=ORIENTED_EDGE('',*,*,#4138,.F.);
#5644=ORIENTED_EDGE('',*,*,#4407,.F.);
#5645=ORIENTED_EDGE('',*,*,#4408,.T.);
#5646=ORIENTED_EDGE('',*,*,#4409,.F.);
#5647=ORIENTED_EDGE('',*,*,#4410,.T.);
#5648=ORIENTED_EDGE('',*,*,#4153,.F.);
#5649=ORIENTED_EDGE('',*,*,#4411,.T.);
#5650=ORIENTED_EDGE('',*,*,#4412,.T.);
#5651=ORIENTED_EDGE('',*,*,#4164,.F.);
#5652=ORIENTED_EDGE('',*,*,#4168,.F.);
#5653=ORIENTED_EDGE('',*,*,#4413,.F.);
#5654=ORIENTED_EDGE('',*,*,#4414,.T.);
#5655=ORIENTED_EDGE('',*,*,#4171,.F.);
#5656=ORIENTED_EDGE('',*,*,#4415,.F.);
#5657=ORIENTED_EDGE('',*,*,#4160,.T.);
#5658=ORIENTED_EDGE('',*,*,#4157,.T.);
#5659=ORIENTED_EDGE('',*,*,#4416,.F.);
#5660=ORIENTED_EDGE('',*,*,#4175,.F.);
#5661=ORIENTED_EDGE('',*,*,#4417,.F.);
#5662=ORIENTED_EDGE('',*,*,#4418,.T.);
#5663=ORIENTED_EDGE('',*,*,#4178,.F.);
#5664=ORIENTED_EDGE('',*,*,#4189,.F.);
#5665=ORIENTED_EDGE('',*,*,#4419,.T.);
#5666=ORIENTED_EDGE('',*,*,#4420,.T.);
#5667=ORIENTED_EDGE('',*,*,#4192,.F.);
#5668=ORIENTED_EDGE('',*,*,#4196,.F.);
#5669=ORIENTED_EDGE('',*,*,#4421,.F.);
#5670=ORIENTED_EDGE('',*,*,#4422,.T.);
#5671=ORIENTED_EDGE('',*,*,#4199,.F.);
#5672=ORIENTED_EDGE('',*,*,#4423,.F.);
#5673=ORIENTED_EDGE('',*,*,#4185,.T.);
#5674=ORIENTED_EDGE('',*,*,#4182,.T.);
#5675=ORIENTED_EDGE('',*,*,#4424,.F.);
#5676=ORIENTED_EDGE('',*,*,#4308,.T.);
#5677=ORIENTED_EDGE('',*,*,#4305,.F.);
#5678=ORIENTED_EDGE('',*,*,#4425,.F.);
#5679=ORIENTED_EDGE('',*,*,#4426,.T.);
#5680=ORIENTED_EDGE('',*,*,#4427,.F.);
#5681=ORIENTED_EDGE('',*,*,#4428,.T.);
#5682=ORIENTED_EDGE('',*,*,#4255,.T.);
#5683=ORIENTED_EDGE('',*,*,#4252,.F.);
#5684=ORIENTED_EDGE('',*,*,#4429,.F.);
#5685=ORIENTED_EDGE('',*,*,#4430,.T.);
#5686=ORIENTED_EDGE('',*,*,#4262,.T.);
#5687=ORIENTED_EDGE('',*,*,#4259,.F.);
#5688=ORIENTED_EDGE('',*,*,#4431,.F.);
#5689=ORIENTED_EDGE('',*,*,#4432,.F.);
#5690=ORIENTED_EDGE('',*,*,#4433,.T.);
#5691=ORIENTED_EDGE('',*,*,#4290,.T.);
#5692=ORIENTED_EDGE('',*,*,#4287,.F.);
#5693=ORIENTED_EDGE('',*,*,#4434,.F.);
#5694=ORIENTED_EDGE('',*,*,#4435,.T.);
#5695=ORIENTED_EDGE('',*,*,#4283,.T.);
#5696=ORIENTED_EDGE('',*,*,#4280,.F.);
#5697=ORIENTED_EDGE('',*,*,#4436,.F.);
#5698=ORIENTED_EDGE('',*,*,#4437,.T.);
#5699=ORIENTED_EDGE('',*,*,#4294,.T.);
#5700=ORIENTED_EDGE('',*,*,#4438,.F.);
#5701=ORIENTED_EDGE('',*,*,#4439,.T.);
#5702=ORIENTED_EDGE('',*,*,#4301,.F.);
#5703=ORIENTED_EDGE('',*,*,#4298,.F.);
#5704=ORIENTED_EDGE('',*,*,#4440,.F.);
#5705=ORIENTED_EDGE('',*,*,#4441,.T.);
#5706=ORIENTED_EDGE('',*,*,#4442,.T.);
#5707=ORIENTED_EDGE('',*,*,#4269,.T.);
#5708=ORIENTED_EDGE('',*,*,#4266,.F.);
#5709=ORIENTED_EDGE('',*,*,#4443,.F.);
#5710=ORIENTED_EDGE('',*,*,#4444,.F.);
#5711=ORIENTED_EDGE('',*,*,#4445,.T.);
#5712=ORIENTED_EDGE('',*,*,#4276,.T.);
#5713=ORIENTED_EDGE('',*,*,#4273,.F.);
#5714=ORIENTED_EDGE('',*,*,#4446,.F.);
#5715=ORIENTED_EDGE('',*,*,#4447,.T.);
#5716=ORIENTED_EDGE('',*,*,#4248,.F.);
#5717=ORIENTED_EDGE('',*,*,#4245,.F.);
#5718=ORIENTED_EDGE('',*,*,#4448,.F.);
#5719=ORIENTED_EDGE('',*,*,#4449,.F.);
#5720=ORIENTED_EDGE('',*,*,#4206,.T.);
#5721=ORIENTED_EDGE('',*,*,#4203,.T.);
#5722=ORIENTED_EDGE('',*,*,#4450,.F.);
#5723=ORIENTED_EDGE('',*,*,#4451,.T.);
#5724=ORIENTED_EDGE('',*,*,#4145,.F.);
#5725=ORIENTED_EDGE('',*,*,#4452,.T.);
#5726=ORIENTED_EDGE('',*,*,#4149,.T.);
#5727=ORIENTED_EDGE('',*,*,#4453,.F.);
#5728=ORIENTED_EDGE('',*,*,#4454,.T.);
#5729=ORIENTED_EDGE('',*,*,#4455,.T.);
#5730=ORIENTED_EDGE('',*,*,#4456,.F.);
#5731=ORIENTED_EDGE('',*,*,#4134,.F.);
#5732=ORIENTED_EDGE('',*,*,#4131,.T.);
#5733=ORIENTED_EDGE('',*,*,#4457,.T.);
#5734=ORIENTED_EDGE('',*,*,#4127,.F.);
#5735=ORIENTED_EDGE('',*,*,#4124,.F.);
#5736=ORIENTED_EDGE('',*,*,#4458,.F.);
#5737=ORIENTED_EDGE('',*,*,#3978,.F.);
#5738=ORIENTED_EDGE('',*,*,#3975,.F.);
#5739=ORIENTED_EDGE('',*,*,#4459,.F.);
#5740=ORIENTED_EDGE('',*,*,#4460,.T.);
#5741=ORIENTED_EDGE('',*,*,#4461,.F.);
#5742=ORIENTED_EDGE('',*,*,#3965,.T.);
#5743=ORIENTED_EDGE('',*,*,#4348,.T.);
#5744=ORIENTED_EDGE('',*,*,#4462,.F.);
#5745=ORIENTED_EDGE('',*,*,#4463,.F.);
#5746=ORIENTED_EDGE('',*,*,#4334,.F.);
#5747=ORIENTED_EDGE('',*,*,#4358,.F.);
#5748=ORIENTED_EDGE('',*,*,#3923,.T.);
#5749=ORIENTED_EDGE('',*,*,#4464,.F.);
#5750=ORIENTED_EDGE('',*,*,#4340,.T.);
#5751=ORIENTED_EDGE('',*,*,#4360,.T.);
#5752=ORIENTED_EDGE('',*,*,#3934,.F.);
#5753=ORIENTED_EDGE('',*,*,#4465,.F.);
#5754=ORIENTED_EDGE('',*,*,#3972,.T.);
#5755=ORIENTED_EDGE('',*,*,#4365,.T.);
#5756=ORIENTED_EDGE('',*,*,#4466,.T.);
#5757=ORIENTED_EDGE('',*,*,#4467,.F.);
#5758=ORIENTED_EDGE('',*,*,#3979,.T.);
#5759=ORIENTED_EDGE('',*,*,#4460,.F.);
#5760=ORIENTED_EDGE('',*,*,#4468,.T.);
#5761=ORIENTED_EDGE('',*,*,#4469,.F.);
#5762=ORIENTED_EDGE('',*,*,#3986,.T.);
#5763=ORIENTED_EDGE('',*,*,#4362,.F.);
#5764=ORIENTED_EDGE('',*,*,#4470,.T.);
#5765=ORIENTED_EDGE('',*,*,#4471,.F.);
#5766=ORIENTED_EDGE('',*,*,#4470,.F.);
#5767=ORIENTED_EDGE('',*,*,#4361,.F.);
#5768=ORIENTED_EDGE('',*,*,#3981,.F.);
#5769=ORIENTED_EDGE('',*,*,#4472,.F.);
#5770=ORIENTED_EDGE('',*,*,#4468,.F.);
#5771=ORIENTED_EDGE('',*,*,#4459,.T.);
#5772=ORIENTED_EDGE('',*,*,#3974,.F.);
#5773=ORIENTED_EDGE('',*,*,#4473,.F.);
#5774=ORIENTED_EDGE('',*,*,#3993,.T.);
#5775=ORIENTED_EDGE('',*,*,#4368,.T.);
#5776=ORIENTED_EDGE('',*,*,#4474,.T.);
#5777=ORIENTED_EDGE('',*,*,#4475,.F.);
#5778=ORIENTED_EDGE('',*,*,#4000,.T.);
#5779=ORIENTED_EDGE('',*,*,#4371,.F.);
#5780=ORIENTED_EDGE('',*,*,#4476,.T.);
#5781=ORIENTED_EDGE('',*,*,#4477,.F.);
#5782=ORIENTED_EDGE('',*,*,#4007,.T.);
#5783=ORIENTED_EDGE('',*,*,#4370,.T.);
#5784=ORIENTED_EDGE('',*,*,#4478,.T.);
#5785=ORIENTED_EDGE('',*,*,#4479,.F.);
#5786=ORIENTED_EDGE('',*,*,#4014,.T.);
#5787=ORIENTED_EDGE('',*,*,#4373,.F.);
#5788=ORIENTED_EDGE('',*,*,#4480,.T.);
#5789=ORIENTED_EDGE('',*,*,#4481,.F.);
#5790=ORIENTED_EDGE('',*,*,#4476,.F.);
#5791=ORIENTED_EDGE('',*,*,#4372,.F.);
#5792=ORIENTED_EDGE('',*,*,#3995,.F.);
#5793=ORIENTED_EDGE('',*,*,#4482,.F.);
#5794=ORIENTED_EDGE('',*,*,#4480,.F.);
#5795=ORIENTED_EDGE('',*,*,#4374,.T.);
#5796=ORIENTED_EDGE('',*,*,#4009,.F.);
#5797=ORIENTED_EDGE('',*,*,#4483,.F.);
#5798=ORIENTED_EDGE('',*,*,#4021,.T.);
#5799=ORIENTED_EDGE('',*,*,#4364,.F.);
#5800=ORIENTED_EDGE('',*,*,#4484,.T.);
#5801=ORIENTED_EDGE('',*,*,#4485,.F.);
#5802=ORIENTED_EDGE('',*,*,#4466,.F.);
#5803=ORIENTED_EDGE('',*,*,#4366,.T.);
#5804=ORIENTED_EDGE('',*,*,#3967,.F.);
#5805=ORIENTED_EDGE('',*,*,#4486,.F.);
#5806=ORIENTED_EDGE('',*,*,#4474,.F.);
#5807=ORIENTED_EDGE('',*,*,#4367,.T.);
#5808=ORIENTED_EDGE('',*,*,#3988,.F.);
#5809=ORIENTED_EDGE('',*,*,#4487,.F.);
#5810=ORIENTED_EDGE('',*,*,#4484,.F.);
#5811=ORIENTED_EDGE('',*,*,#4363,.T.);
#5812=ORIENTED_EDGE('',*,*,#4016,.F.);
#5813=ORIENTED_EDGE('',*,*,#4488,.F.);
#5814=ORIENTED_EDGE('',*,*,#4489,.T.);
#5815=ORIENTED_EDGE('',*,*,#4354,.T.);
#5816=ORIENTED_EDGE('',*,*,#4209,.T.);
#5817=ORIENTED_EDGE('',*,*,#4490,.F.);
#5818=ORIENTED_EDGE('',*,*,#4028,.T.);
#5819=ORIENTED_EDGE('',*,*,#4376,.T.);
#5820=ORIENTED_EDGE('',*,*,#4491,.T.);
#5821=ORIENTED_EDGE('',*,*,#4492,.F.);
#5822=ORIENTED_EDGE('',*,*,#4035,.T.);
#5823=ORIENTED_EDGE('',*,*,#4377,.F.);
#5824=ORIENTED_EDGE('',*,*,#4493,.T.);
#5825=ORIENTED_EDGE('',*,*,#4494,.F.);
#5826=ORIENTED_EDGE('',*,*,#4042,.T.);
#5827=ORIENTED_EDGE('',*,*,#4379,.F.);
#5828=ORIENTED_EDGE('',*,*,#4495,.T.);
#5829=ORIENTED_EDGE('',*,*,#4496,.F.);
#5830=ORIENTED_EDGE('',*,*,#4462,.T.);
#5831=ORIENTED_EDGE('',*,*,#4347,.T.);
#5832=ORIENTED_EDGE('',*,*,#4323,.F.);
#5833=ORIENTED_EDGE('',*,*,#4497,.F.);
#5834=ORIENTED_EDGE('',*,*,#4493,.F.);
#5835=ORIENTED_EDGE('',*,*,#4378,.T.);
#5836=ORIENTED_EDGE('',*,*,#4030,.F.);
#5837=ORIENTED_EDGE('',*,*,#4498,.F.);
#5838=ORIENTED_EDGE('',*,*,#4495,.F.);
#5839=ORIENTED_EDGE('',*,*,#4380,.T.);
#5840=ORIENTED_EDGE('',*,*,#4037,.F.);
#5841=ORIENTED_EDGE('',*,*,#4499,.F.);
#5842=ORIENTED_EDGE('',*,*,#4049,.T.);
#5843=ORIENTED_EDGE('',*,*,#4391,.F.);
#5844=ORIENTED_EDGE('',*,*,#4500,.T.);
#5845=ORIENTED_EDGE('',*,*,#4501,.F.);
#5846=ORIENTED_EDGE('',*,*,#4056,.T.);
#5847=ORIENTED_EDGE('',*,*,#4389,.F.);
#5848=ORIENTED_EDGE('',*,*,#4502,.T.);
#5849=ORIENTED_EDGE('',*,*,#4503,.F.);
#5850=ORIENTED_EDGE('',*,*,#4500,.F.);
#5851=ORIENTED_EDGE('',*,*,#4392,.T.);
#5852=ORIENTED_EDGE('',*,*,#4044,.F.);
#5853=ORIENTED_EDGE('',*,*,#4504,.F.);
#5854=ORIENTED_EDGE('',*,*,#4502,.F.);
#5855=ORIENTED_EDGE('',*,*,#4390,.T.);
#5856=ORIENTED_EDGE('',*,*,#4051,.F.);
#5857=ORIENTED_EDGE('',*,*,#4505,.F.);
#5858=ORIENTED_EDGE('',*,*,#4063,.T.);
#5859=ORIENTED_EDGE('',*,*,#4381,.F.);
#5860=ORIENTED_EDGE('',*,*,#4506,.T.);
#5861=ORIENTED_EDGE('',*,*,#4507,.F.);
#5862=ORIENTED_EDGE('',*,*,#4070,.T.);
#5863=ORIENTED_EDGE('',*,*,#4383,.F.);
#5864=ORIENTED_EDGE('',*,*,#4508,.T.);
#5865=ORIENTED_EDGE('',*,*,#4509,.F.);
#5866=ORIENTED_EDGE('',*,*,#4506,.F.);
#5867=ORIENTED_EDGE('',*,*,#4382,.T.);
#5868=ORIENTED_EDGE('',*,*,#4058,.F.);
#5869=ORIENTED_EDGE('',*,*,#4510,.F.);
#5870=ORIENTED_EDGE('',*,*,#4508,.F.);
#5871=ORIENTED_EDGE('',*,*,#4384,.T.);
#5872=ORIENTED_EDGE('',*,*,#4065,.F.);
#5873=ORIENTED_EDGE('',*,*,#4511,.F.);
#5874=ORIENTED_EDGE('',*,*,#4074,.T.);
#5875=ORIENTED_EDGE('',*,*,#4387,.F.);
#5876=ORIENTED_EDGE('',*,*,#4512,.T.);
#5877=ORIENTED_EDGE('',*,*,#4513,.F.);
#5878=ORIENTED_EDGE('',*,*,#4078,.T.);
#5879=ORIENTED_EDGE('',*,*,#4385,.F.);
#5880=ORIENTED_EDGE('',*,*,#4514,.T.);
#5881=ORIENTED_EDGE('',*,*,#4515,.F.);
#5882=ORIENTED_EDGE('',*,*,#4512,.F.);
#5883=ORIENTED_EDGE('',*,*,#4388,.T.);
#5884=ORIENTED_EDGE('',*,*,#4072,.F.);
#5885=ORIENTED_EDGE('',*,*,#4516,.F.);
#5886=ORIENTED_EDGE('',*,*,#4514,.F.);
#5887=ORIENTED_EDGE('',*,*,#4386,.T.);
#5888=ORIENTED_EDGE('',*,*,#4076,.F.);
#5889=ORIENTED_EDGE('',*,*,#4517,.F.);
#5890=ORIENTED_EDGE('',*,*,#4082,.T.);
#5891=ORIENTED_EDGE('',*,*,#4397,.F.);
#5892=ORIENTED_EDGE('',*,*,#4518,.T.);
#5893=ORIENTED_EDGE('',*,*,#4519,.F.);
#5894=ORIENTED_EDGE('',*,*,#4089,.T.);
#5895=ORIENTED_EDGE('',*,*,#4396,.T.);
#5896=ORIENTED_EDGE('',*,*,#4520,.T.);
#5897=ORIENTED_EDGE('',*,*,#4521,.F.);
#5898=ORIENTED_EDGE('',*,*,#4093,.T.);
#5899=ORIENTED_EDGE('',*,*,#4399,.F.);
#5900=ORIENTED_EDGE('',*,*,#4522,.T.);
#5901=ORIENTED_EDGE('',*,*,#4523,.F.);
#5902=ORIENTED_EDGE('',*,*,#4518,.F.);
#5903=ORIENTED_EDGE('',*,*,#4398,.T.);
#5904=ORIENTED_EDGE('',*,*,#4080,.F.);
#5905=ORIENTED_EDGE('',*,*,#4524,.F.);
#5906=ORIENTED_EDGE('',*,*,#4522,.F.);
#5907=ORIENTED_EDGE('',*,*,#4400,.T.);
#5908=ORIENTED_EDGE('',*,*,#4091,.F.);
#5909=ORIENTED_EDGE('',*,*,#4525,.F.);
#5910=ORIENTED_EDGE('',*,*,#4100,.T.);
#5911=ORIENTED_EDGE('',*,*,#4394,.F.);
#5912=ORIENTED_EDGE('',*,*,#4526,.T.);
#5913=ORIENTED_EDGE('',*,*,#4527,.F.);
#5914=ORIENTED_EDGE('',*,*,#4526,.F.);
#5915=ORIENTED_EDGE('',*,*,#4393,.T.);
#5916=ORIENTED_EDGE('',*,*,#4095,.F.);
#5917=ORIENTED_EDGE('',*,*,#4528,.F.);
#5918=ORIENTED_EDGE('',*,*,#4520,.F.);
#5919=ORIENTED_EDGE('',*,*,#4395,.F.);
#5920=ORIENTED_EDGE('',*,*,#4084,.F.);
#5921=ORIENTED_EDGE('',*,*,#4529,.F.);
#5922=ORIENTED_EDGE('',*,*,#4107,.T.);
#5923=ORIENTED_EDGE('',*,*,#4402,.F.);
#5924=ORIENTED_EDGE('',*,*,#4530,.T.);
#5925=ORIENTED_EDGE('',*,*,#4531,.F.);
#5926=ORIENTED_EDGE('',*,*,#4114,.T.);
#5927=ORIENTED_EDGE('',*,*,#4406,.T.);
#5928=ORIENTED_EDGE('',*,*,#4532,.T.);
#5929=ORIENTED_EDGE('',*,*,#4533,.F.);
#5930=ORIENTED_EDGE('',*,*,#4121,.T.);
#5931=ORIENTED_EDGE('',*,*,#4404,.F.);
#5932=ORIENTED_EDGE('',*,*,#4534,.T.);
#5933=ORIENTED_EDGE('',*,*,#4535,.F.);
#5934=ORIENTED_EDGE('',*,*,#4532,.F.);
#5935=ORIENTED_EDGE('',*,*,#4405,.T.);
#5936=ORIENTED_EDGE('',*,*,#4109,.F.);
#5937=ORIENTED_EDGE('',*,*,#4536,.F.);
#5938=ORIENTED_EDGE('',*,*,#4530,.F.);
#5939=ORIENTED_EDGE('',*,*,#4401,.T.);
#5940=ORIENTED_EDGE('',*,*,#4102,.F.);
#5941=ORIENTED_EDGE('',*,*,#4537,.F.);
#5942=ORIENTED_EDGE('',*,*,#4534,.F.);
#5943=ORIENTED_EDGE('',*,*,#4403,.T.);
#5944=ORIENTED_EDGE('',*,*,#4116,.F.);
#5945=ORIENTED_EDGE('',*,*,#4538,.F.);
#5946=ORIENTED_EDGE('',*,*,#4478,.F.);
#5947=ORIENTED_EDGE('',*,*,#4369,.T.);
#5948=ORIENTED_EDGE('',*,*,#4002,.T.);
#5949=ORIENTED_EDGE('',*,*,#4539,.F.);
#5950=ORIENTED_EDGE('',*,*,#4331,.T.);
#5951=ORIENTED_EDGE('',*,*,#4359,.F.);
#5952=ORIENTED_EDGE('',*,*,#3927,.F.);
#5953=ORIENTED_EDGE('',*,*,#4540,.F.);
#5954=ORIENTED_EDGE('',*,*,#4214,.F.);
#5955=ORIENTED_EDGE('',*,*,#4355,.T.);
#5956=ORIENTED_EDGE('',*,*,#4489,.F.);
#5957=ORIENTED_EDGE('',*,*,#4541,.F.);
#5958=ORIENTED_EDGE('',*,*,#4491,.F.);
#5959=ORIENTED_EDGE('',*,*,#4375,.F.);
#5960=ORIENTED_EDGE('',*,*,#4023,.F.);
#5961=ORIENTED_EDGE('',*,*,#4542,.F.);
#5962=ORIENTED_EDGE('',*,*,#4225,.F.);
#5963=ORIENTED_EDGE('',*,*,#4356,.T.);
#5964=ORIENTED_EDGE('',*,*,#4317,.T.);
#5965=ORIENTED_EDGE('',*,*,#4543,.F.);
#5966=ORIENTED_EDGE('',*,*,#4128,.T.);
#5967=ORIENTED_EDGE('',*,*,#4457,.F.);
#5968=ORIENTED_EDGE('',*,*,#4544,.T.);
#5969=ORIENTED_EDGE('',*,*,#4545,.F.);
#5970=ORIENTED_EDGE('',*,*,#4135,.T.);
#5971=ORIENTED_EDGE('',*,*,#4456,.T.);
#5972=ORIENTED_EDGE('',*,*,#4546,.T.);
#5973=ORIENTED_EDGE('',*,*,#4547,.F.);
#5974=ORIENTED_EDGE('',*,*,#4142,.T.);
#5975=ORIENTED_EDGE('',*,*,#4408,.F.);
#5976=ORIENTED_EDGE('',*,*,#4548,.T.);
#5977=ORIENTED_EDGE('',*,*,#4549,.F.);
#5978=ORIENTED_EDGE('',*,*,#4325,.F.);
#5979=ORIENTED_EDGE('',*,*,#4346,.T.);
#5980=ORIENTED_EDGE('',*,*,#4327,.F.);
#5981=ORIENTED_EDGE('',*,*,#4550,.F.);
#5982=ORIENTED_EDGE('',*,*,#4548,.F.);
#5983=ORIENTED_EDGE('',*,*,#4407,.T.);
#5984=ORIENTED_EDGE('',*,*,#4137,.F.);
#5985=ORIENTED_EDGE('',*,*,#4551,.F.);
#5986=ORIENTED_EDGE('',*,*,#4146,.T.);
#5987=ORIENTED_EDGE('',*,*,#4451,.F.);
#5988=ORIENTED_EDGE('',*,*,#4552,.F.);
#5989=ORIENTED_EDGE('',*,*,#4553,.F.);
#5990=ORIENTED_EDGE('',*,*,#4150,.T.);
#5991=ORIENTED_EDGE('',*,*,#4454,.F.);
#5992=ORIENTED_EDGE('',*,*,#4554,.T.);
#5993=ORIENTED_EDGE('',*,*,#4555,.F.);
#5994=ORIENTED_EDGE('',*,*,#4552,.T.);
#5995=ORIENTED_EDGE('',*,*,#4452,.F.);
#5996=ORIENTED_EDGE('',*,*,#4144,.T.);
#5997=ORIENTED_EDGE('',*,*,#4556,.F.);
#5998=ORIENTED_EDGE('',*,*,#4554,.F.);
#5999=ORIENTED_EDGE('',*,*,#4453,.T.);
#6000=ORIENTED_EDGE('',*,*,#4148,.F.);
#6001=ORIENTED_EDGE('',*,*,#4557,.F.);
#6002=ORIENTED_EDGE('',*,*,#4154,.T.);
#6003=ORIENTED_EDGE('',*,*,#4410,.F.);
#6004=ORIENTED_EDGE('',*,*,#4558,.T.);
#6005=ORIENTED_EDGE('',*,*,#4559,.F.);
#6006=ORIENTED_EDGE('',*,*,#4161,.T.);
#6007=ORIENTED_EDGE('',*,*,#4415,.T.);
#6008=ORIENTED_EDGE('',*,*,#4560,.T.);
#6009=ORIENTED_EDGE('',*,*,#4561,.F.);
#6010=ORIENTED_EDGE('',*,*,#4165,.T.);
#6011=ORIENTED_EDGE('',*,*,#4412,.F.);
#6012=ORIENTED_EDGE('',*,*,#4562,.T.);
#6013=ORIENTED_EDGE('',*,*,#4563,.F.);
#6014=ORIENTED_EDGE('',*,*,#4558,.F.);
#6015=ORIENTED_EDGE('',*,*,#4409,.T.);
#6016=ORIENTED_EDGE('',*,*,#4152,.F.);
#6017=ORIENTED_EDGE('',*,*,#4564,.F.);
#6018=ORIENTED_EDGE('',*,*,#4562,.F.);
#6019=ORIENTED_EDGE('',*,*,#4411,.F.);
#6020=ORIENTED_EDGE('',*,*,#4163,.T.);
#6021=ORIENTED_EDGE('',*,*,#4565,.F.);
#6022=ORIENTED_EDGE('',*,*,#4560,.F.);
#6023=ORIENTED_EDGE('',*,*,#4416,.T.);
#6024=ORIENTED_EDGE('',*,*,#4156,.F.);
#6025=ORIENTED_EDGE('',*,*,#4566,.F.);
#6026=ORIENTED_EDGE('',*,*,#4172,.T.);
#6027=ORIENTED_EDGE('',*,*,#4414,.F.);
#6028=ORIENTED_EDGE('',*,*,#4567,.T.);
#6029=ORIENTED_EDGE('',*,*,#4568,.F.);
#6030=ORIENTED_EDGE('',*,*,#4567,.F.);
#6031=ORIENTED_EDGE('',*,*,#4413,.T.);
#6032=ORIENTED_EDGE('',*,*,#4167,.F.);
#6033=ORIENTED_EDGE('',*,*,#4569,.F.);
#6034=ORIENTED_EDGE('',*,*,#4179,.T.);
#6035=ORIENTED_EDGE('',*,*,#4418,.F.);
#6036=ORIENTED_EDGE('',*,*,#4570,.T.);
#6037=ORIENTED_EDGE('',*,*,#4571,.F.);
#6038=ORIENTED_EDGE('',*,*,#4186,.T.);
#6039=ORIENTED_EDGE('',*,*,#4423,.T.);
#6040=ORIENTED_EDGE('',*,*,#4572,.T.);
#6041=ORIENTED_EDGE('',*,*,#4573,.F.);
#6042=ORIENTED_EDGE('',*,*,#4193,.T.);
#6043=ORIENTED_EDGE('',*,*,#4420,.F.);
#6044=ORIENTED_EDGE('',*,*,#4574,.T.);
#6045=ORIENTED_EDGE('',*,*,#4575,.F.);
#6046=ORIENTED_EDGE('',*,*,#4570,.F.);
#6047=ORIENTED_EDGE('',*,*,#4417,.T.);
#6048=ORIENTED_EDGE('',*,*,#4174,.F.);
#6049=ORIENTED_EDGE('',*,*,#4576,.F.);
#6050=ORIENTED_EDGE('',*,*,#4574,.F.);
#6051=ORIENTED_EDGE('',*,*,#4419,.F.);
#6052=ORIENTED_EDGE('',*,*,#4188,.F.);
#6053=ORIENTED_EDGE('',*,*,#4577,.F.);
#6054=ORIENTED_EDGE('',*,*,#4572,.F.);
#6055=ORIENTED_EDGE('',*,*,#4424,.T.);
#6056=ORIENTED_EDGE('',*,*,#4181,.F.);
#6057=ORIENTED_EDGE('',*,*,#4578,.F.);
#6058=ORIENTED_EDGE('',*,*,#4200,.T.);
#6059=ORIENTED_EDGE('',*,*,#4422,.F.);
#6060=ORIENTED_EDGE('',*,*,#4579,.T.);
#6061=ORIENTED_EDGE('',*,*,#4580,.F.);
#6062=ORIENTED_EDGE('',*,*,#4207,.T.);
#6063=ORIENTED_EDGE('',*,*,#4449,.T.);
#6064=ORIENTED_EDGE('',*,*,#4581,.T.);
#6065=ORIENTED_EDGE('',*,*,#4582,.F.);
#6066=ORIENTED_EDGE('',*,*,#4242,.T.);
#6067=ORIENTED_EDGE('',*,*,#4353,.T.);
#6068=ORIENTED_EDGE('',*,*,#4583,.T.);
#6069=ORIENTED_EDGE('',*,*,#4584,.F.);
#6070=ORIENTED_EDGE('',*,*,#4579,.F.);
#6071=ORIENTED_EDGE('',*,*,#4421,.T.);
#6072=ORIENTED_EDGE('',*,*,#4195,.F.);
#6073=ORIENTED_EDGE('',*,*,#4585,.F.);
#6074=ORIENTED_EDGE('',*,*,#4581,.F.);
#6075=ORIENTED_EDGE('',*,*,#4450,.T.);
#6076=ORIENTED_EDGE('',*,*,#4202,.F.);
#6077=ORIENTED_EDGE('',*,*,#4586,.F.);
#6078=ORIENTED_EDGE('',*,*,#4249,.T.);
#6079=ORIENTED_EDGE('',*,*,#4447,.F.);
#6080=ORIENTED_EDGE('',*,*,#4587,.T.);
#6081=ORIENTED_EDGE('',*,*,#4588,.F.);
#6082=ORIENTED_EDGE('',*,*,#4544,.F.);
#6083=ORIENTED_EDGE('',*,*,#4458,.T.);
#6084=ORIENTED_EDGE('',*,*,#4123,.F.);
#6085=ORIENTED_EDGE('',*,*,#4589,.F.);
#6086=ORIENTED_EDGE('',*,*,#4546,.F.);
#6087=ORIENTED_EDGE('',*,*,#4455,.F.);
#6088=ORIENTED_EDGE('',*,*,#4130,.F.);
#6089=ORIENTED_EDGE('',*,*,#4590,.F.);
#6090=ORIENTED_EDGE('',*,*,#4228,.T.);
#6091=ORIENTED_EDGE('',*,*,#4350,.T.);
#6092=ORIENTED_EDGE('',*,*,#4311,.T.);
#6093=ORIENTED_EDGE('',*,*,#4591,.F.);
#6094=ORIENTED_EDGE('',*,*,#4587,.F.);
#6095=ORIENTED_EDGE('',*,*,#4448,.T.);
#6096=ORIENTED_EDGE('',*,*,#4244,.F.);
#6097=ORIENTED_EDGE('',*,*,#4357,.T.);
#6098=ORIENTED_EDGE('',*,*,#4592,.T.);
#6099=ORIENTED_EDGE('',*,*,#4593,.F.);
#6100=ORIENTED_EDGE('',*,*,#4592,.F.);
#6101=ORIENTED_EDGE('',*,*,#4594,.F.);
#6102=ORIENTED_EDGE('',*,*,#4256,.T.);
#6103=ORIENTED_EDGE('',*,*,#4428,.F.);
#6104=ORIENTED_EDGE('',*,*,#4595,.T.);
#6105=ORIENTED_EDGE('',*,*,#4596,.F.);
#6106=ORIENTED_EDGE('',*,*,#4263,.T.);
#6107=ORIENTED_EDGE('',*,*,#4430,.F.);
#6108=ORIENTED_EDGE('',*,*,#4597,.T.);
#6109=ORIENTED_EDGE('',*,*,#4598,.F.);
#6110=ORIENTED_EDGE('',*,*,#4595,.F.);
#6111=ORIENTED_EDGE('',*,*,#4427,.T.);
#6112=ORIENTED_EDGE('',*,*,#4599,.F.);
#6113=ORIENTED_EDGE('',*,*,#4600,.F.);
#6114=ORIENTED_EDGE('',*,*,#4597,.F.);
#6115=ORIENTED_EDGE('',*,*,#4431,.T.);
#6116=ORIENTED_EDGE('',*,*,#4258,.F.);
#6117=ORIENTED_EDGE('',*,*,#4601,.F.);
#6118=ORIENTED_EDGE('',*,*,#4270,.T.);
#6119=ORIENTED_EDGE('',*,*,#4442,.F.);
#6120=ORIENTED_EDGE('',*,*,#4602,.T.);
#6121=ORIENTED_EDGE('',*,*,#4603,.F.);
#6122=ORIENTED_EDGE('',*,*,#4277,.T.);
#6123=ORIENTED_EDGE('',*,*,#4445,.F.);
#6124=ORIENTED_EDGE('',*,*,#4604,.T.);
#6125=ORIENTED_EDGE('',*,*,#4605,.F.);
#6126=ORIENTED_EDGE('',*,*,#4599,.T.);
#6127=ORIENTED_EDGE('',*,*,#4429,.T.);
#6128=ORIENTED_EDGE('',*,*,#4251,.T.);
#6129=ORIENTED_EDGE('',*,*,#4606,.F.);
#6130=ORIENTED_EDGE('',*,*,#4604,.F.);
#6131=ORIENTED_EDGE('',*,*,#4444,.T.);
#6132=ORIENTED_EDGE('',*,*,#4607,.F.);
#6133=ORIENTED_EDGE('',*,*,#4608,.F.);
#6134=ORIENTED_EDGE('',*,*,#4602,.F.);
#6135=ORIENTED_EDGE('',*,*,#4443,.T.);
#6136=ORIENTED_EDGE('',*,*,#4265,.F.);
#6137=ORIENTED_EDGE('',*,*,#4609,.F.);
#6138=ORIENTED_EDGE('',*,*,#4284,.T.);
#6139=ORIENTED_EDGE('',*,*,#4435,.F.);
#6140=ORIENTED_EDGE('',*,*,#4610,.T.);
#6141=ORIENTED_EDGE('',*,*,#4611,.F.);
#6142=ORIENTED_EDGE('',*,*,#4607,.T.);
#6143=ORIENTED_EDGE('',*,*,#4446,.T.);
#6144=ORIENTED_EDGE('',*,*,#4272,.T.);
#6145=ORIENTED_EDGE('',*,*,#4612,.F.);
#6146=ORIENTED_EDGE('',*,*,#4291,.T.);
#6147=ORIENTED_EDGE('',*,*,#4433,.F.);
#6148=ORIENTED_EDGE('',*,*,#4613,.T.);
#6149=ORIENTED_EDGE('',*,*,#4614,.F.);
#6150=ORIENTED_EDGE('',*,*,#4613,.F.);
#6151=ORIENTED_EDGE('',*,*,#4432,.T.);
#6152=ORIENTED_EDGE('',*,*,#4615,.F.);
#6153=ORIENTED_EDGE('',*,*,#4616,.F.);
#6154=ORIENTED_EDGE('',*,*,#4610,.F.);
#6155=ORIENTED_EDGE('',*,*,#4436,.T.);
#6156=ORIENTED_EDGE('',*,*,#4279,.F.);
#6157=ORIENTED_EDGE('',*,*,#4617,.F.);
#6158=ORIENTED_EDGE('',*,*,#4615,.T.);
#6159=ORIENTED_EDGE('',*,*,#4434,.T.);
#6160=ORIENTED_EDGE('',*,*,#4286,.T.);
#6161=ORIENTED_EDGE('',*,*,#4618,.F.);
#6162=ORIENTED_EDGE('',*,*,#4295,.T.);
#6163=ORIENTED_EDGE('',*,*,#4437,.F.);
#6164=ORIENTED_EDGE('',*,*,#4619,.T.);
#6165=ORIENTED_EDGE('',*,*,#4620,.F.);
#6166=ORIENTED_EDGE('',*,*,#4302,.T.);
#6167=ORIENTED_EDGE('',*,*,#4439,.F.);
#6168=ORIENTED_EDGE('',*,*,#4621,.F.);
#6169=ORIENTED_EDGE('',*,*,#4622,.F.);
#6170=ORIENTED_EDGE('',*,*,#4621,.T.);
#6171=ORIENTED_EDGE('',*,*,#4441,.F.);
#6172=ORIENTED_EDGE('',*,*,#4623,.T.);
#6173=ORIENTED_EDGE('',*,*,#4624,.F.);
#6174=ORIENTED_EDGE('',*,*,#4623,.F.);
#6175=ORIENTED_EDGE('',*,*,#4440,.T.);
#6176=ORIENTED_EDGE('',*,*,#4297,.T.);
#6177=ORIENTED_EDGE('',*,*,#4625,.F.);
#6178=ORIENTED_EDGE('',*,*,#4619,.F.);
#6179=ORIENTED_EDGE('',*,*,#4438,.T.);
#6180=ORIENTED_EDGE('',*,*,#4293,.F.);
#6181=ORIENTED_EDGE('',*,*,#4626,.F.);
#6182=ORIENTED_EDGE('',*,*,#4235,.T.);
#6183=ORIENTED_EDGE('',*,*,#4351,.T.);
#6184=ORIENTED_EDGE('',*,*,#4314,.T.);
#6185=ORIENTED_EDGE('',*,*,#4627,.F.);
#6186=ORIENTED_EDGE('',*,*,#4583,.F.);
#6187=ORIENTED_EDGE('',*,*,#4352,.T.);
#6188=ORIENTED_EDGE('',*,*,#4237,.F.);
#6189=ORIENTED_EDGE('',*,*,#4628,.F.);
#6190=ORIENTED_EDGE('',*,*,#4309,.T.);
#6191=ORIENTED_EDGE('',*,*,#4426,.F.);
#6192=ORIENTED_EDGE('',*,*,#4629,.T.);
#6193=ORIENTED_EDGE('',*,*,#4630,.F.);
#6194=ORIENTED_EDGE('',*,*,#4629,.F.);
#6195=ORIENTED_EDGE('',*,*,#4425,.T.);
#6196=ORIENTED_EDGE('',*,*,#4304,.F.);
#6197=ORIENTED_EDGE('',*,*,#4628,.T.);
#6198=ORIENTED_EDGE('',*,*,#4630,.T.);
#6199=ORIENTED_EDGE('',*,*,#4303,.T.);
#6200=ORIENTED_EDGE('',*,*,#4307,.T.);
#6201=ORIENTED_EDGE('',*,*,#4620,.T.);
#6202=ORIENTED_EDGE('',*,*,#4622,.T.);
#6203=ORIENTED_EDGE('',*,*,#4624,.T.);
#6204=ORIENTED_EDGE('',*,*,#4296,.T.);
#6205=ORIENTED_EDGE('',*,*,#4300,.T.);
#6206=ORIENTED_EDGE('',*,*,#4618,.T.);
#6207=ORIENTED_EDGE('',*,*,#4625,.T.);
#6208=ORIENTED_EDGE('',*,*,#4292,.T.);
#6209=ORIENTED_EDGE('',*,*,#4612,.T.);
#6210=ORIENTED_EDGE('',*,*,#4614,.T.);
#6211=ORIENTED_EDGE('',*,*,#4617,.T.);
#6212=ORIENTED_EDGE('',*,*,#4285,.T.);
#6213=ORIENTED_EDGE('',*,*,#4289,.T.);
#6214=ORIENTED_EDGE('',*,*,#4609,.T.);
#6215=ORIENTED_EDGE('',*,*,#4616,.T.);
#6216=ORIENTED_EDGE('',*,*,#4278,.T.);
#6217=ORIENTED_EDGE('',*,*,#4282,.T.);
#6218=ORIENTED_EDGE('',*,*,#4603,.T.);
#6219=ORIENTED_EDGE('',*,*,#4606,.T.);
#6220=ORIENTED_EDGE('',*,*,#4611,.T.);
#6221=ORIENTED_EDGE('',*,*,#4271,.T.);
#6222=ORIENTED_EDGE('',*,*,#4275,.T.);
#6223=ORIENTED_EDGE('',*,*,#4601,.T.);
#6224=ORIENTED_EDGE('',*,*,#4608,.T.);
#6225=ORIENTED_EDGE('',*,*,#4264,.T.);
#6226=ORIENTED_EDGE('',*,*,#4268,.T.);
#6227=ORIENTED_EDGE('',*,*,#4596,.T.);
#6228=ORIENTED_EDGE('',*,*,#4600,.T.);
#6229=ORIENTED_EDGE('',*,*,#4257,.T.);
#6230=ORIENTED_EDGE('',*,*,#4261,.T.);
#6231=ORIENTED_EDGE('',*,*,#4594,.T.);
#6232=ORIENTED_EDGE('',*,*,#4598,.T.);
#6233=ORIENTED_EDGE('',*,*,#4605,.T.);
#6234=ORIENTED_EDGE('',*,*,#4250,.T.);
#6235=ORIENTED_EDGE('',*,*,#4254,.T.);
#6236=ORIENTED_EDGE('',*,*,#4593,.T.);
#6237=ORIENTED_EDGE('',*,*,#4631,.F.);
#6238=ORIENTED_EDGE('',*,*,#4626,.T.);
#6239=ORIENTED_EDGE('',*,*,#4313,.T.);
#6240=ORIENTED_EDGE('',*,*,#4229,.T.);
#6241=ORIENTED_EDGE('',*,*,#4233,.T.);
#6242=ORIENTED_EDGE('',*,*,#4590,.T.);
#6243=ORIENTED_EDGE('',*,*,#4310,.T.);
#6244=ORIENTED_EDGE('',*,*,#4219,.T.);
#6245=ORIENTED_EDGE('',*,*,#4226,.T.);
#6246=ORIENTED_EDGE('',*,*,#4542,.T.);
#6247=ORIENTED_EDGE('',*,*,#4316,.T.);
#6248=ORIENTED_EDGE('',*,*,#4215,.T.);
#6249=ORIENTED_EDGE('',*,*,#4223,.T.);
#6250=ORIENTED_EDGE('',*,*,#4540,.T.);
#6251=ORIENTED_EDGE('',*,*,#4488,.T.);
#6252=ORIENTED_EDGE('',*,*,#4208,.T.);
#6253=ORIENTED_EDGE('',*,*,#4212,.T.);
#6254=ORIENTED_EDGE('',*,*,#4586,.T.);
#6255=ORIENTED_EDGE('',*,*,#4591,.T.);
#6256=ORIENTED_EDGE('',*,*,#4243,.T.);
#6257=ORIENTED_EDGE('',*,*,#4247,.T.);
#6258=ORIENTED_EDGE('',*,*,#4582,.T.);
#6259=ORIENTED_EDGE('',*,*,#4627,.T.);
#6260=ORIENTED_EDGE('',*,*,#4236,.T.);
#6261=ORIENTED_EDGE('',*,*,#4240,.T.);
#6262=ORIENTED_EDGE('',*,*,#4580,.T.);
#6263=ORIENTED_EDGE('',*,*,#4585,.T.);
#6264=ORIENTED_EDGE('',*,*,#4201,.T.);
#6265=ORIENTED_EDGE('',*,*,#4205,.T.);
#6266=ORIENTED_EDGE('',*,*,#4578,.T.);
#6267=ORIENTED_EDGE('',*,*,#4584,.T.);
#6268=ORIENTED_EDGE('',*,*,#4194,.T.);
#6269=ORIENTED_EDGE('',*,*,#4198,.T.);
#6270=ORIENTED_EDGE('',*,*,#4573,.T.);
#6271=ORIENTED_EDGE('',*,*,#4576,.T.);
#6272=ORIENTED_EDGE('',*,*,#4187,.T.);
#6273=ORIENTED_EDGE('',*,*,#4191,.T.);
#6274=ORIENTED_EDGE('',*,*,#4571,.T.);
#6275=ORIENTED_EDGE('',*,*,#4577,.T.);
#6276=ORIENTED_EDGE('',*,*,#4180,.T.);
#6277=ORIENTED_EDGE('',*,*,#4184,.T.);
#6278=ORIENTED_EDGE('',*,*,#4569,.T.);
#6279=ORIENTED_EDGE('',*,*,#4575,.T.);
#6280=ORIENTED_EDGE('',*,*,#4173,.T.);
#6281=ORIENTED_EDGE('',*,*,#4177,.T.);
#6282=ORIENTED_EDGE('',*,*,#4566,.T.);
#6283=ORIENTED_EDGE('',*,*,#4568,.T.);
#6284=ORIENTED_EDGE('',*,*,#4166,.T.);
#6285=ORIENTED_EDGE('',*,*,#4170,.T.);
#6286=ORIENTED_EDGE('',*,*,#4561,.T.);
#6287=ORIENTED_EDGE('',*,*,#4564,.T.);
#6288=ORIENTED_EDGE('',*,*,#4162,.T.);
#6289=ORIENTED_EDGE('',*,*,#4559,.T.);
#6290=ORIENTED_EDGE('',*,*,#4565,.T.);
#6291=ORIENTED_EDGE('',*,*,#4155,.T.);
#6292=ORIENTED_EDGE('',*,*,#4159,.T.);
#6293=ORIENTED_EDGE('',*,*,#4557,.T.);
#6294=ORIENTED_EDGE('',*,*,#4563,.T.);
#6295=ORIENTED_EDGE('',*,*,#4151,.T.);
#6296=ORIENTED_EDGE('',*,*,#4553,.T.);
#6297=ORIENTED_EDGE('',*,*,#4556,.T.);
#6298=ORIENTED_EDGE('',*,*,#4147,.T.);
#6299=ORIENTED_EDGE('',*,*,#4551,.T.);
#6300=ORIENTED_EDGE('',*,*,#4555,.T.);
#6301=ORIENTED_EDGE('',*,*,#4143,.T.);
#6302=ORIENTED_EDGE('',*,*,#4547,.T.);
#6303=ORIENTED_EDGE('',*,*,#4550,.T.);
#6304=ORIENTED_EDGE('',*,*,#4136,.T.);
#6305=ORIENTED_EDGE('',*,*,#4140,.T.);
#6306=ORIENTED_EDGE('',*,*,#4545,.T.);
#6307=ORIENTED_EDGE('',*,*,#4589,.T.);
#6308=ORIENTED_EDGE('',*,*,#4129,.T.);
#6309=ORIENTED_EDGE('',*,*,#4133,.T.);
#6310=ORIENTED_EDGE('',*,*,#4543,.T.);
#6311=ORIENTED_EDGE('',*,*,#4588,.T.);
#6312=ORIENTED_EDGE('',*,*,#4122,.T.);
#6313=ORIENTED_EDGE('',*,*,#4126,.T.);
#6314=ORIENTED_EDGE('',*,*,#4533,.T.);
#6315=ORIENTED_EDGE('',*,*,#4537,.T.);
#6316=ORIENTED_EDGE('',*,*,#4115,.T.);
#6317=ORIENTED_EDGE('',*,*,#4119,.T.);
#6318=ORIENTED_EDGE('',*,*,#4531,.T.);
#6319=ORIENTED_EDGE('',*,*,#4535,.T.);
#6320=ORIENTED_EDGE('',*,*,#4108,.T.);
#6321=ORIENTED_EDGE('',*,*,#4112,.T.);
#6322=ORIENTED_EDGE('',*,*,#4529,.T.);
#6323=ORIENTED_EDGE('',*,*,#4536,.T.);
#6324=ORIENTED_EDGE('',*,*,#4101,.T.);
#6325=ORIENTED_EDGE('',*,*,#4105,.T.);
#6326=ORIENTED_EDGE('',*,*,#4525,.T.);
#6327=ORIENTED_EDGE('',*,*,#4527,.T.);
#6328=ORIENTED_EDGE('',*,*,#4094,.T.);
#6329=ORIENTED_EDGE('',*,*,#4098,.T.);
#6330=ORIENTED_EDGE('',*,*,#4521,.T.);
#6331=ORIENTED_EDGE('',*,*,#4524,.T.);
#6332=ORIENTED_EDGE('',*,*,#4090,.T.);
#6333=ORIENTED_EDGE('',*,*,#4519,.T.);
#6334=ORIENTED_EDGE('',*,*,#4528,.T.);
#6335=ORIENTED_EDGE('',*,*,#4083,.T.);
#6336=ORIENTED_EDGE('',*,*,#4087,.T.);
#6337=ORIENTED_EDGE('',*,*,#4517,.T.);
#6338=ORIENTED_EDGE('',*,*,#4523,.T.);
#6339=ORIENTED_EDGE('',*,*,#4079,.T.);
#6340=ORIENTED_EDGE('',*,*,#4513,.T.);
#6341=ORIENTED_EDGE('',*,*,#4516,.T.);
#6342=ORIENTED_EDGE('',*,*,#4075,.T.);
#6343=ORIENTED_EDGE('',*,*,#4511,.T.);
#6344=ORIENTED_EDGE('',*,*,#4515,.T.);
#6345=ORIENTED_EDGE('',*,*,#4071,.T.);
#6346=ORIENTED_EDGE('',*,*,#4507,.T.);
#6347=ORIENTED_EDGE('',*,*,#4510,.T.);
#6348=ORIENTED_EDGE('',*,*,#4064,.T.);
#6349=ORIENTED_EDGE('',*,*,#4068,.T.);
#6350=ORIENTED_EDGE('',*,*,#4505,.T.);
#6351=ORIENTED_EDGE('',*,*,#4509,.T.);
#6352=ORIENTED_EDGE('',*,*,#4057,.T.);
#6353=ORIENTED_EDGE('',*,*,#4061,.T.);
#6354=ORIENTED_EDGE('',*,*,#4501,.T.);
#6355=ORIENTED_EDGE('',*,*,#4504,.T.);
#6356=ORIENTED_EDGE('',*,*,#4050,.T.);
#6357=ORIENTED_EDGE('',*,*,#4054,.T.);
#6358=ORIENTED_EDGE('',*,*,#4499,.T.);
#6359=ORIENTED_EDGE('',*,*,#4503,.T.);
#6360=ORIENTED_EDGE('',*,*,#4043,.T.);
#6361=ORIENTED_EDGE('',*,*,#4047,.T.);
#6362=ORIENTED_EDGE('',*,*,#4494,.T.);
#6363=ORIENTED_EDGE('',*,*,#4498,.T.);
#6364=ORIENTED_EDGE('',*,*,#4036,.T.);
#6365=ORIENTED_EDGE('',*,*,#4040,.T.);
#6366=ORIENTED_EDGE('',*,*,#4492,.T.);
#6367=ORIENTED_EDGE('',*,*,#4497,.T.);
#6368=ORIENTED_EDGE('',*,*,#4029,.T.);
#6369=ORIENTED_EDGE('',*,*,#4033,.T.);
#6370=ORIENTED_EDGE('',*,*,#4490,.T.);
#6371=ORIENTED_EDGE('',*,*,#4541,.T.);
#6372=ORIENTED_EDGE('',*,*,#4022,.T.);
#6373=ORIENTED_EDGE('',*,*,#4026,.T.);
#6374=ORIENTED_EDGE('',*,*,#4483,.T.);
#6375=ORIENTED_EDGE('',*,*,#4487,.T.);
#6376=ORIENTED_EDGE('',*,*,#4015,.T.);
#6377=ORIENTED_EDGE('',*,*,#4019,.T.);
#6378=ORIENTED_EDGE('',*,*,#4479,.T.);
#6379=ORIENTED_EDGE('',*,*,#4482,.T.);
#6380=ORIENTED_EDGE('',*,*,#4008,.T.);
#6381=ORIENTED_EDGE('',*,*,#4012,.T.);
#6382=ORIENTED_EDGE('',*,*,#4477,.T.);
#6383=ORIENTED_EDGE('',*,*,#4538,.T.);
#6384=ORIENTED_EDGE('',*,*,#4001,.T.);
#6385=ORIENTED_EDGE('',*,*,#4005,.T.);
#6386=ORIENTED_EDGE('',*,*,#4475,.T.);
#6387=ORIENTED_EDGE('',*,*,#4481,.T.);
#6388=ORIENTED_EDGE('',*,*,#3994,.T.);
#6389=ORIENTED_EDGE('',*,*,#3998,.T.);
#6390=ORIENTED_EDGE('',*,*,#4473,.T.);
#6391=ORIENTED_EDGE('',*,*,#4486,.T.);
#6392=ORIENTED_EDGE('',*,*,#3987,.T.);
#6393=ORIENTED_EDGE('',*,*,#3991,.T.);
#6394=ORIENTED_EDGE('',*,*,#4469,.T.);
#6395=ORIENTED_EDGE('',*,*,#4471,.T.);
#6396=ORIENTED_EDGE('',*,*,#3980,.T.);
#6397=ORIENTED_EDGE('',*,*,#3984,.T.);
#6398=ORIENTED_EDGE('',*,*,#4467,.T.);
#6399=ORIENTED_EDGE('',*,*,#4472,.T.);
#6400=ORIENTED_EDGE('',*,*,#3973,.T.);
#6401=ORIENTED_EDGE('',*,*,#3977,.T.);
#6402=ORIENTED_EDGE('',*,*,#4465,.T.);
#6403=ORIENTED_EDGE('',*,*,#4485,.T.);
#6404=ORIENTED_EDGE('',*,*,#3966,.T.);
#6405=ORIENTED_EDGE('',*,*,#3970,.T.);
#6406=ORIENTED_EDGE('',*,*,#4338,.T.);
#6407=ORIENTED_EDGE('',*,*,#4464,.T.);
#6408=ORIENTED_EDGE('',*,*,#3933,.T.);
#6409=ORIENTED_EDGE('',*,*,#3937,.T.);
#6410=ORIENTED_EDGE('',*,*,#4632,.T.);
#6411=ORIENTED_EDGE('',*,*,#4633,.T.);
#6412=ORIENTED_EDGE('',*,*,#4634,.T.);
#6413=ORIENTED_EDGE('',*,*,#4635,.T.);
#6414=ORIENTED_EDGE('',*,*,#4636,.T.);
#6415=ORIENTED_EDGE('',*,*,#4637,.T.);
#6416=ORIENTED_EDGE('',*,*,#4638,.T.);
#6417=ORIENTED_EDGE('',*,*,#4639,.T.);
#6418=ORIENTED_EDGE('',*,*,#4640,.T.);
#6419=ORIENTED_EDGE('',*,*,#4641,.T.);
#6420=ORIENTED_EDGE('',*,*,#4461,.T.);
#6421=ORIENTED_EDGE('',*,*,#4496,.T.);
#6422=ORIENTED_EDGE('',*,*,#4322,.T.);
#6423=ORIENTED_EDGE('',*,*,#4549,.T.);
#6424=ORIENTED_EDGE('',*,*,#4326,.T.);
#6425=ORIENTED_EDGE('',*,*,#4319,.T.);
#6426=ORIENTED_EDGE('',*,*,#3947,.T.);
#6427=ORIENTED_EDGE('',*,*,#3951,.T.);
#6428=ORIENTED_EDGE('',*,*,#3954,.T.);
#6429=ORIENTED_EDGE('',*,*,#3957,.T.);
#6430=ORIENTED_EDGE('',*,*,#3960,.T.);
#6431=ORIENTED_EDGE('',*,*,#3963,.T.);
#6432=ORIENTED_EDGE('',*,*,#4332,.T.);
#6433=ORIENTED_EDGE('',*,*,#4463,.T.);
#6434=ORIENTED_EDGE('',*,*,#3922,.T.);
#6435=ORIENTED_EDGE('',*,*,#4341,.T.);
#6436=ORIENTED_EDGE('',*,*,#4344,.T.);
#6437=ORIENTED_EDGE('',*,*,#4335,.T.);
#6438=ORIENTED_EDGE('',*,*,#3940,.T.);
#6439=ORIENTED_EDGE('',*,*,#3944,.T.);
#6440=ORIENTED_EDGE('',*,*,#4642,.F.);
#6441=ORIENTED_EDGE('',*,*,#4643,.T.);
#6442=ORIENTED_EDGE('',*,*,#4644,.T.);
#6443=ORIENTED_EDGE('',*,*,#4645,.T.);
#6444=ORIENTED_EDGE('',*,*,#4646,.F.);
#6445=ORIENTED_EDGE('',*,*,#4647,.T.);
#6446=ORIENTED_EDGE('',*,*,#4648,.T.);
#6447=ORIENTED_EDGE('',*,*,#4649,.T.);
#6448=ORIENTED_EDGE('',*,*,#4650,.F.);
#6449=ORIENTED_EDGE('',*,*,#4651,.T.);
#6450=ORIENTED_EDGE('',*,*,#4652,.T.);
#6451=ORIENTED_EDGE('',*,*,#4653,.T.);
#6452=ORIENTED_EDGE('',*,*,#4654,.T.);
#6453=ORIENTED_EDGE('',*,*,#4655,.T.);
#6454=ORIENTED_EDGE('',*,*,#4656,.F.);
#6455=ORIENTED_EDGE('',*,*,#4653,.F.);
#6456=ORIENTED_EDGE('',*,*,#4651,.F.);
#6457=ORIENTED_EDGE('',*,*,#4657,.T.);
#6458=ORIENTED_EDGE('',*,*,#4658,.T.);
#6459=ORIENTED_EDGE('',*,*,#4659,.T.);
#6460=ORIENTED_EDGE('',*,*,#4660,.T.);
#6461=ORIENTED_EDGE('',*,*,#4661,.T.);
#6462=ORIENTED_EDGE('',*,*,#4655,.F.);
#6463=ORIENTED_EDGE('',*,*,#4662,.T.);
#6464=ORIENTED_EDGE('',*,*,#4663,.T.);
#6465=ORIENTED_EDGE('',*,*,#4658,.F.);
#6466=ORIENTED_EDGE('',*,*,#4664,.F.);
#6467=ORIENTED_EDGE('',*,*,#4649,.F.);
#6468=ORIENTED_EDGE('',*,*,#4665,.F.);
#6469=ORIENTED_EDGE('',*,*,#4660,.F.);
#6470=ORIENTED_EDGE('',*,*,#4666,.T.);
#6471=ORIENTED_EDGE('',*,*,#4667,.T.);
#6472=ORIENTED_EDGE('',*,*,#4668,.T.);
#6473=ORIENTED_EDGE('',*,*,#4669,.T.);
#6474=ORIENTED_EDGE('',*,*,#4670,.F.);
#6475=ORIENTED_EDGE('',*,*,#4667,.F.);
#6476=ORIENTED_EDGE('',*,*,#4647,.F.);
#6477=ORIENTED_EDGE('',*,*,#4671,.T.);
#6478=ORIENTED_EDGE('',*,*,#4672,.T.);
#6479=ORIENTED_EDGE('',*,*,#4673,.T.);
#6480=ORIENTED_EDGE('',*,*,#4674,.T.);
#6481=ORIENTED_EDGE('',*,*,#4675,.T.);
#6482=ORIENTED_EDGE('',*,*,#4669,.F.);
#6483=ORIENTED_EDGE('',*,*,#4676,.T.);
#6484=ORIENTED_EDGE('',*,*,#4677,.T.);
#6485=ORIENTED_EDGE('',*,*,#4672,.F.);
#6486=ORIENTED_EDGE('',*,*,#4678,.F.);
#6487=ORIENTED_EDGE('',*,*,#4645,.F.);
#6488=ORIENTED_EDGE('',*,*,#4679,.F.);
#6489=ORIENTED_EDGE('',*,*,#4674,.F.);
#6490=ORIENTED_EDGE('',*,*,#4680,.T.);
#6491=ORIENTED_EDGE('',*,*,#4681,.T.);
#6492=ORIENTED_EDGE('',*,*,#4682,.T.);
#6493=ORIENTED_EDGE('',*,*,#4683,.T.);
#6494=ORIENTED_EDGE('',*,*,#4684,.F.);
#6495=ORIENTED_EDGE('',*,*,#4681,.F.);
#6496=ORIENTED_EDGE('',*,*,#4643,.F.);
#6497=ORIENTED_EDGE('',*,*,#4685,.T.);
#6498=ORIENTED_EDGE('',*,*,#4683,.F.);
#6499=ORIENTED_EDGE('',*,*,#4686,.T.);
#6500=ORIENTED_EDGE('',*,*,#4652,.F.);
#6501=ORIENTED_EDGE('',*,*,#4659,.F.);
#6502=ORIENTED_EDGE('',*,*,#4663,.F.);
#6503=ORIENTED_EDGE('',*,*,#4648,.F.);
#6504=ORIENTED_EDGE('',*,*,#4673,.F.);
#6505=ORIENTED_EDGE('',*,*,#4677,.F.);
#6506=ORIENTED_EDGE('',*,*,#4644,.F.);
#6507=ORIENTED_EDGE('',*,*,#4686,.F.);
#6508=ORIENTED_EDGE('',*,*,#4682,.F.);
#6509=ORIENTED_EDGE('',*,*,#4680,.F.);
#6510=ORIENTED_EDGE('',*,*,#4676,.F.);
#6511=ORIENTED_EDGE('',*,*,#4668,.F.);
#6512=ORIENTED_EDGE('',*,*,#4666,.F.);
#6513=ORIENTED_EDGE('',*,*,#4662,.F.);
#6514=ORIENTED_EDGE('',*,*,#4654,.F.);
#6515=ORIENTED_EDGE('',*,*,#4687,.T.);
#6516=ORIENTED_EDGE('',*,*,#4688,.T.);
#6517=ORIENTED_EDGE('',*,*,#4689,.T.);
#6518=ORIENTED_EDGE('',*,*,#4690,.T.);
#6519=ORIENTED_EDGE('',*,*,#4691,.T.);
#6520=ORIENTED_EDGE('',*,*,#4692,.T.);
#6521=ORIENTED_EDGE('',*,*,#4693,.T.);
#6522=ORIENTED_EDGE('',*,*,#4694,.T.);
#6523=ORIENTED_EDGE('',*,*,#4695,.T.);
#6524=ORIENTED_EDGE('',*,*,#4696,.T.);
#6525=ORIENTED_EDGE('',*,*,#4631,.T.);
#6526=ORIENTED_EDGE('',*,*,#4697,.T.);
#6527=ORIENTED_EDGE('',*,*,#4698,.T.);
#6528=ORIENTED_EDGE('',*,*,#4697,.F.);
#6529=ORIENTED_EDGE('',*,*,#4698,.F.);
#6530=ORIENTED_EDGE('',*,*,#4699,.T.);
#6531=ORIENTED_EDGE('',*,*,#4700,.F.);
#6532=ORIENTED_EDGE('',*,*,#4699,.F.);
#6533=ORIENTED_EDGE('',*,*,#4329,.T.);
#6534=ORIENTED_EDGE('',*,*,#4539,.T.);
#6535=ORIENTED_EDGE('',*,*,#3926,.T.);
#6536=ORIENTED_EDGE('',*,*,#3930,.T.);
#6537=ORIENTED_EDGE('',*,*,#4701,.F.);
#6538=ORIENTED_EDGE('',*,*,#4702,.T.);
#6539=ORIENTED_EDGE('',*,*,#4703,.F.);
#6540=ORIENTED_EDGE('',*,*,#4702,.F.);
#6541=ORIENTED_EDGE('',*,*,#4701,.T.);
#6542=ORIENTED_EDGE('',*,*,#4700,.T.);
#6543=ORIENTED_EDGE('',*,*,#4704,.F.);
#6544=ORIENTED_EDGE('',*,*,#4705,.T.);
#6545=ORIENTED_EDGE('',*,*,#4696,.F.);
#6546=ORIENTED_EDGE('',*,*,#4706,.F.);
#6547=ORIENTED_EDGE('',*,*,#4707,.F.);
#6548=ORIENTED_EDGE('',*,*,#4706,.T.);
#6549=ORIENTED_EDGE('',*,*,#4695,.F.);
#6550=ORIENTED_EDGE('',*,*,#4708,.F.);
#6551=ORIENTED_EDGE('',*,*,#4709,.F.);
#6552=ORIENTED_EDGE('',*,*,#4708,.T.);
#6553=ORIENTED_EDGE('',*,*,#4694,.F.);
#6554=ORIENTED_EDGE('',*,*,#4710,.F.);
#6555=ORIENTED_EDGE('',*,*,#4711,.F.);
#6556=ORIENTED_EDGE('',*,*,#4710,.T.);
#6557=ORIENTED_EDGE('',*,*,#4693,.F.);
#6558=ORIENTED_EDGE('',*,*,#4712,.F.);
#6559=ORIENTED_EDGE('',*,*,#4713,.F.);
#6560=ORIENTED_EDGE('',*,*,#4712,.T.);
#6561=ORIENTED_EDGE('',*,*,#4692,.F.);
#6562=ORIENTED_EDGE('',*,*,#4714,.F.);
#6563=ORIENTED_EDGE('',*,*,#4715,.F.);
#6564=ORIENTED_EDGE('',*,*,#4714,.T.);
#6565=ORIENTED_EDGE('',*,*,#4691,.F.);
#6566=ORIENTED_EDGE('',*,*,#4716,.F.);
#6567=ORIENTED_EDGE('',*,*,#4717,.F.);
#6568=ORIENTED_EDGE('',*,*,#4716,.T.);
#6569=ORIENTED_EDGE('',*,*,#4690,.F.);
#6570=ORIENTED_EDGE('',*,*,#4718,.F.);
#6571=ORIENTED_EDGE('',*,*,#4719,.F.);
#6572=ORIENTED_EDGE('',*,*,#4718,.T.);
#6573=ORIENTED_EDGE('',*,*,#4689,.F.);
#6574=ORIENTED_EDGE('',*,*,#4720,.F.);
#6575=ORIENTED_EDGE('',*,*,#4721,.F.);
#6576=ORIENTED_EDGE('',*,*,#4720,.T.);
#6577=ORIENTED_EDGE('',*,*,#4688,.F.);
#6578=ORIENTED_EDGE('',*,*,#4722,.F.);
#6579=ORIENTED_EDGE('',*,*,#4723,.F.);
#6580=ORIENTED_EDGE('',*,*,#4722,.T.);
#6581=ORIENTED_EDGE('',*,*,#4687,.F.);
#6582=ORIENTED_EDGE('',*,*,#4705,.F.);
#6583=ORIENTED_EDGE('',*,*,#4724,.T.);
#6584=ORIENTED_EDGE('',*,*,#4725,.T.);
#6585=ORIENTED_EDGE('',*,*,#4726,.F.);
#6586=ORIENTED_EDGE('',*,*,#4727,.T.);
#6587=ORIENTED_EDGE('',*,*,#4728,.F.);
#6588=ORIENTED_EDGE('',*,*,#4729,.F.);
#6589=ORIENTED_EDGE('',*,*,#4730,.F.);
#6590=ORIENTED_EDGE('',*,*,#4731,.F.);
#6591=ORIENTED_EDGE('',*,*,#4732,.F.);
#6592=ORIENTED_EDGE('',*,*,#4733,.F.);
#6593=ORIENTED_EDGE('',*,*,#4646,.T.);
#6594=ORIENTED_EDGE('',*,*,#4664,.T.);
#6595=ORIENTED_EDGE('',*,*,#4657,.F.);
#6596=ORIENTED_EDGE('',*,*,#4650,.T.);
#6597=ORIENTED_EDGE('',*,*,#4656,.T.);
#6598=ORIENTED_EDGE('',*,*,#4661,.F.);
#6599=ORIENTED_EDGE('',*,*,#4665,.T.);
#6600=ORIENTED_EDGE('',*,*,#4670,.T.);
#6601=ORIENTED_EDGE('',*,*,#4675,.F.);
#6602=ORIENTED_EDGE('',*,*,#4679,.T.);
#6603=ORIENTED_EDGE('',*,*,#4684,.T.);
#6604=ORIENTED_EDGE('',*,*,#4685,.F.);
#6605=ORIENTED_EDGE('',*,*,#4642,.T.);
#6606=ORIENTED_EDGE('',*,*,#4678,.T.);
#6607=ORIENTED_EDGE('',*,*,#4671,.F.);
#6608=ORIENTED_EDGE('',*,*,#4349,.T.);
#6609=ORIENTED_EDGE('',*,*,#4734,.T.);
#6610=ORIENTED_EDGE('',*,*,#4735,.T.);
#6611=ORIENTED_EDGE('',*,*,#4734,.F.);
#6612=ORIENTED_EDGE('',*,*,#4725,.F.);
#6613=ORIENTED_EDGE('',*,*,#4736,.T.);
#6614=ORIENTED_EDGE('',*,*,#4641,.F.);
#6615=ORIENTED_EDGE('',*,*,#4737,.F.);
#6616=ORIENTED_EDGE('',*,*,#4726,.T.);
#6617=ORIENTED_EDGE('',*,*,#4737,.T.);
#6618=ORIENTED_EDGE('',*,*,#4640,.F.);
#6619=ORIENTED_EDGE('',*,*,#4738,.F.);
#6620=ORIENTED_EDGE('',*,*,#4727,.F.);
#6621=ORIENTED_EDGE('',*,*,#4738,.T.);
#6622=ORIENTED_EDGE('',*,*,#4639,.F.);
#6623=ORIENTED_EDGE('',*,*,#4739,.F.);
#6624=ORIENTED_EDGE('',*,*,#4728,.T.);
#6625=ORIENTED_EDGE('',*,*,#4739,.T.);
#6626=ORIENTED_EDGE('',*,*,#4638,.F.);
#6627=ORIENTED_EDGE('',*,*,#4740,.F.);
#6628=ORIENTED_EDGE('',*,*,#4729,.T.);
#6629=ORIENTED_EDGE('',*,*,#4740,.T.);
#6630=ORIENTED_EDGE('',*,*,#4637,.F.);
#6631=ORIENTED_EDGE('',*,*,#4741,.F.);
#6632=ORIENTED_EDGE('',*,*,#4730,.T.);
#6633=ORIENTED_EDGE('',*,*,#4741,.T.);
#6634=ORIENTED_EDGE('',*,*,#4636,.F.);
#6635=ORIENTED_EDGE('',*,*,#4742,.F.);
#6636=ORIENTED_EDGE('',*,*,#4731,.T.);
#6637=ORIENTED_EDGE('',*,*,#4742,.T.);
#6638=ORIENTED_EDGE('',*,*,#4635,.F.);
#6639=ORIENTED_EDGE('',*,*,#4743,.F.);
#6640=ORIENTED_EDGE('',*,*,#4732,.T.);
#6641=ORIENTED_EDGE('',*,*,#4743,.T.);
#6642=ORIENTED_EDGE('',*,*,#4634,.F.);
#6643=ORIENTED_EDGE('',*,*,#4744,.F.);
#6644=ORIENTED_EDGE('',*,*,#4733,.T.);
#6645=ORIENTED_EDGE('',*,*,#4744,.T.);
#6646=ORIENTED_EDGE('',*,*,#4633,.F.);
#6647=ORIENTED_EDGE('',*,*,#4745,.F.);
#6648=ORIENTED_EDGE('',*,*,#4724,.F.);
#6649=ORIENTED_EDGE('',*,*,#4745,.T.);
#6650=ORIENTED_EDGE('',*,*,#4632,.F.);
#6651=ORIENTED_EDGE('',*,*,#4736,.F.);
#6652=ORIENTED_EDGE('',*,*,#4704,.T.);
#6653=ORIENTED_EDGE('',*,*,#4707,.T.);
#6654=ORIENTED_EDGE('',*,*,#4709,.T.);
#6655=ORIENTED_EDGE('',*,*,#4711,.T.);
#6656=ORIENTED_EDGE('',*,*,#4713,.T.);
#6657=ORIENTED_EDGE('',*,*,#4715,.T.);
#6658=ORIENTED_EDGE('',*,*,#4717,.T.);
#6659=ORIENTED_EDGE('',*,*,#4719,.T.);
#6660=ORIENTED_EDGE('',*,*,#4721,.T.);
#6661=ORIENTED_EDGE('',*,*,#4723,.T.);
#6662=ORIENTED_EDGE('',*,*,#4703,.T.);
#6663=ORIENTED_EDGE('',*,*,#4735,.F.);
#6664=CYLINDRICAL_SURFACE('',#7101,5.);
#6665=CYLINDRICAL_SURFACE('',#7106,8.00000000000001);
#6666=CYLINDRICAL_SURFACE('',#7108,8.00000000000001);
#6667=CYLINDRICAL_SURFACE('',#7115,2.5);
#6668=CYLINDRICAL_SURFACE('',#7124,2.5);
#6669=CYLINDRICAL_SURFACE('',#7127,2.5);
#6670=CYLINDRICAL_SURFACE('',#7130,2.5);
#6671=CYLINDRICAL_SURFACE('',#7133,2.5);
#6672=CYLINDRICAL_SURFACE('',#7152,4.00000005960464);
#6673=CYLINDRICAL_SURFACE('',#7157,10.2500004868489);
#6674=CYLINDRICAL_SURFACE('',#7160,13.2499997038394);
#6675=CYLINDRICAL_SURFACE('',#7170,7.25);
#6676=CYLINDRICAL_SURFACE('',#7174,7.25);
#6677=CYLINDRICAL_SURFACE('',#7178,10.0000001490116);
#6678=CYLINDRICAL_SURFACE('',#7187,2.49999772012234);
#6679=CYLINDRICAL_SURFACE('',#7248,10.7500003681053);
#6680=CYLINDRICAL_SURFACE('',#7272,10.7500003681053);
#6681=CYLINDRICAL_SURFACE('',#7275,10.7500003681053);
#6682=CYLINDRICAL_SURFACE('',#7279,10.7500003681053);
#6683=CYLINDRICAL_SURFACE('',#7309,2.49999772012234);
#6684=CYLINDRICAL_SURFACE('',#7312,2.49999772012234);
#6685=CYLINDRICAL_SURFACE('',#7315,2.49999772012234);
#6686=CYLINDRICAL_SURFACE('',#7389,10.7500003681053);
#6687=CYLINDRICAL_SURFACE('',#7415,9.75000036810525);
#6688=CYLINDRICAL_SURFACE('',#7528,7.75000036810525);
#6689=CYLINDRICAL_SURFACE('',#7531,13.2499997038394);
#6690=CYLINDRICAL_SURFACE('',#7546,2.);
#6691=ADVANCED_FACE('',(#454),#6664,.F.);
#6692=ADVANCED_FACE('',(#455),#94,.T.);
#6693=ADVANCED_FACE('',(#456),#6665,.T.);
#6694=ADVANCED_FACE('',(#457),#6666,.T.);
#6695=ADVANCED_FACE('',(#458),#95,.T.);
#6696=ADVANCED_FACE('',(#459),#96,.T.);
#6697=ADVANCED_FACE('',(#460),#97,.T.);
#6698=ADVANCED_FACE('',(#461),#98,.T.);
#6699=ADVANCED_FACE('',(#462),#6667,.T.);
#6700=ADVANCED_FACE('',(#463),#99,.T.);
#6701=ADVANCED_FACE('',(#464,#27),#100,.T.);
#6702=ADVANCED_FACE('',(#465),#6668,.T.);
#6703=ADVANCED_FACE('',(#466),#101,.T.);
#6704=ADVANCED_FACE('',(#467),#6669,.T.);
#6705=ADVANCED_FACE('',(#468),#102,.T.);
#6706=ADVANCED_FACE('',(#469),#6670,.T.);
#6707=ADVANCED_FACE('',(#470),#103,.T.);
#6708=ADVANCED_FACE('',(#471),#6671,.T.);
#6709=ADVANCED_FACE('',(#472,#28),#104,.T.);
#6710=ADVANCED_FACE('',(#473),#105,.T.);
#6711=ADVANCED_FACE('',(#474),#106,.T.);
#6712=ADVANCED_FACE('',(#475),#107,.T.);
#6713=ADVANCED_FACE('',(#476),#108,.T.);
#6714=ADVANCED_FACE('',(#477),#109,.T.);
#6715=ADVANCED_FACE('',(#478),#110,.T.);
#6716=ADVANCED_FACE('',(#479),#111,.T.);
#6717=ADVANCED_FACE('',(#480),#112,.T.);
#6718=ADVANCED_FACE('',(#481),#113,.T.);
#6719=ADVANCED_FACE('',(#482),#114,.T.);
#6720=ADVANCED_FACE('',(#483),#115,.T.);
#6721=ADVANCED_FACE('',(#484),#116,.T.);
#6722=ADVANCED_FACE('',(#485),#117,.T.);
#6723=ADVANCED_FACE('',(#486),#118,.T.);
#6724=ADVANCED_FACE('',(#487),#6672,.F.);
#6725=ADVANCED_FACE('',(#488,#29),#119,.T.);
#6726=ADVANCED_FACE('',(#489,#30,#31),#120,.F.);
#6727=ADVANCED_FACE('',(#490),#6673,.F.);
#6728=ADVANCED_FACE('',(#491),#121,.T.);
#6729=ADVANCED_FACE('',(#492),#6674,.T.);
#6730=ADVANCED_FACE('',(#493),#122,.T.);
#6731=ADVANCED_FACE('',(#494),#123,.T.);
#6732=ADVANCED_FACE('',(#495),#124,.T.);
#6733=ADVANCED_FACE('',(#496),#125,.T.);
#6734=ADVANCED_FACE('',(#497),#126,.T.);
#6735=ADVANCED_FACE('',(#498),#127,.T.);
#6736=ADVANCED_FACE('',(#499),#128,.T.);
#6737=ADVANCED_FACE('',(#500),#129,.F.);
#6738=ADVANCED_FACE('',(#501),#6675,.F.);
#6739=ADVANCED_FACE('',(#502),#130,.F.);
#6740=ADVANCED_FACE('',(#503),#6676,.F.);
#6741=ADVANCED_FACE('',(#504),#131,.T.);
#6742=ADVANCED_FACE('',(#505),#6677,.T.);
#6743=ADVANCED_FACE('',(#506,#32),#132,.T.);
#6744=ADVANCED_FACE('',(#507,#33),#133,.F.);
#6745=ADVANCED_FACE('',(#508),#134,.T.);
#6746=ADVANCED_FACE('',(#509),#135,.F.);
#6747=ADVANCED_FACE('',(#510),#136,.T.);
#6748=ADVANCED_FACE('',(#511),#137,.T.);
#6749=ADVANCED_FACE('',(#512),#6678,.F.);
#6750=ADVANCED_FACE('',(#513),#138,.T.);
#6751=ADVANCED_FACE('',(#514),#139,.T.);
#6752=ADVANCED_FACE('',(#515),#140,.T.);
#6753=ADVANCED_FACE('',(#516),#141,.F.);
#6754=ADVANCED_FACE('',(#517),#142,.F.);
#6755=ADVANCED_FACE('',(#518),#143,.F.);
#6756=ADVANCED_FACE('',(#519),#144,.F.);
#6757=ADVANCED_FACE('',(#520),#145,.F.);
#6758=ADVANCED_FACE('',(#521),#146,.T.);
#6759=ADVANCED_FACE('',(#522),#147,.T.);
#6760=ADVANCED_FACE('',(#523),#148,.F.);
#6761=ADVANCED_FACE('',(#524),#149,.F.);
#6762=ADVANCED_FACE('',(#525),#150,.F.);
#6763=ADVANCED_FACE('',(#526),#151,.T.);
#6764=ADVANCED_FACE('',(#527),#152,.F.);
#6765=ADVANCED_FACE('',(#528),#153,.T.);
#6766=ADVANCED_FACE('',(#529),#154,.F.);
#6767=ADVANCED_FACE('',(#530),#155,.T.);
#6768=ADVANCED_FACE('',(#531),#156,.F.);
#6769=ADVANCED_FACE('',(#532),#157,.T.);
#6770=ADVANCED_FACE('',(#533),#158,.F.);
#6771=ADVANCED_FACE('',(#534),#159,.F.);
#6772=ADVANCED_FACE('',(#535),#160,.F.);
#6773=ADVANCED_FACE('',(#536),#161,.F.);
#6774=ADVANCED_FACE('',(#537),#162,.T.);
#6775=ADVANCED_FACE('',(#538),#163,.T.);
#6776=ADVANCED_FACE('',(#539),#164,.F.);
#6777=ADVANCED_FACE('',(#540),#165,.T.);
#6778=ADVANCED_FACE('',(#541),#166,.F.);
#6779=ADVANCED_FACE('',(#542),#167,.T.);
#6780=ADVANCED_FACE('',(#543),#168,.F.);
#6781=ADVANCED_FACE('',(#544),#169,.T.);
#6782=ADVANCED_FACE('',(#545),#170,.F.);
#6783=ADVANCED_FACE('',(#546),#171,.T.);
#6784=ADVANCED_FACE('',(#547),#172,.F.);
#6785=ADVANCED_FACE('',(#548),#173,.T.);
#6786=ADVANCED_FACE('',(#549),#174,.F.);
#6787=ADVANCED_FACE('',(#550),#175,.T.);
#6788=ADVANCED_FACE('',(#551),#176,.T.);
#6789=ADVANCED_FACE('',(#552),#177,.T.);
#6790=ADVANCED_FACE('',(#553),#178,.T.);
#6791=ADVANCED_FACE('',(#554),#179,.T.);
#6792=ADVANCED_FACE('',(#555),#180,.T.);
#6793=ADVANCED_FACE('',(#556),#181,.T.);
#6794=ADVANCED_FACE('',(#557),#182,.F.);
#6795=ADVANCED_FACE('',(#558),#183,.T.);
#6796=ADVANCED_FACE('',(#559),#184,.F.);
#6797=ADVANCED_FACE('',(#560),#185,.T.);
#6798=ADVANCED_FACE('',(#561),#186,.T.);
#6799=ADVANCED_FACE('',(#562),#187,.F.);
#6800=ADVANCED_FACE('',(#563),#188,.F.);
#6801=ADVANCED_FACE('',(#564),#189,.T.);
#6802=ADVANCED_FACE('',(#565),#190,.F.);
#6803=ADVANCED_FACE('',(#566),#191,.T.);
#6804=ADVANCED_FACE('',(#567),#192,.T.);
#6805=ADVANCED_FACE('',(#568),#193,.T.);
#6806=ADVANCED_FACE('',(#569),#194,.F.);
#6807=ADVANCED_FACE('',(#570),#195,.T.);
#6808=ADVANCED_FACE('',(#571),#6679,.F.);
#6809=ADVANCED_FACE('',(#572),#196,.T.);
#6810=ADVANCED_FACE('',(#573),#197,.F.);
#6811=ADVANCED_FACE('',(#574),#198,.T.);
#6812=ADVANCED_FACE('',(#575),#199,.T.);
#6813=ADVANCED_FACE('',(#576),#200,.T.);
#6814=ADVANCED_FACE('',(#577),#201,.F.);
#6815=ADVANCED_FACE('',(#578),#202,.F.);
#6816=ADVANCED_FACE('',(#579),#203,.F.);
#6817=ADVANCED_FACE('',(#580),#204,.F.);
#6818=ADVANCED_FACE('',(#581),#205,.T.);
#6819=ADVANCED_FACE('',(#582),#206,.T.);
#6820=ADVANCED_FACE('',(#583),#207,.F.);
#6821=ADVANCED_FACE('',(#584),#208,.T.);
#6822=ADVANCED_FACE('',(#585),#209,.F.);
#6823=ADVANCED_FACE('',(#586),#210,.F.);
#6824=ADVANCED_FACE('',(#587),#211,.T.);
#6825=ADVANCED_FACE('',(#588),#212,.T.);
#6826=ADVANCED_FACE('',(#589),#213,.T.);
#6827=ADVANCED_FACE('',(#590),#214,.F.);
#6828=ADVANCED_FACE('',(#591),#215,.F.);
#6829=ADVANCED_FACE('',(#592),#216,.F.);
#6830=ADVANCED_FACE('',(#593),#6680,.F.);
#6831=ADVANCED_FACE('',(#594),#6681,.F.);
#6832=ADVANCED_FACE('',(#595),#217,.F.);
#6833=ADVANCED_FACE('',(#596),#6682,.F.);
#6834=ADVANCED_FACE('',(#597),#218,.F.);
#6835=ADVANCED_FACE('',(#598),#219,.T.);
#6836=ADVANCED_FACE('',(#599),#220,.F.);
#6837=ADVANCED_FACE('',(#600),#221,.T.);
#6838=ADVANCED_FACE('',(#601),#222,.T.);
#6839=ADVANCED_FACE('',(#602),#223,.T.);
#6840=ADVANCED_FACE('',(#603),#224,.F.);
#6841=ADVANCED_FACE('',(#604),#225,.T.);
#6842=ADVANCED_FACE('',(#605),#226,.F.);
#6843=ADVANCED_FACE('',(#606),#227,.T.);
#6844=ADVANCED_FACE('',(#607),#228,.T.);
#6845=ADVANCED_FACE('',(#608),#229,.T.);
#6846=ADVANCED_FACE('',(#609),#230,.F.);
#6847=ADVANCED_FACE('',(#610),#231,.T.);
#6848=ADVANCED_FACE('',(#611),#232,.T.);
#6849=ADVANCED_FACE('',(#612),#233,.T.);
#6850=ADVANCED_FACE('',(#613),#234,.T.);
#6851=ADVANCED_FACE('',(#614),#235,.T.);
#6852=ADVANCED_FACE('',(#615),#236,.T.);
#6853=ADVANCED_FACE('',(#616),#237,.F.);
#6854=ADVANCED_FACE('',(#617),#238,.T.);
#6855=ADVANCED_FACE('',(#618),#239,.T.);
#6856=ADVANCED_FACE('',(#619),#240,.T.);
#6857=ADVANCED_FACE('',(#620),#241,.T.);
#6858=ADVANCED_FACE('',(#621),#242,.T.);
#6859=ADVANCED_FACE('',(#622),#243,.F.);
#6860=ADVANCED_FACE('',(#623),#244,.F.);
#6861=ADVANCED_FACE('',(#624),#6683,.F.);
#6862=ADVANCED_FACE('',(#625),#6684,.F.);
#6863=ADVANCED_FACE('',(#626),#6685,.F.);
#6864=ADVANCED_FACE('',(#627),#245,.T.);
#6865=ADVANCED_FACE('',(#628),#246,.F.);
#6866=ADVANCED_FACE('',(#629),#247,.T.);
#6867=ADVANCED_FACE('',(#630,#34,#35,#36,#37,#38,#39,#40,#41,#42,#43,#44,
#45,#46,#47,#48,#49,#50,#51,#52,#53,#54,#55,#56,#57,#58,#59,#60,#61,#62,
#63,#64,#65,#66,#67,#68,#69,#70,#71,#72,#73,#74,#75,#76,#77,#78,#79,#80,
#81,#82,#83,#84,#85,#86),#248,.F.);
#6868=ADVANCED_FACE('',(#631),#249,.F.);
#6869=ADVANCED_FACE('',(#632),#250,.T.);
#6870=ADVANCED_FACE('',(#633),#251,.T.);
#6871=ADVANCED_FACE('',(#634),#252,.F.);
#6872=ADVANCED_FACE('',(#635),#253,.T.);
#6873=ADVANCED_FACE('',(#636),#254,.T.);
#6874=ADVANCED_FACE('',(#637),#255,.T.);
#6875=ADVANCED_FACE('',(#638),#256,.T.);
#6876=ADVANCED_FACE('',(#639),#257,.F.);
#6877=ADVANCED_FACE('',(#640),#258,.T.);
#6878=ADVANCED_FACE('',(#641),#259,.F.);
#6879=ADVANCED_FACE('',(#642),#260,.T.);
#6880=ADVANCED_FACE('',(#643),#261,.T.);
#6881=ADVANCED_FACE('',(#644),#262,.T.);
#6882=ADVANCED_FACE('',(#645),#263,.T.);
#6883=ADVANCED_FACE('',(#646),#264,.T.);
#6884=ADVANCED_FACE('',(#647),#265,.T.);
#6885=ADVANCED_FACE('',(#648),#266,.T.);
#6886=ADVANCED_FACE('',(#649),#267,.F.);
#6887=ADVANCED_FACE('',(#650),#268,.F.);
#6888=ADVANCED_FACE('',(#651),#269,.T.);
#6889=ADVANCED_FACE('',(#652),#270,.T.);
#6890=ADVANCED_FACE('',(#653),#271,.F.);
#6891=ADVANCED_FACE('',(#654),#272,.F.);
#6892=ADVANCED_FACE('',(#655),#273,.T.);
#6893=ADVANCED_FACE('',(#656),#274,.T.);
#6894=ADVANCED_FACE('',(#657),#275,.T.);
#6895=ADVANCED_FACE('',(#658),#276,.F.);
#6896=ADVANCED_FACE('',(#659),#277,.T.);
#6897=ADVANCED_FACE('',(#660),#278,.T.);
#6898=ADVANCED_FACE('',(#661),#279,.T.);
#6899=ADVANCED_FACE('',(#662),#280,.F.);
#6900=ADVANCED_FACE('',(#663),#281,.T.);
#6901=ADVANCED_FACE('',(#664),#282,.T.);
#6902=ADVANCED_FACE('',(#665),#283,.T.);
#6903=ADVANCED_FACE('',(#666),#284,.F.);
#6904=ADVANCED_FACE('',(#667),#285,.T.);
#6905=ADVANCED_FACE('',(#668),#286,.T.);
#6906=ADVANCED_FACE('',(#669),#287,.F.);
#6907=ADVANCED_FACE('',(#670),#288,.T.);
#6908=ADVANCED_FACE('',(#671),#289,.F.);
#6909=ADVANCED_FACE('',(#672),#290,.T.);
#6910=ADVANCED_FACE('',(#673),#291,.T.);
#6911=ADVANCED_FACE('',(#674),#292,.F.);
#6912=ADVANCED_FACE('',(#675),#293,.T.);
#6913=ADVANCED_FACE('',(#676),#294,.T.);
#6914=ADVANCED_FACE('',(#677),#295,.F.);
#6915=ADVANCED_FACE('',(#678),#296,.T.);
#6916=ADVANCED_FACE('',(#679),#297,.T.);
#6917=ADVANCED_FACE('',(#680),#298,.F.);
#6918=ADVANCED_FACE('',(#681),#299,.T.);
#6919=ADVANCED_FACE('',(#682),#300,.F.);
#6920=ADVANCED_FACE('',(#683),#301,.T.);
#6921=ADVANCED_FACE('',(#684),#302,.F.);
#6922=ADVANCED_FACE('',(#685),#303,.T.);
#6923=ADVANCED_FACE('',(#686),#304,.F.);
#6924=ADVANCED_FACE('',(#687),#305,.T.);
#6925=ADVANCED_FACE('',(#688),#306,.F.);
#6926=ADVANCED_FACE('',(#689),#307,.T.);
#6927=ADVANCED_FACE('',(#690),#308,.F.);
#6928=ADVANCED_FACE('',(#691),#309,.T.);
#6929=ADVANCED_FACE('',(#692),#310,.T.);
#6930=ADVANCED_FACE('',(#693),#311,.T.);
#6931=ADVANCED_FACE('',(#694),#312,.T.);
#6932=ADVANCED_FACE('',(#695),#6686,.F.);
#6933=ADVANCED_FACE('',(#696),#313,.T.);
#6934=ADVANCED_FACE('',(#697),#314,.F.);
#6935=ADVANCED_FACE('',(#698),#315,.T.);
#6936=ADVANCED_FACE('',(#699),#316,.T.);
#6937=ADVANCED_FACE('',(#700),#317,.T.);
#6938=ADVANCED_FACE('',(#701),#318,.T.);
#6939=ADVANCED_FACE('',(#702),#319,.T.);
#6940=ADVANCED_FACE('',(#703),#320,.T.);
#6941=ADVANCED_FACE('',(#704),#321,.T.);
#6942=ADVANCED_FACE('',(#705),#322,.F.);
#6943=ADVANCED_FACE('',(#706),#323,.T.);
#6944=ADVANCED_FACE('',(#707),#324,.T.);
#6945=ADVANCED_FACE('',(#708),#325,.T.);
#6946=ADVANCED_FACE('',(#709),#326,.T.);
#6947=ADVANCED_FACE('',(#710),#327,.T.);
#6948=ADVANCED_FACE('',(#711),#328,.F.);
#6949=ADVANCED_FACE('',(#712),#329,.F.);
#6950=ADVANCED_FACE('',(#713),#330,.T.);
#6951=ADVANCED_FACE('',(#714),#331,.T.);
#6952=ADVANCED_FACE('',(#715),#332,.T.);
#6953=ADVANCED_FACE('',(#716),#333,.F.);
#6954=ADVANCED_FACE('',(#717),#334,.T.);
#6955=ADVANCED_FACE('',(#718),#335,.F.);
#6956=ADVANCED_FACE('',(#719),#336,.F.);
#6957=ADVANCED_FACE('',(#720),#6687,.T.);
#6958=ADVANCED_FACE('',(#721),#337,.T.);
#6959=ADVANCED_FACE('',(#722),#338,.T.);
#6960=ADVANCED_FACE('',(#723),#339,.F.);
#6961=ADVANCED_FACE('',(#724),#340,.T.);
#6962=ADVANCED_FACE('',(#725),#341,.T.);
#6963=ADVANCED_FACE('',(#726),#342,.T.);
#6964=ADVANCED_FACE('',(#727),#343,.F.);
#6965=ADVANCED_FACE('',(#728),#344,.F.);
#6966=ADVANCED_FACE('',(#729),#345,.T.);
#6967=ADVANCED_FACE('',(#730),#346,.T.);
#6968=ADVANCED_FACE('',(#731),#347,.F.);
#6969=ADVANCED_FACE('',(#732),#348,.T.);
#6970=ADVANCED_FACE('',(#733),#349,.F.);
#6971=ADVANCED_FACE('',(#734),#350,.T.);
#6972=ADVANCED_FACE('',(#735),#351,.F.);
#6973=ADVANCED_FACE('',(#736),#352,.T.);
#6974=ADVANCED_FACE('',(#737),#353,.T.);
#6975=ADVANCED_FACE('',(#738),#354,.T.);
#6976=ADVANCED_FACE('',(#739),#355,.F.);
#6977=ADVANCED_FACE('',(#740),#356,.T.);
#6978=ADVANCED_FACE('',(#741),#357,.F.);
#6979=ADVANCED_FACE('',(#742),#358,.F.);
#6980=ADVANCED_FACE('',(#743),#359,.T.);
#6981=ADVANCED_FACE('',(#744),#360,.T.);
#6982=ADVANCED_FACE('',(#745),#361,.T.);
#6983=ADVANCED_FACE('',(#746),#362,.T.);
#6984=ADVANCED_FACE('',(#747),#363,.T.);
#6985=ADVANCED_FACE('',(#748),#364,.T.);
#6986=ADVANCED_FACE('',(#749),#365,.T.);
#6987=ADVANCED_FACE('',(#750),#366,.T.);
#6988=ADVANCED_FACE('',(#751),#367,.T.);
#6989=ADVANCED_FACE('',(#752),#368,.T.);
#6990=ADVANCED_FACE('',(#753),#369,.T.);
#6991=ADVANCED_FACE('',(#754,#87),#370,.T.);
#6992=ADVANCED_FACE('',(#755),#371,.T.);
#6993=ADVANCED_FACE('',(#756),#372,.T.);
#6994=ADVANCED_FACE('',(#757),#373,.T.);
#6995=ADVANCED_FACE('',(#758),#374,.T.);
#6996=ADVANCED_FACE('',(#759),#375,.T.);
#6997=ADVANCED_FACE('',(#760),#376,.T.);
#6998=ADVANCED_FACE('',(#761),#377,.T.);
#6999=ADVANCED_FACE('',(#762),#378,.T.);
#7000=ADVANCED_FACE('',(#763),#379,.T.);
#7001=ADVANCED_FACE('',(#764),#380,.T.);
#7002=ADVANCED_FACE('',(#765),#381,.T.);
#7003=ADVANCED_FACE('',(#766),#382,.T.);
#7004=ADVANCED_FACE('',(#767),#383,.T.);
#7005=ADVANCED_FACE('',(#768),#384,.T.);
#7006=ADVANCED_FACE('',(#769),#385,.T.);
#7007=ADVANCED_FACE('',(#770),#386,.T.);
#7008=ADVANCED_FACE('',(#771),#387,.T.);
#7009=ADVANCED_FACE('',(#772),#388,.T.);
#7010=ADVANCED_FACE('',(#773),#389,.T.);
#7011=ADVANCED_FACE('',(#774),#390,.T.);
#7012=ADVANCED_FACE('',(#775),#391,.T.);
#7013=ADVANCED_FACE('',(#776),#392,.T.);
#7014=ADVANCED_FACE('',(#777),#393,.T.);
#7015=ADVANCED_FACE('',(#778),#394,.T.);
#7016=ADVANCED_FACE('',(#779),#395,.T.);
#7017=ADVANCED_FACE('',(#780),#396,.T.);
#7018=ADVANCED_FACE('',(#781),#397,.T.);
#7019=ADVANCED_FACE('',(#782),#398,.T.);
#7020=ADVANCED_FACE('',(#783),#399,.T.);
#7021=ADVANCED_FACE('',(#784),#400,.T.);
#7022=ADVANCED_FACE('',(#785),#401,.T.);
#7023=ADVANCED_FACE('',(#786),#402,.T.);
#7024=ADVANCED_FACE('',(#787),#403,.T.);
#7025=ADVANCED_FACE('',(#788),#404,.T.);
#7026=ADVANCED_FACE('',(#789),#405,.T.);
#7027=ADVANCED_FACE('',(#790),#406,.T.);
#7028=ADVANCED_FACE('',(#791),#407,.T.);
#7029=ADVANCED_FACE('',(#792),#408,.T.);
#7030=ADVANCED_FACE('',(#793),#409,.T.);
#7031=ADVANCED_FACE('',(#794),#410,.T.);
#7032=ADVANCED_FACE('',(#795),#411,.T.);
#7033=ADVANCED_FACE('',(#796),#412,.T.);
#7034=ADVANCED_FACE('',(#797),#413,.T.);
#7035=ADVANCED_FACE('',(#798),#414,.T.);
#7036=ADVANCED_FACE('',(#799),#415,.T.);
#7037=ADVANCED_FACE('',(#800,#88),#416,.T.);
#7038=ADVANCED_FACE('',(#801),#417,.T.);
#7039=ADVANCED_FACE('',(#802),#418,.T.);
#7040=ADVANCED_FACE('',(#803),#419,.T.);
#7041=ADVANCED_FACE('',(#804),#420,.T.);
#7042=ADVANCED_FACE('',(#805),#421,.T.);
#7043=ADVANCED_FACE('',(#806),#422,.T.);
#7044=ADVANCED_FACE('',(#807),#13,.T.);
#7045=ADVANCED_FACE('',(#808),#14,.T.);
#7046=ADVANCED_FACE('',(#809),#423,.T.);
#7047=ADVANCED_FACE('',(#810),#424,.T.);
#7048=ADVANCED_FACE('',(#811),#425,.T.);
#7049=ADVANCED_FACE('',(#812),#15,.T.);
#7050=ADVANCED_FACE('',(#813),#16,.T.);
#7051=ADVANCED_FACE('',(#814),#426,.T.);
#7052=ADVANCED_FACE('',(#815),#427,.T.);
#7053=ADVANCED_FACE('',(#816),#428,.T.);
#7054=ADVANCED_FACE('',(#817),#17,.T.);
#7055=ADVANCED_FACE('',(#818,#89),#429,.T.);
#7056=ADVANCED_FACE('',(#819),#18,.F.);
#7057=ADVANCED_FACE('',(#820),#6688,.F.);
#7058=ADVANCED_FACE('',(#821),#430,.T.);
#7059=ADVANCED_FACE('',(#822),#6689,.T.);
#7060=ADVANCED_FACE('',(#823,#90),#431,.F.);
#7061=ADVANCED_FACE('',(#824),#432,.T.);
#7062=ADVANCED_FACE('',(#825),#433,.T.);
#7063=ADVANCED_FACE('',(#826),#434,.T.);
#7064=ADVANCED_FACE('',(#827),#435,.T.);
#7065=ADVANCED_FACE('',(#828),#436,.T.);
#7066=ADVANCED_FACE('',(#829),#437,.T.);
#7067=ADVANCED_FACE('',(#830),#438,.T.);
#7068=ADVANCED_FACE('',(#831),#439,.T.);
#7069=ADVANCED_FACE('',(#832),#440,.T.);
#7070=ADVANCED_FACE('',(#833),#441,.T.);
#7071=ADVANCED_FACE('',(#834,#91),#442,.F.);
#7072=ADVANCED_FACE('',(#835),#6690,.F.);
#7073=ADVANCED_FACE('',(#836),#443,.T.);
#7074=ADVANCED_FACE('',(#837),#444,.T.);
#7075=ADVANCED_FACE('',(#838),#445,.T.);
#7076=ADVANCED_FACE('',(#839),#446,.T.);
#7077=ADVANCED_FACE('',(#840),#447,.T.);
#7078=ADVANCED_FACE('',(#841),#448,.T.);
#7079=ADVANCED_FACE('',(#842),#449,.T.);
#7080=ADVANCED_FACE('',(#843),#450,.T.);
#7081=ADVANCED_FACE('',(#844),#451,.T.);
#7082=ADVANCED_FACE('',(#845),#452,.T.);
#7083=ADVANCED_FACE('',(#846,#92,#93),#453,.F.);
#7084=CLOSED_SHELL('',(#6691,#6692,#6693,#6694,#6695,#6696,#6697,#6698,
#6699,#6700,#6701,#6702,#6703,#6704,#6705,#6706,#6707,#6708,#6709,#6710,
#6711,#6712,#6713,#6714,#6715,#6716,#6717,#6718,#6719,#6720,#6721,#6722,
#6723,#6724,#6725,#6726,#6727,#6728,#6729,#6730,#6731));
#7085=CLOSED_SHELL('',(#6732,#6733,#6734,#6735,#6736,#6737));
#7086=CLOSED_SHELL('',(#6738,#6739,#6740,#6741,#6742,#6743,#6744));
#7087=CLOSED_SHELL('',(#6745,#6746,#6747,#6748,#6749,#6750,#6751,#6752,
#6753,#6754,#6755,#6756,#6757,#6758,#6759,#6760,#6761,#6762,#6763,#6764,
#6765,#6766,#6767,#6768,#6769,#6770,#6771,#6772,#6773,#6774,#6775,#6776,
#6777,#6778,#6779,#6780,#6781,#6782,#6783,#6784,#6785,#6786,#6787,#6788,
#6789,#6790,#6791,#6792,#6793,#6794,#6795,#6796,#6797,#6798,#6799,#6800,
#6801,#6802,#6803,#6804,#6805,#6806,#6807,#6808,#6809,#6810,#6811,#6812,
#6813,#6814,#6815,#6816,#6817,#6818,#6819,#6820,#6821,#6822,#6823,#6824,
#6825,#6826,#6827,#6828,#6829,#6830,#6831,#6832,#6833,#6834,#6835,#6836,
#6837,#6838,#6839,#6840,#6841,#6842,#6843,#6844,#6845,#6846,#6847,#6848,
#6849,#6850,#6851,#6852,#6853,#6854,#6855,#6856,#6857,#6858,#6859,#6860,
#6861,#6862,#6863,#6864,#6865,#6866,#6867,#6868,#6869,#6870,#6871,#6872,
#6873,#6874,#6875,#6876,#6877,#6878,#6879,#6880,#6881,#6882,#6883,#6884,
#6885,#6886,#6887,#6888,#6889,#6890,#6891,#6892,#6893,#6894,#6895,#6896,
#6897,#6898,#6899,#6900,#6901,#6902,#6903,#6904,#6905,#6906,#6907,#6908,
#6909,#6910,#6911,#6912,#6913,#6914,#6915,#6916,#6917,#6918,#6919,#6920,
#6921,#6922,#6923,#6924,#6925,#6926,#6927,#6928,#6929,#6930,#6931,#6932,
#6933,#6934,#6935,#6936,#6937,#6938,#6939,#6940,#6941,#6942,#6943,#6944,
#6945,#6946,#6947,#6948,#6949,#6950,#6951,#6952,#6953,#6954,#6955,#6956,
#6957,#6958,#6959,#6960,#6961,#6962,#6963,#6964,#6965,#6966,#6967,#6968,
#6969,#6970,#6971,#6972,#6973,#6974,#6975,#6976,#6977,#6978,#6979,#6980,
#6981,#6982,#6983,#6984,#6985,#6986,#6987,#6988,#6989,#6990,#6991,#6992,
#6993,#6994,#6995,#6996,#6997,#6998,#6999,#7000,#7001,#7002,#7003,#7004,
#7005,#7006,#7007,#7008,#7009,#7010,#7011,#7012,#7013,#7014,#7015,#7016,
#7017,#7018,#7019,#7020,#7021,#7022,#7023,#7024,#7025,#7026,#7027,#7028,
#7029,#7030,#7031,#7032,#7033,#7034,#7035,#7036,#7037,#7038,#7039,#7040,
#7041,#7042,#7043,#7044,#7045,#7046,#7047,#7048,#7049,#7050,#7051,#7052,
#7053,#7054,#7055,#7056,#7057,#7058,#7059,#7060,#7061,#7062,#7063,#7064,
#7065,#7066,#7067,#7068,#7069,#7070,#7071,#7072,#7073,#7074,#7075,#7076,
#7077,#7078,#7079,#7080,#7081,#7082,#7083));
#7088=DERIVED_UNIT_ELEMENT(#7090,1.);
#7089=DERIVED_UNIT_ELEMENT(#11356,-3.);
#7090=(
MASS_UNIT()
NAMED_UNIT(*)
SI_UNIT(.KILO.,.GRAM.)
);
#7091=DERIVED_UNIT((#7088,#7089));
#7092=MEASURE_REPRESENTATION_ITEM('density measure',
POSITIVE_RATIO_MEASURE(7850.),#7091);
#7093=PROPERTY_DEFINITION_REPRESENTATION(#7098,#7095);
#7094=PROPERTY_DEFINITION_REPRESENTATION(#7099,#7096);
#7095=REPRESENTATION('material name',(#7097),#11353);
#7096=REPRESENTATION('density',(#7092),#11353);
#7097=DESCRIPTIVE_REPRESENTATION_ITEM('Steel','Steel');
#7098=PROPERTY_DEFINITION('material property','material name',#11363);
#7099=PROPERTY_DEFINITION('material property','density of part',#11363);
#7100=AXIS2_PLACEMENT_3D('',#9371,#7559,#7560);
#7101=AXIS2_PLACEMENT_3D('',#9372,#7561,#7562);
#7102=AXIS2_PLACEMENT_3D('',#9377,#7564,#7565);
#7103=AXIS2_PLACEMENT_3D('',#9380,#7567,#7568);
#7104=AXIS2_PLACEMENT_3D('',#9381,#7569,#7570);
#7105=AXIS2_PLACEMENT_3D('',#9386,#7573,#7574);
#7106=AXIS2_PLACEMENT_3D('',#9387,#7575,#7576);
#7107=AXIS2_PLACEMENT_3D('',#9392,#7579,#7580);
#7108=AXIS2_PLACEMENT_3D('',#9393,#7581,#7582);
#7109=AXIS2_PLACEMENT_3D('',#9398,#7584,#7585);
#7110=AXIS2_PLACEMENT_3D('',#9401,#7587,#7588);
#7111=AXIS2_PLACEMENT_3D('',#9402,#7589,#7590);
#7112=AXIS2_PLACEMENT_3D('',#9406,#7593,#7594);
#7113=AXIS2_PLACEMENT_3D('',#9414,#7599,#7600);
#7114=AXIS2_PLACEMENT_3D('',#9420,#7604,#7605);
#7115=AXIS2_PLACEMENT_3D('',#9430,#7611,#7612);
#7116=AXIS2_PLACEMENT_3D('',#9433,#7613,#7614);
#7117=AXIS2_PLACEMENT_3D('',#9437,#7616,#7617);
#7118=AXIS2_PLACEMENT_3D('',#9439,#7619,#7620);
#7119=AXIS2_PLACEMENT_3D('',#9445,#7624,#7625);
#7120=AXIS2_PLACEMENT_3D('',#9468,#7637,#7638);
#7121=AXIS2_PLACEMENT_3D('',#9474,#7641,#7642);
#7122=AXIS2_PLACEMENT_3D('',#9479,#7645,#7646);
#7123=AXIS2_PLACEMENT_3D('',#9481,#7647,#7648);
#7124=AXIS2_PLACEMENT_3D('',#9483,#7650,#7651);
#7125=AXIS2_PLACEMENT_3D('',#9487,#7653,#7654);
#7126=AXIS2_PLACEMENT_3D('',#9489,#7656,#7657);
#7127=AXIS2_PLACEMENT_3D('',#9493,#7660,#7661);
#7128=AXIS2_PLACEMENT_3D('',#9495,#7662,#7663);
#7129=AXIS2_PLACEMENT_3D('',#9497,#7665,#7666);
#7130=AXIS2_PLACEMENT_3D('',#9499,#7668,#7669);
#7131=AXIS2_PLACEMENT_3D('',#9503,#7671,#7672);
#7132=AXIS2_PLACEMENT_3D('',#9505,#7674,#7675);
#7133=AXIS2_PLACEMENT_3D('',#9509,#7678,#7679);
#7134=AXIS2_PLACEMENT_3D('',#9512,#7681,#7682);
#7135=AXIS2_PLACEMENT_3D('',#9513,#7683,#7684);
#7136=AXIS2_PLACEMENT_3D('',#9516,#7685,#7686);
#7137=AXIS2_PLACEMENT_3D('',#9523,#7690,#7691);
#7138=AXIS2_PLACEMENT_3D('',#9524,#7692,#7693);
#7139=AXIS2_PLACEMENT_3D('',#9530,#7697,#7698);
#7140=AXIS2_PLACEMENT_3D('',#9532,#7700,#7701);
#7141=AXIS2_PLACEMENT_3D('',#9534,#7703,#7704);
#7142=AXIS2_PLACEMENT_3D('',#9538,#7707,#7708);
#7143=AXIS2_PLACEMENT_3D('',#9540,#7710,#7711);
#7144=AXIS2_PLACEMENT_3D('',#9546,#7715,#7716);
#7145=AXIS2_PLACEMENT_3D('',#9550,#7719,#7720);
#7146=AXIS2_PLACEMENT_3D('',#9554,#7723,#7724);
#7147=AXIS2_PLACEMENT_3D('',#9558,#7727,#7728);
#7148=AXIS2_PLACEMENT_3D('',#9562,#7731,#7732);
#7149=AXIS2_PLACEMENT_3D('',#9566,#7735,#7736);
#7150=AXIS2_PLACEMENT_3D('',#9568,#7738,#7739);
#7151=AXIS2_PLACEMENT_3D('',#9573,#7743,#7744);
#7152=AXIS2_PLACEMENT_3D('',#9575,#7746,#7747);
#7153=AXIS2_PLACEMENT_3D('',#9578,#7749,#7750);
#7154=AXIS2_PLACEMENT_3D('',#9579,#7751,#7752);
#7155=AXIS2_PLACEMENT_3D('',#9584,#7755,#7756);
#7156=AXIS2_PLACEMENT_3D('',#9585,#7757,#7758);
#7157=AXIS2_PLACEMENT_3D('',#9586,#7759,#7760);
#7158=AXIS2_PLACEMENT_3D('',#9590,#7762,#7763);
#7159=AXIS2_PLACEMENT_3D('',#9592,#7765,#7766);
#7160=AXIS2_PLACEMENT_3D('',#9596,#7769,#7770);
#7161=AXIS2_PLACEMENT_3D('',#9598,#7771,#7772);
#7162=AXIS2_PLACEMENT_3D('',#9600,#7774,#7775);
#7163=AXIS2_PLACEMENT_3D('',#9602,#7777,#7778);
#7164=AXIS2_PLACEMENT_3D('',#9603,#7779,#7780);
#7165=AXIS2_PLACEMENT_3D('',#9612,#7785,#7786);
#7166=AXIS2_PLACEMENT_3D('',#9618,#7790,#7791);
#7167=AXIS2_PLACEMENT_3D('',#9624,#7795,#7796);
#7168=AXIS2_PLACEMENT_3D('',#9627,#7799,#7800);
#7169=AXIS2_PLACEMENT_3D('',#9628,#7801,#7802);
#7170=AXIS2_PLACEMENT_3D('',#9629,#7803,#7804);
#7171=AXIS2_PLACEMENT_3D('',#9631,#7805,#7806);
#7172=AXIS2_PLACEMENT_3D('',#9634,#7808,#7809);
#7173=AXIS2_PLACEMENT_3D('',#9635,#7810,#7811);
#7174=AXIS2_PLACEMENT_3D('',#9636,#7812,#7813);
#7175=AXIS2_PLACEMENT_3D('',#9638,#7814,#7815);
#7176=AXIS2_PLACEMENT_3D('',#9641,#7817,#7818);
#7177=AXIS2_PLACEMENT_3D('',#9642,#7819,#7820);
#7178=AXIS2_PLACEMENT_3D('',#9643,#7821,#7822);
#7179=AXIS2_PLACEMENT_3D('',#9645,#7823,#7824);
#7180=AXIS2_PLACEMENT_3D('',#9648,#7826,#7827);
#7181=AXIS2_PLACEMENT_3D('',#9649,#7828,#7829);
#7182=AXIS2_PLACEMENT_3D('',#9650,#7830,#7831);
#7183=AXIS2_PLACEMENT_3D('',#9651,#7832,#7833);
#7184=AXIS2_PLACEMENT_3D('',#9660,#7838,#7839);
#7185=AXIS2_PLACEMENT_3D('',#9669,#7844,#7845);
#7186=AXIS2_PLACEMENT_3D('',#9675,#7849,#7850);
#7187=AXIS2_PLACEMENT_3D('',#9684,#7855,#7856);
#7188=AXIS2_PLACEMENT_3D('',#9686,#7857,#7858);
#7189=AXIS2_PLACEMENT_3D('',#9688,#7859,#7860);
#7190=AXIS2_PLACEMENT_3D('',#9690,#7862,#7863);
#7191=AXIS2_PLACEMENT_3D('',#9699,#7868,#7869);
#7192=AXIS2_PLACEMENT_3D('',#9705,#7873,#7874);
#7193=AXIS2_PLACEMENT_3D('',#9714,#7879,#7880);
#7194=AXIS2_PLACEMENT_3D('',#9720,#7884,#7885);
#7195=AXIS2_PLACEMENT_3D('',#9726,#7889,#7890);
#7196=AXIS2_PLACEMENT_3D('',#9732,#7894,#7895);
#7197=AXIS2_PLACEMENT_3D('',#9738,#7899,#7900);
#7198=AXIS2_PLACEMENT_3D('',#9744,#7904,#7905);
#7199=AXIS2_PLACEMENT_3D('',#9753,#7910,#7911);
#7200=AXIS2_PLACEMENT_3D('',#9759,#7915,#7916);
#7201=AXIS2_PLACEMENT_3D('',#9768,#7921,#7922);
#7202=AXIS2_PLACEMENT_3D('',#9774,#7926,#7927);
#7203=AXIS2_PLACEMENT_3D('',#9783,#7932,#7933);
#7204=AXIS2_PLACEMENT_3D('',#9789,#7937,#7938);
#7205=AXIS2_PLACEMENT_3D('',#9798,#7943,#7944);
#7206=AXIS2_PLACEMENT_3D('',#9804,#7948,#7949);
#7207=AXIS2_PLACEMENT_3D('',#9813,#7954,#7955);
#7208=AXIS2_PLACEMENT_3D('',#9819,#7959,#7960);
#7209=AXIS2_PLACEMENT_3D('',#9828,#7965,#7966);
#7210=AXIS2_PLACEMENT_3D('',#9834,#7970,#7971);
#7211=AXIS2_PLACEMENT_3D('',#9843,#7976,#7977);
#7212=AXIS2_PLACEMENT_3D('',#9849,#7981,#7982);
#7213=AXIS2_PLACEMENT_3D('',#9858,#7987,#7988);
#7214=AXIS2_PLACEMENT_3D('',#9864,#7992,#7993);
#7215=AXIS2_PLACEMENT_3D('',#9873,#7998,#7999);
#7216=AXIS2_PLACEMENT_3D('',#9879,#8003,#8004);
#7217=AXIS2_PLACEMENT_3D('',#9888,#8009,#8010);
#7218=AXIS2_PLACEMENT_3D('',#9894,#8014,#8015);
#7219=AXIS2_PLACEMENT_3D('',#9903,#8020,#8021);
#7220=AXIS2_PLACEMENT_3D('',#9909,#8025,#8026);
#7221=AXIS2_PLACEMENT_3D('',#9918,#8031,#8032);
#7222=AXIS2_PLACEMENT_3D('',#9924,#8036,#8037);
#7223=AXIS2_PLACEMENT_3D('',#9933,#8042,#8043);
#7224=AXIS2_PLACEMENT_3D('',#9939,#8047,#8048);
#7225=AXIS2_PLACEMENT_3D('',#9948,#8053,#8054);
#7226=AXIS2_PLACEMENT_3D('',#9954,#8058,#8059);
#7227=AXIS2_PLACEMENT_3D('',#9963,#8064,#8065);
#7228=AXIS2_PLACEMENT_3D('',#9969,#8069,#8070);
#7229=AXIS2_PLACEMENT_3D('',#9978,#8075,#8076);
#7230=AXIS2_PLACEMENT_3D('',#9987,#8081,#8082);
#7231=AXIS2_PLACEMENT_3D('',#9996,#8087,#8088);
#7232=AXIS2_PLACEMENT_3D('',#10005,#8093,#8094);
#7233=AXIS2_PLACEMENT_3D('',#10011,#8098,#8099);
#7234=AXIS2_PLACEMENT_3D('',#10020,#8104,#8105);
#7235=AXIS2_PLACEMENT_3D('',#10029,#8110,#8111);
#7236=AXIS2_PLACEMENT_3D('',#10035,#8115,#8116);
#7237=AXIS2_PLACEMENT_3D('',#10044,#8121,#8122);
#7238=AXIS2_PLACEMENT_3D('',#10050,#8126,#8127);
#7239=AXIS2_PLACEMENT_3D('',#10059,#8132,#8133);
#7240=AXIS2_PLACEMENT_3D('',#10065,#8137,#8138);
#7241=AXIS2_PLACEMENT_3D('',#10074,#8143,#8144);
#7242=AXIS2_PLACEMENT_3D('',#10080,#8148,#8149);
#7243=AXIS2_PLACEMENT_3D('',#10089,#8154,#8155);
#7244=AXIS2_PLACEMENT_3D('',#10095,#8159,#8160);
#7245=AXIS2_PLACEMENT_3D('',#10104,#8165,#8166);
#7246=AXIS2_PLACEMENT_3D('',#10110,#8170,#8171);
#7247=AXIS2_PLACEMENT_3D('',#10119,#8176,#8177);
#7248=AXIS2_PLACEMENT_3D('',#10125,#8181,#8182);
#7249=AXIS2_PLACEMENT_3D('',#10128,#8183,#8184);
#7250=AXIS2_PLACEMENT_3D('',#10132,#8186,#8187);
#7251=AXIS2_PLACEMENT_3D('',#10134,#8189,#8190);
#7252=AXIS2_PLACEMENT_3D('',#10143,#8195,#8196);
#7253=AXIS2_PLACEMENT_3D('',#10152,#8201,#8202);
#7254=AXIS2_PLACEMENT_3D('',#10161,#8207,#8208);
#7255=AXIS2_PLACEMENT_3D('',#10167,#8212,#8213);
#7256=AXIS2_PLACEMENT_3D('',#10176,#8218,#8219);
#7257=AXIS2_PLACEMENT_3D('',#10185,#8224,#8225);
#7258=AXIS2_PLACEMENT_3D('',#10191,#8229,#8230);
#7259=AXIS2_PLACEMENT_3D('',#10200,#8235,#8236);
#7260=AXIS2_PLACEMENT_3D('',#10206,#8240,#8241);
#7261=AXIS2_PLACEMENT_3D('',#10215,#8246,#8247);
#7262=AXIS2_PLACEMENT_3D('',#10221,#8251,#8252);
#7263=AXIS2_PLACEMENT_3D('',#10230,#8257,#8258);
#7264=AXIS2_PLACEMENT_3D('',#10236,#8262,#8263);
#7265=AXIS2_PLACEMENT_3D('',#10245,#8268,#8269);
#7266=AXIS2_PLACEMENT_3D('',#10251,#8273,#8274);
#7267=AXIS2_PLACEMENT_3D('',#10260,#8279,#8280);
#7268=AXIS2_PLACEMENT_3D('',#10266,#8284,#8285);
#7269=AXIS2_PLACEMENT_3D('',#10275,#8290,#8291);
#7270=AXIS2_PLACEMENT_3D('',#10281,#8295,#8296);
#7271=AXIS2_PLACEMENT_3D('',#10288,#8301,#8302);
#7272=AXIS2_PLACEMENT_3D('',#10297,#8307,#8308);
#7273=AXIS2_PLACEMENT_3D('',#10298,#8309,#8310);
#7274=AXIS2_PLACEMENT_3D('',#10299,#8311,#8312);
#7275=AXIS2_PLACEMENT_3D('',#10301,#8314,#8315);
#7276=AXIS2_PLACEMENT_3D('',#10303,#8316,#8317);
#7277=AXIS2_PLACEMENT_3D('',#10305,#8318,#8319);
#7278=AXIS2_PLACEMENT_3D('',#10307,#8321,#8322);
#7279=AXIS2_PLACEMENT_3D('',#10314,#8327,#8328);
#7280=AXIS2_PLACEMENT_3D('',#10316,#8329,#8330);
#7281=AXIS2_PLACEMENT_3D('',#10318,#8331,#8332);
#7282=AXIS2_PLACEMENT_3D('',#10320,#8334,#8335);
#7283=AXIS2_PLACEMENT_3D('',#10327,#8340,#8341);
#7284=AXIS2_PLACEMENT_3D('',#10333,#8345,#8346);
#7285=AXIS2_PLACEMENT_3D('',#10342,#8351,#8352);
#7286=AXIS2_PLACEMENT_3D('',#10348,#8356,#8357);
#7287=AXIS2_PLACEMENT_3D('',#10357,#8362,#8363);
#7288=AXIS2_PLACEMENT_3D('',#10363,#8367,#8368);
#7289=AXIS2_PLACEMENT_3D('',#10372,#8373,#8374);
#7290=AXIS2_PLACEMENT_3D('',#10378,#8378,#8379);
#7291=AXIS2_PLACEMENT_3D('',#10387,#8384,#8385);
#7292=AXIS2_PLACEMENT_3D('',#10393,#8389,#8390);
#7293=AXIS2_PLACEMENT_3D('',#10402,#8395,#8396);
#7294=AXIS2_PLACEMENT_3D('',#10408,#8400,#8401);
#7295=AXIS2_PLACEMENT_3D('',#10417,#8406,#8407);
#7296=AXIS2_PLACEMENT_3D('',#10423,#8411,#8412);
#7297=AXIS2_PLACEMENT_3D('',#10432,#8417,#8418);
#7298=AXIS2_PLACEMENT_3D('',#10438,#8422,#8423);
#7299=AXIS2_PLACEMENT_3D('',#10447,#8428,#8429);
#7300=AXIS2_PLACEMENT_3D('',#10456,#8434,#8435);
#7301=AXIS2_PLACEMENT_3D('',#10462,#8439,#8440);
#7302=AXIS2_PLACEMENT_3D('',#10471,#8445,#8446);
#7303=AXIS2_PLACEMENT_3D('',#10477,#8450,#8451);
#7304=AXIS2_PLACEMENT_3D('',#10483,#8455,#8456);
#7305=AXIS2_PLACEMENT_3D('',#10489,#8460,#8461);
#7306=AXIS2_PLACEMENT_3D('',#10495,#8465,#8466);
#7307=AXIS2_PLACEMENT_3D('',#10501,#8470,#8471);
#7308=AXIS2_PLACEMENT_3D('',#10510,#8476,#8477);
#7309=AXIS2_PLACEMENT_3D('',#10516,#8481,#8482);
#7310=AXIS2_PLACEMENT_3D('',#10517,#8483,#8484);
#7311=AXIS2_PLACEMENT_3D('',#10518,#8485,#8486);
#7312=AXIS2_PLACEMENT_3D('',#10520,#8488,#8489);
#7313=AXIS2_PLACEMENT_3D('',#10522,#8490,#8491);
#7314=AXIS2_PLACEMENT_3D('',#10524,#8492,#8493);
#7315=AXIS2_PLACEMENT_3D('',#10526,#8495,#8496);
#7316=AXIS2_PLACEMENT_3D('',#10527,#8497,#8498);
#7317=AXIS2_PLACEMENT_3D('',#10529,#8500,#8501);
#7318=AXIS2_PLACEMENT_3D('',#10530,#8502,#8503);
#7319=AXIS2_PLACEMENT_3D('',#10536,#8507,#8508);
#7320=AXIS2_PLACEMENT_3D('',#10542,#8512,#8513);
#7321=AXIS2_PLACEMENT_3D('',#10545,#8516,#8517);
#7322=AXIS2_PLACEMENT_3D('',#10551,#8521,#8522);
#7323=AXIS2_PLACEMENT_3D('',#10562,#8530,#8531);
#7324=AXIS2_PLACEMENT_3D('',#10707,#8627,#8628);
#7325=AXIS2_PLACEMENT_3D('',#10718,#8636,#8637);
#7326=AXIS2_PLACEMENT_3D('',#10722,#8640,#8641);
#7327=AXIS2_PLACEMENT_3D('',#10724,#8643,#8644);
#7328=AXIS2_PLACEMENT_3D('',#10726,#8646,#8647);
#7329=AXIS2_PLACEMENT_3D('',#10730,#8650,#8651);
#7330=AXIS2_PLACEMENT_3D('',#10734,#8654,#8655);
#7331=AXIS2_PLACEMENT_3D('',#10738,#8658,#8659);
#7332=AXIS2_PLACEMENT_3D('',#10740,#8661,#8662);
#7333=AXIS2_PLACEMENT_3D('',#10742,#8664,#8665);
#7334=AXIS2_PLACEMENT_3D('',#10746,#8668,#8669);
#7335=AXIS2_PLACEMENT_3D('',#10750,#8672,#8673);
#7336=AXIS2_PLACEMENT_3D('',#10754,#8676,#8677);
#7337=AXIS2_PLACEMENT_3D('',#10758,#8680,#8681);
#7338=AXIS2_PLACEMENT_3D('',#10760,#8683,#8684);
#7339=AXIS2_PLACEMENT_3D('',#10762,#8686,#8687);
#7340=AXIS2_PLACEMENT_3D('',#10766,#8690,#8691);
#7341=AXIS2_PLACEMENT_3D('',#10768,#8693,#8694);
#7342=AXIS2_PLACEMENT_3D('',#10770,#8696,#8697);
#7343=AXIS2_PLACEMENT_3D('',#10772,#8699,#8700);
#7344=AXIS2_PLACEMENT_3D('',#10776,#8703,#8704);
#7345=AXIS2_PLACEMENT_3D('',#10780,#8707,#8708);
#7346=AXIS2_PLACEMENT_3D('',#10784,#8711,#8712);
#7347=AXIS2_PLACEMENT_3D('',#10788,#8715,#8716);
#7348=AXIS2_PLACEMENT_3D('',#10790,#8718,#8719);
#7349=AXIS2_PLACEMENT_3D('',#10792,#8721,#8722);
#7350=AXIS2_PLACEMENT_3D('',#10794,#8724,#8725);
#7351=AXIS2_PLACEMENT_3D('',#10798,#8728,#8729);
#7352=AXIS2_PLACEMENT_3D('',#10802,#8732,#8733);
#7353=AXIS2_PLACEMENT_3D('',#10804,#8735,#8736);
#7354=AXIS2_PLACEMENT_3D('',#10806,#8738,#8739);
#7355=AXIS2_PLACEMENT_3D('',#10810,#8742,#8743);
#7356=AXIS2_PLACEMENT_3D('',#10814,#8746,#8747);
#7357=AXIS2_PLACEMENT_3D('',#10816,#8749,#8750);
#7358=AXIS2_PLACEMENT_3D('',#10818,#8752,#8753);
#7359=AXIS2_PLACEMENT_3D('',#10822,#8756,#8757);
#7360=AXIS2_PLACEMENT_3D('',#10826,#8760,#8761);
#7361=AXIS2_PLACEMENT_3D('',#10828,#8763,#8764);
#7362=AXIS2_PLACEMENT_3D('',#10830,#8766,#8767);
#7363=AXIS2_PLACEMENT_3D('',#10834,#8770,#8771);
#7364=AXIS2_PLACEMENT_3D('',#10838,#8774,#8775);
#7365=AXIS2_PLACEMENT_3D('',#10842,#8778,#8779);
#7366=AXIS2_PLACEMENT_3D('',#10844,#8781,#8782);
#7367=AXIS2_PLACEMENT_3D('',#10846,#8784,#8785);
#7368=AXIS2_PLACEMENT_3D('',#10850,#8788,#8789);
#7369=AXIS2_PLACEMENT_3D('',#10852,#8791,#8792);
#7370=AXIS2_PLACEMENT_3D('',#10854,#8794,#8795);
#7371=AXIS2_PLACEMENT_3D('',#10858,#8798,#8799);
#7372=AXIS2_PLACEMENT_3D('',#10862,#8802,#8803);
#7373=AXIS2_PLACEMENT_3D('',#10866,#8806,#8807);
#7374=AXIS2_PLACEMENT_3D('',#10868,#8809,#8810);
#7375=AXIS2_PLACEMENT_3D('',#10870,#8812,#8813);
#7376=AXIS2_PLACEMENT_3D('',#10872,#8815,#8816);
#7377=AXIS2_PLACEMENT_3D('',#10874,#8818,#8819);
#7378=AXIS2_PLACEMENT_3D('',#10876,#8821,#8822);
#7379=AXIS2_PLACEMENT_3D('',#10878,#8824,#8825);
#7380=AXIS2_PLACEMENT_3D('',#10880,#8827,#8828);
#7381=AXIS2_PLACEMENT_3D('',#10882,#8830,#8831);
#7382=AXIS2_PLACEMENT_3D('',#10886,#8834,#8835);
#7383=AXIS2_PLACEMENT_3D('',#10890,#8838,#8839);
#7384=AXIS2_PLACEMENT_3D('',#10894,#8842,#8843);
#7385=AXIS2_PLACEMENT_3D('',#10896,#8845,#8846);
#7386=AXIS2_PLACEMENT_3D('',#10898,#8848,#8849);
#7387=AXIS2_PLACEMENT_3D('',#10902,#8852,#8853);
#7388=AXIS2_PLACEMENT_3D('',#10906,#8856,#8857);
#7389=AXIS2_PLACEMENT_3D('',#10908,#8859,#8860);
#7390=AXIS2_PLACEMENT_3D('',#10909,#8861,#8862);
#7391=AXIS2_PLACEMENT_3D('',#10910,#8863,#8864);
#7392=AXIS2_PLACEMENT_3D('',#10914,#8867,#8868);
#7393=AXIS2_PLACEMENT_3D('',#10918,#8871,#8872);
#7394=AXIS2_PLACEMENT_3D('',#10922,#8875,#8876);
#7395=AXIS2_PLACEMENT_3D('',#10924,#8878,#8879);
#7396=AXIS2_PLACEMENT_3D('',#10926,#8881,#8882);
#7397=AXIS2_PLACEMENT_3D('',#10928,#8884,#8885);
#7398=AXIS2_PLACEMENT_3D('',#10932,#8888,#8889);
#7399=AXIS2_PLACEMENT_3D('',#10934,#8891,#8892);
#7400=AXIS2_PLACEMENT_3D('',#10938,#8895,#8896);
#7401=AXIS2_PLACEMENT_3D('',#10942,#8899,#8900);
#7402=AXIS2_PLACEMENT_3D('',#10946,#8903,#8904);
#7403=AXIS2_PLACEMENT_3D('',#10948,#8906,#8907);
#7404=AXIS2_PLACEMENT_3D('',#10950,#8909,#8910);
#7405=AXIS2_PLACEMENT_3D('',#10952,#8912,#8913);
#7406=AXIS2_PLACEMENT_3D('',#10956,#8916,#8917);
#7407=AXIS2_PLACEMENT_3D('',#10960,#8920,#8921);
#7408=AXIS2_PLACEMENT_3D('',#10964,#8924,#8925);
#7409=AXIS2_PLACEMENT_3D('',#10966,#8927,#8928);
#7410=AXIS2_PLACEMENT_3D('',#10968,#8930,#8931);
#7411=AXIS2_PLACEMENT_3D('',#10972,#8934,#8935);
#7412=AXIS2_PLACEMENT_3D('',#10974,#8937,#8938);
#7413=AXIS2_PLACEMENT_3D('',#10976,#8940,#8941);
#7414=AXIS2_PLACEMENT_3D('',#10978,#8943,#8944);
#7415=AXIS2_PLACEMENT_3D('',#10980,#8946,#8947);
#7416=AXIS2_PLACEMENT_3D('',#10983,#8949,#8950);
#7417=AXIS2_PLACEMENT_3D('',#10984,#8951,#8952);
#7418=AXIS2_PLACEMENT_3D('',#10988,#8955,#8956);
#7419=AXIS2_PLACEMENT_3D('',#10992,#8959,#8960);
#7420=AXIS2_PLACEMENT_3D('',#10996,#8963,#8964);
#7421=AXIS2_PLACEMENT_3D('',#10998,#8966,#8967);
#7422=AXIS2_PLACEMENT_3D('',#11002,#8970,#8971);
#7423=AXIS2_PLACEMENT_3D('',#11006,#8974,#8975);
#7424=AXIS2_PLACEMENT_3D('',#11008,#8977,#8978);
#7425=AXIS2_PLACEMENT_3D('',#11012,#8981,#8982);
#7426=AXIS2_PLACEMENT_3D('',#11014,#8984,#8985);
#7427=AXIS2_PLACEMENT_3D('',#11018,#8988,#8989);
#7428=AXIS2_PLACEMENT_3D('',#11020,#8991,#8992);
#7429=AXIS2_PLACEMENT_3D('',#11024,#8995,#8996);
#7430=AXIS2_PLACEMENT_3D('',#11028,#8999,#9000);
#7431=AXIS2_PLACEMENT_3D('',#11030,#9002,#9003);
#7432=AXIS2_PLACEMENT_3D('',#11032,#9005,#9006);
#7433=AXIS2_PLACEMENT_3D('',#11036,#9009,#9010);
#7434=AXIS2_PLACEMENT_3D('',#11040,#9013,#9014);
#7435=AXIS2_PLACEMENT_3D('',#11044,#9017,#9018);
#7436=AXIS2_PLACEMENT_3D('',#11046,#9020,#9021);
#7437=AXIS2_PLACEMENT_3D('',#11048,#9023,#9024);
#7438=AXIS2_PLACEMENT_3D('',#11050,#9026,#9027);
#7439=AXIS2_PLACEMENT_3D('',#11052,#9029,#9030);
#7440=AXIS2_PLACEMENT_3D('',#11056,#9033,#9034);
#7441=AXIS2_PLACEMENT_3D('',#11058,#9036,#9037);
#7442=AXIS2_PLACEMENT_3D('',#11059,#9038,#9039);
#7443=AXIS2_PLACEMENT_3D('',#11060,#9040,#9041);
#7444=AXIS2_PLACEMENT_3D('',#11061,#9042,#9043);
#7445=AXIS2_PLACEMENT_3D('',#11062,#9044,#9045);
#7446=AXIS2_PLACEMENT_3D('',#11063,#9046,#9047);
#7447=AXIS2_PLACEMENT_3D('',#11064,#9048,#9049);
#7448=AXIS2_PLACEMENT_3D('',#11065,#9050,#9051);
#7449=AXIS2_PLACEMENT_3D('',#11066,#9052,#9053);
#7450=AXIS2_PLACEMENT_3D('',#11067,#9054,#9055);
#7451=AXIS2_PLACEMENT_3D('',#11069,#9056,#9057);
#7452=AXIS2_PLACEMENT_3D('',#11070,#9058,#9059);
#7453=AXIS2_PLACEMENT_3D('',#11071,#9060,#9061);
#7454=AXIS2_PLACEMENT_3D('',#11072,#9062,#9063);
#7455=AXIS2_PLACEMENT_3D('',#11073,#9064,#9065);
#7456=AXIS2_PLACEMENT_3D('',#11074,#9066,#9067);
#7457=AXIS2_PLACEMENT_3D('',#11075,#9068,#9069);
#7458=AXIS2_PLACEMENT_3D('',#11076,#9070,#9071);
#7459=AXIS2_PLACEMENT_3D('',#11077,#9072,#9073);
#7460=AXIS2_PLACEMENT_3D('',#11078,#9074,#9075);
#7461=AXIS2_PLACEMENT_3D('',#11079,#9076,#9077);
#7462=AXIS2_PLACEMENT_3D('',#11080,#9078,#9079);
#7463=AXIS2_PLACEMENT_3D('',#11081,#9080,#9081);
#7464=AXIS2_PLACEMENT_3D('',#11082,#9082,#9083);
#7465=AXIS2_PLACEMENT_3D('',#11083,#9084,#9085);
#7466=AXIS2_PLACEMENT_3D('',#11084,#9086,#9087);
#7467=AXIS2_PLACEMENT_3D('',#11085,#9088,#9089);
#7468=AXIS2_PLACEMENT_3D('',#11086,#9090,#9091);
#7469=AXIS2_PLACEMENT_3D('',#11087,#9092,#9093);
#7470=AXIS2_PLACEMENT_3D('',#11088,#9094,#9095);
#7471=AXIS2_PLACEMENT_3D('',#11089,#9096,#9097);
#7472=AXIS2_PLACEMENT_3D('',#11090,#9098,#9099);
#7473=AXIS2_PLACEMENT_3D('',#11091,#9100,#9101);
#7474=AXIS2_PLACEMENT_3D('',#11092,#9102,#9103);
#7475=AXIS2_PLACEMENT_3D('',#11093,#9104,#9105);
#7476=AXIS2_PLACEMENT_3D('',#11094,#9106,#9107);
#7477=AXIS2_PLACEMENT_3D('',#11095,#9108,#9109);
#7478=AXIS2_PLACEMENT_3D('',#11096,#9110,#9111);
#7479=AXIS2_PLACEMENT_3D('',#11097,#9112,#9113);
#7480=AXIS2_PLACEMENT_3D('',#11098,#9114,#9115);
#7481=AXIS2_PLACEMENT_3D('',#11099,#9116,#9117);
#7482=AXIS2_PLACEMENT_3D('',#11100,#9118,#9119);
#7483=AXIS2_PLACEMENT_3D('',#11101,#9120,#9121);
#7484=AXIS2_PLACEMENT_3D('',#11102,#9122,#9123);
#7485=AXIS2_PLACEMENT_3D('',#11103,#9124,#9125);
#7486=AXIS2_PLACEMENT_3D('',#11104,#9126,#9127);
#7487=AXIS2_PLACEMENT_3D('',#11105,#9128,#9129);
#7488=AXIS2_PLACEMENT_3D('',#11106,#9130,#9131);
#7489=AXIS2_PLACEMENT_3D('',#11107,#9132,#9133);
#7490=AXIS2_PLACEMENT_3D('',#11108,#9134,#9135);
#7491=AXIS2_PLACEMENT_3D('',#11109,#9136,#9137);
#7492=AXIS2_PLACEMENT_3D('',#11110,#9138,#9139);
#7493=AXIS2_PLACEMENT_3D('',#11111,#9140,#9141);
#7494=AXIS2_PLACEMENT_3D('',#11112,#9142,#9143);
#7495=AXIS2_PLACEMENT_3D('',#11113,#9144,#9145);
#7496=AXIS2_PLACEMENT_3D('',#11114,#9146,#9147);
#7497=AXIS2_PLACEMENT_3D('',#11115,#9148,#9149);
#7498=AXIS2_PLACEMENT_3D('',#11136,#9160,#9161);
#7499=AXIS2_PLACEMENT_3D('',#11137,#9162,#9163);
#7500=AXIS2_PLACEMENT_3D('',#11138,#9164,#9165);
#7501=AXIS2_PLACEMENT_3D('',#11147,#9170,#9171);
#7502=AXIS2_PLACEMENT_3D('',#11156,#9176,#9177);
#7503=AXIS2_PLACEMENT_3D('',#11165,#9182,#9183);
#7504=AXIS2_PLACEMENT_3D('',#11171,#9187,#9188);
#7505=AXIS2_PLACEMENT_3D('',#11173,#9189,#9190);
#7506=AXIS2_PLACEMENT_3D('',#11176,#9192,#9193);
#7507=AXIS2_PLACEMENT_3D('',#11177,#9194,#9195);
#7508=AXIS2_PLACEMENT_3D('',#11181,#9197,#9198);
#7509=AXIS2_PLACEMENT_3D('',#11182,#9199,#9200);
#7510=AXIS2_PLACEMENT_3D('',#11183,#9201,#9202);
#7511=AXIS2_PLACEMENT_3D('',#11186,#9205,#9206);
#7512=AXIS2_PLACEMENT_3D('',#11192,#9210,#9211);
#7513=AXIS2_PLACEMENT_3D('',#11198,#9215,#9216);
#7514=AXIS2_PLACEMENT_3D('',#11200,#9217,#9218);
#7515=AXIS2_PLACEMENT_3D('',#11203,#9220,#9221);
#7516=AXIS2_PLACEMENT_3D('',#11204,#9222,#9223);
#7517=AXIS2_PLACEMENT_3D('',#11208,#9225,#9226);
#7518=AXIS2_PLACEMENT_3D('',#11209,#9227,#9228);
#7519=AXIS2_PLACEMENT_3D('',#11210,#9229,#9230);
#7520=AXIS2_PLACEMENT_3D('',#11213,#9233,#9234);
#7521=AXIS2_PLACEMENT_3D('',#11219,#9238,#9239);
#7522=AXIS2_PLACEMENT_3D('',#11225,#9243,#9244);
#7523=AXIS2_PLACEMENT_3D('',#11226,#9245,#9246);
#7524=AXIS2_PLACEMENT_3D('',#11227,#9247,#9248);
#7525=AXIS2_PLACEMENT_3D('',#11228,#9249,#9250);
#7526=AXIS2_PLACEMENT_3D('',#11249,#9261,#9262);
#7527=AXIS2_PLACEMENT_3D('',#11252,#9264,#9265);
#7528=AXIS2_PLACEMENT_3D('',#11253,#9266,#9267);
#7529=AXIS2_PLACEMENT_3D('',#11256,#9269,#9270);
#7530=AXIS2_PLACEMENT_3D('',#11257,#9271,#9272);
#7531=AXIS2_PLACEMENT_3D('',#11258,#9273,#9274);
#7532=AXIS2_PLACEMENT_3D('',#11260,#9275,#9276);
#7533=AXIS2_PLACEMENT_3D('',#11263,#9278,#9279);
#7534=AXIS2_PLACEMENT_3D('',#11264,#9280,#9281);
#7535=AXIS2_PLACEMENT_3D('',#11265,#9282,#9283);
#7536=AXIS2_PLACEMENT_3D('',#11271,#9287,#9288);
#7537=AXIS2_PLACEMENT_3D('',#11275,#9291,#9292);
#7538=AXIS2_PLACEMENT_3D('',#11279,#9295,#9296);
#7539=AXIS2_PLACEMENT_3D('',#11283,#9299,#9300);
#7540=AXIS2_PLACEMENT_3D('',#11287,#9303,#9304);
#7541=AXIS2_PLACEMENT_3D('',#11291,#9307,#9308);
#7542=AXIS2_PLACEMENT_3D('',#11295,#9311,#9312);
#7543=AXIS2_PLACEMENT_3D('',#11299,#9315,#9316);
#7544=AXIS2_PLACEMENT_3D('',#11303,#9319,#9320);
#7545=AXIS2_PLACEMENT_3D('',#11305,#9322,#9323);
#7546=AXIS2_PLACEMENT_3D('',#11326,#9334,#9335);
#7547=AXIS2_PLACEMENT_3D('',#11329,#9337,#9338);
#7548=AXIS2_PLACEMENT_3D('',#11330,#9339,#9340);
#7549=AXIS2_PLACEMENT_3D('',#11333,#9343,#9344);
#7550=AXIS2_PLACEMENT_3D('',#11335,#9346,#9347);
#7551=AXIS2_PLACEMENT_3D('',#11337,#9349,#9350);
#7552=AXIS2_PLACEMENT_3D('',#11339,#9352,#9353);
#7553=AXIS2_PLACEMENT_3D('',#11341,#9355,#9356);
#7554=AXIS2_PLACEMENT_3D('',#11343,#9358,#9359);
#7555=AXIS2_PLACEMENT_3D('',#11345,#9361,#9362);
#7556=AXIS2_PLACEMENT_3D('',#11347,#9364,#9365);
#7557=AXIS2_PLACEMENT_3D('',#11349,#9367,#9368);
#7558=AXIS2_PLACEMENT_3D('',#11350,#9369,#9370);
#7559=DIRECTION('axis',(0.,0.,1.));
#7560=DIRECTION('refdir',(1.,0.,0.));
#7561=DIRECTION('center_axis',(0.,0.,1.));
#7562=DIRECTION('ref_axis',(-1.3391174393419E-6,0.999999999999103,0.));
#7563=DIRECTION('',(0.,0.,1.));
#7564=DIRECTION('center_axis',(0.,0.,-1.));
#7565=DIRECTION('ref_axis',(1.,0.,0.));
#7566=DIRECTION('',(0.,0.,-1.));
#7567=DIRECTION('center_axis',(0.,0.,-1.));
#7568=DIRECTION('ref_axis',(1.,0.,0.));
#7569=DIRECTION('center_axis',(0.,0.,1.));
#7570=DIRECTION('ref_axis',(1.,0.,0.));
#7571=DIRECTION('',(-0.415777400822642,-0.909466411125319,0.));
#7572=DIRECTION('',(-0.415777400822642,0.909466411125319,0.));
#7573=DIRECTION('center_axis',(0.,0.,1.));
#7574=DIRECTION('ref_axis',(1.,0.,0.));
#7575=DIRECTION('center_axis',(0.,0.,1.));
#7576=DIRECTION('ref_axis',(-8.36948396993188E-7,0.99999999999965,0.));
#7577=DIRECTION('',(0.,0.,-1.));
#7578=DIRECTION('',(0.,0.,1.));
#7579=DIRECTION('center_axis',(0.,0.,1.));
#7580=DIRECTION('ref_axis',(1.,0.,0.));
#7581=DIRECTION('center_axis',(0.,0.,1.));
#7582=DIRECTION('ref_axis',(1.,0.,0.));
#7583=DIRECTION('',(0.,0.,1.));
#7584=DIRECTION('center_axis',(0.,0.,-1.));
#7585=DIRECTION('ref_axis',(1.,0.,0.));
#7586=DIRECTION('',(0.,0.,-1.));
#7587=DIRECTION('center_axis',(0.,0.,1.));
#7588=DIRECTION('ref_axis',(1.,0.,0.));
#7589=DIRECTION('center_axis',(0.,0.,1.));
#7590=DIRECTION('ref_axis',(1.,0.,0.));
#7591=DIRECTION('',(0.415777400822642,0.909466411125319,0.));
#7592=DIRECTION('',(0.415777400822642,-0.909466411125319,0.));
#7593=DIRECTION('center_axis',(0.909466411125319,-0.415777400822642,0.));
#7594=DIRECTION('ref_axis',(0.415777400822642,0.909466411125319,0.));
#7595=DIRECTION('',(0.,0.,1.));
#7596=DIRECTION('',(0.415777400822642,0.909466411125319,0.));
#7597=DIRECTION('',(0.,0.,1.));
#7598=DIRECTION('',(-0.415777400822642,-0.909466411125319,0.));
#7599=DIRECTION('center_axis',(-0.909466411125319,-0.415777400822642,0.));
#7600=DIRECTION('ref_axis',(0.415777400822642,-0.909466411125319,0.));
#7601=DIRECTION('',(-0.415777400822642,0.909466411125319,0.));
#7602=DIRECTION('',(0.,0.,-1.));
#7603=DIRECTION('',(0.415777400822642,-0.909466411125319,0.));
#7604=DIRECTION('center_axis',(-0.909466411125319,0.415777400822642,0.));
#7605=DIRECTION('ref_axis',(-0.415777400822642,-0.909466411125319,0.));
#7606=DIRECTION('',(-0.415777400822642,-0.909466411125319,0.));
#7607=DIRECTION('',(0.,0.,1.));
#7608=DIRECTION('',(-0.415777400822642,-0.909466411125319,0.));
#7609=DIRECTION('',(0.,0.,1.));
#7610=DIRECTION('',(-0.415777400822642,-0.909466411125319,0.));
#7611=DIRECTION('center_axis',(0.,0.,1.));
#7612=DIRECTION('ref_axis',(-0.951056516295154,0.309016994374945,0.));
#7613=DIRECTION('center_axis',(0.,0.,-1.));
#7614=DIRECTION('ref_axis',(-0.951056516295154,0.309016994374945,0.));
#7615=DIRECTION('',(0.,0.,-1.));
#7616=DIRECTION('center_axis',(0.,0.,-1.));
#7617=DIRECTION('ref_axis',(-0.951056516295154,0.309016994374945,0.));
#7618=DIRECTION('',(0.,0.,1.));
#7619=DIRECTION('center_axis',(-0.676468383231552,0.736471673921061,0.));
#7620=DIRECTION('ref_axis',(-0.736471673921061,-0.676468383231552,0.));
#7621=DIRECTION('',(-0.736471673921061,-0.676468383231552,0.));
#7622=DIRECTION('',(0.,0.,1.));
#7623=DIRECTION('',(0.736471673921061,0.676468383231552,0.));
#7624=DIRECTION('center_axis',(0.,0.,1.));
#7625=DIRECTION('ref_axis',(1.,0.,0.));
#7626=DIRECTION('',(-0.993436239383543,0.11438722952972,0.));
#7627=DIRECTION('',(-0.415777400822642,0.909466411125319,0.));
#7628=DIRECTION('',(-0.993436239383543,-0.114387229529719,0.));
#7629=DIRECTION('',(0.736471673921061,-0.676468383231552,0.));
#7630=DIRECTION('',(-0.29175942813995,-0.956491733415114,0.));
#7631=DIRECTION('',(0.91292753852072,0.40812168456295,0.));
#7632=DIRECTION('',(0.870941927057388,-0.49138595797353,0.));
#7633=DIRECTION('',(-0.198199960772264,0.980161606853621,0.));
#7634=DIRECTION('',(0.736471673921061,0.676468383231552,0.));
#7635=DIRECTION('',(0.198199960772264,-0.980161606853621,0.));
#7636=DIRECTION('',(-0.870941927057387,0.49138595797353,0.));
#7637=DIRECTION('center_axis',(0.,0.,-1.));
#7638=DIRECTION('ref_axis',(0.0466254511949803,0.998912442259513,0.));
#7639=DIRECTION('',(-0.91292753852072,-0.40812168456295,0.));
#7640=DIRECTION('',(0.29175942813995,0.956491733415114,0.));
#7641=DIRECTION('center_axis',(0.,0.,-1.));
#7642=DIRECTION('ref_axis',(0.964859826840704,0.262765131912372,0.));
#7643=DIRECTION('',(-0.736471673921061,0.676468383231552,0.));
#7644=DIRECTION('',(0.993436239383543,0.114387229529719,0.));
#7645=DIRECTION('center_axis',(0.,0.,-1.));
#7646=DIRECTION('ref_axis',(0.587785252292472,-0.809016994374948,0.));
#7647=DIRECTION('center_axis',(0.,0.,-1.));
#7648=DIRECTION('ref_axis',(-0.587785252292474,-0.809016994374947,0.));
#7649=DIRECTION('',(0.993436239383543,-0.114387229529719,0.));
#7650=DIRECTION('center_axis',(0.,0.,1.));
#7651=DIRECTION('ref_axis',(0.0466254511949803,0.998912442259513,0.));
#7652=DIRECTION('',(0.,0.,-1.));
#7653=DIRECTION('center_axis',(0.,0.,-1.));
#7654=DIRECTION('ref_axis',(0.0466254511949803,0.998912442259513,0.));
#7655=DIRECTION('',(0.,0.,1.));
#7656=DIRECTION('center_axis',(-0.40812168456295,0.91292753852072,0.));
#7657=DIRECTION('ref_axis',(-0.91292753852072,-0.40812168456295,0.));
#7658=DIRECTION('',(0.91292753852072,0.40812168456295,0.));
#7659=DIRECTION('',(0.,0.,1.));
#7660=DIRECTION('center_axis',(0.,0.,1.));
#7661=DIRECTION('ref_axis',(-0.587785252292474,-0.809016994374947,0.));
#7662=DIRECTION('center_axis',(0.,0.,-1.));
#7663=DIRECTION('ref_axis',(-0.587785252292474,-0.809016994374947,0.));
#7664=DIRECTION('',(0.,0.,1.));
#7665=DIRECTION('center_axis',(-0.11438722952972,-0.993436239383543,0.));
#7666=DIRECTION('ref_axis',(0.993436239383543,-0.114387229529719,0.));
#7667=DIRECTION('',(-0.993436239383543,0.114387229529719,0.));
#7668=DIRECTION('center_axis',(0.,0.,1.));
#7669=DIRECTION('ref_axis',(0.964859826840704,0.262765131912372,0.));
#7670=DIRECTION('',(0.,0.,-1.));
#7671=DIRECTION('center_axis',(0.,0.,-1.));
#7672=DIRECTION('ref_axis',(0.964859826840704,0.262765131912372,0.));
#7673=DIRECTION('',(0.,0.,1.));
#7674=DIRECTION('center_axis',(0.676468383231552,0.736471673921061,0.));
#7675=DIRECTION('ref_axis',(-0.736471673921061,0.676468383231552,0.));
#7676=DIRECTION('',(0.736471673921061,-0.676468383231552,0.));
#7677=DIRECTION('',(0.,0.,1.));
#7678=DIRECTION('center_axis',(0.,0.,1.));
#7679=DIRECTION('ref_axis',(0.587785252292472,-0.809016994374948,0.));
#7680=DIRECTION('',(0.,0.,-1.));
#7681=DIRECTION('center_axis',(0.,0.,-1.));
#7682=DIRECTION('ref_axis',(0.587785252292472,-0.809016994374948,0.));
#7683=DIRECTION('center_axis',(0.,0.,1.));
#7684=DIRECTION('ref_axis',(1.,0.,0.));
#7685=DIRECTION('center_axis',(0.,0.,1.));
#7686=DIRECTION('ref_axis',(1.,0.,0.));
#7687=DIRECTION('',(0.,1.,0.));
#7688=DIRECTION('',(1.,0.,0.));
#7689=DIRECTION('',(0.,-1.,0.));
#7690=DIRECTION('center_axis',(0.,0.,-1.));
#7691=DIRECTION('ref_axis',(1.,0.,0.));
#7692=DIRECTION('center_axis',(0.,-1.,0.));
#7693=DIRECTION('ref_axis',(1.,0.,0.));
#7694=DIRECTION('',(-1.,0.,0.));
#7695=DIRECTION('',(0.,0.,1.));
#7696=DIRECTION('',(0.,0.,1.));
#7697=DIRECTION('center_axis',(0.956491733415114,-0.29175942813995,0.));
#7698=DIRECTION('ref_axis',(0.29175942813995,0.956491733415114,0.));
#7699=DIRECTION('',(-0.29175942813995,-0.956491733415114,0.));
#7700=DIRECTION('center_axis',(0.114387229529719,-0.993436239383543,0.));
#7701=DIRECTION('ref_axis',(0.993436239383543,0.114387229529719,0.));
#7702=DIRECTION('',(-0.993436239383543,-0.114387229529719,0.));
#7703=DIRECTION('center_axis',(0.491385957973531,0.870941927057388,0.));
#7704=DIRECTION('ref_axis',(-0.870941927057387,0.49138595797353,0.));
#7705=DIRECTION('',(0.,0.,1.));
#7706=DIRECTION('',(0.870941927057387,-0.49138595797353,0.));
#7707=DIRECTION('center_axis',(-0.980161606853621,-0.198199960772264,0.));
#7708=DIRECTION('ref_axis',(0.198199960772264,-0.980161606853621,0.));
#7709=DIRECTION('',(-0.198199960772264,0.980161606853621,0.));
#7710=DIRECTION('center_axis',(0.676468383231552,-0.736471673921061,0.));
#7711=DIRECTION('ref_axis',(0.736471673921061,0.676468383231552,0.));
#7712=DIRECTION('',(-0.736471673921061,-0.676468383231552,0.));
#7713=DIRECTION('',(0.,0.,1.));
#7714=DIRECTION('',(0.,0.,1.));
#7715=DIRECTION('center_axis',(0.980161606853621,0.198199960772264,0.));
#7716=DIRECTION('ref_axis',(-0.198199960772264,0.980161606853621,0.));
#7717=DIRECTION('',(-0.198199960772264,0.980161606853621,0.));
#7718=DIRECTION('',(0.,0.,1.));
#7719=DIRECTION('center_axis',(-0.49138595797353,-0.870941927057388,0.));
#7720=DIRECTION('ref_axis',(0.870941927057388,-0.49138595797353,0.));
#7721=DIRECTION('',(-0.870941927057388,0.49138595797353,0.));
#7722=DIRECTION('',(0.,0.,1.));
#7723=DIRECTION('center_axis',(0.40812168456295,-0.91292753852072,0.));
#7724=DIRECTION('ref_axis',(0.91292753852072,0.40812168456295,0.));
#7725=DIRECTION('',(0.91292753852072,0.40812168456295,0.));
#7726=DIRECTION('',(0.,0.,1.));
#7727=DIRECTION('center_axis',(-0.956491733415114,0.29175942813995,0.));
#7728=DIRECTION('ref_axis',(-0.29175942813995,-0.956491733415114,0.));
#7729=DIRECTION('',(-0.29175942813995,-0.956491733415114,0.));
#7730=DIRECTION('',(0.,0.,1.));
#7731=DIRECTION('center_axis',(-0.676468383231552,-0.736471673921061,0.));
#7732=DIRECTION('ref_axis',(0.736471673921061,-0.676468383231552,0.));
#7733=DIRECTION('',(0.736471673921061,-0.676468383231552,0.));
#7734=DIRECTION('',(0.,0.,1.));
#7735=DIRECTION('center_axis',(-0.114387229529719,0.993436239383543,0.));
#7736=DIRECTION('ref_axis',(-0.993436239383543,-0.114387229529719,0.));
#7737=DIRECTION('',(-0.993436239383543,-0.114387229529719,0.));
#7738=DIRECTION('center_axis',(0.909466411125319,0.415777400822642,0.));
#7739=DIRECTION('ref_axis',(-0.415777400822642,0.909466411125319,0.));
#7740=DIRECTION('',(-0.415777400822642,0.909466411125319,0.));
#7741=DIRECTION('',(0.,0.,1.));
#7742=DIRECTION('',(-0.415777400822642,0.909466411125319,0.));
#7743=DIRECTION('center_axis',(0.11438722952972,0.993436239383543,0.));
#7744=DIRECTION('ref_axis',(-0.993436239383543,0.11438722952972,0.));
#7745=DIRECTION('',(0.993436239383543,-0.11438722952972,0.));
#7746=DIRECTION('center_axis',(0.,0.,1.));
#7747=DIRECTION('ref_axis',(1.,0.,0.));
#7748=DIRECTION('',(0.,0.,-1.));
#7749=DIRECTION('center_axis',(0.,0.,-1.));
#7750=DIRECTION('ref_axis',(1.,0.,0.));
#7751=DIRECTION('center_axis',(0.,0.,1.));
#7752=DIRECTION('ref_axis',(1.,0.,0.));
#7753=DIRECTION('',(0.,1.,0.));
#7754=DIRECTION('',(0.,-1.,0.));
#7755=DIRECTION('center_axis',(0.,0.,-1.));
#7756=DIRECTION('ref_axis',(1.,0.,0.));
#7757=DIRECTION('center_axis',(0.,0.,1.));
#7758=DIRECTION('ref_axis',(1.,0.,0.));
#7759=DIRECTION('center_axis',(0.,0.,1.));
#7760=DIRECTION('ref_axis',(5.0532154980743E-16,1.,0.));
#7761=DIRECTION('',(0.,0.,1.));
#7762=DIRECTION('center_axis',(0.,0.,-1.));
#7763=DIRECTION('ref_axis',(1.,0.,0.));
#7764=DIRECTION('',(0.,0.,1.));
#7765=DIRECTION('center_axis',(1.,0.,0.));
#7766=DIRECTION('ref_axis',(0.,1.,0.));
#7767=DIRECTION('',(0.,1.,0.));
#7768=DIRECTION('',(0.,0.,1.));
#7769=DIRECTION('center_axis',(0.,0.,1.));
#7770=DIRECTION('ref_axis',(-1.83697019872103E-16,1.,0.));
#7771=DIRECTION('center_axis',(0.,0.,1.));
#7772=DIRECTION('ref_axis',(1.,0.,0.));
#7773=DIRECTION('',(0.,0.,1.));
#7774=DIRECTION('center_axis',(-1.,0.,0.));
#7775=DIRECTION('ref_axis',(0.,-1.,0.));
#7776=DIRECTION('',(0.,-1.,0.));
#7777=DIRECTION('center_axis',(0.,0.,1.));
#7778=DIRECTION('ref_axis',(1.,0.,0.));
#7779=DIRECTION('center_axis',(-9.34924638384472E-16,1.,0.));
#7780=DIRECTION('ref_axis',(-1.,-9.34924638384472E-16,0.));
#7781=DIRECTION('',(-1.,-9.34924638384472E-16,0.));
#7782=DIRECTION('',(0.,0.,1.));
#7783=DIRECTION('',(-1.,-9.34924638384472E-16,0.));
#7784=DIRECTION('',(0.,0.,1.));
#7785=DIRECTION('center_axis',(1.,1.20538498020284E-15,0.));
#7786=DIRECTION('ref_axis',(-1.20538498020284E-15,1.,0.));
#7787=DIRECTION('',(-1.20538498020284E-15,1.,0.));
#7788=DIRECTION('',(-1.20538498020284E-15,1.,0.));
#7789=DIRECTION('',(0.,0.,1.));
#7790=DIRECTION('center_axis',(9.34924638384472E-16,-1.,0.));
#7791=DIRECTION('ref_axis',(1.,9.34924638384472E-16,0.));
#7792=DIRECTION('',(1.,9.34924638384472E-16,0.));
#7793=DIRECTION('',(1.,9.34924638384472E-16,0.));
#7794=DIRECTION('',(0.,0.,1.));
#7795=DIRECTION('center_axis',(-1.,-8.2473709171773E-16,0.));
#7796=DIRECTION('ref_axis',(8.2473709171773E-16,-1.,0.));
#7797=DIRECTION('',(8.2473709171773E-16,-1.,0.));
#7798=DIRECTION('',(8.2473709171773E-16,-1.,0.));
#7799=DIRECTION('center_axis',(0.,0.,1.));
#7800=DIRECTION('ref_axis',(1.,0.,0.));
#7801=DIRECTION('center_axis',(0.,0.,1.));
#7802=DIRECTION('ref_axis',(1.,0.,0.));
#7803=DIRECTION('center_axis',(0.,0.,1.));
#7804=DIRECTION('ref_axis',(-1.,0.,0.));
#7805=DIRECTION('center_axis',(0.,0.,1.));
#7806=DIRECTION('ref_axis',(-1.,0.,0.));
#7807=DIRECTION('',(0.,0.,1.));
#7808=DIRECTION('center_axis',(0.,0.,1.));
#7809=DIRECTION('ref_axis',(-1.,0.,0.));
#7810=DIRECTION('center_axis',(0.,0.,1.));
#7811=DIRECTION('ref_axis',(-1.,0.,0.));
#7812=DIRECTION('center_axis',(0.,0.,-1.));
#7813=DIRECTION('ref_axis',(-1.,0.,0.));
#7814=DIRECTION('center_axis',(0.,0.,-1.));
#7815=DIRECTION('ref_axis',(-1.,0.,0.));
#7816=DIRECTION('',(0.,0.,-1.));
#7817=DIRECTION('center_axis',(0.,0.,-1.));
#7818=DIRECTION('ref_axis',(-1.,0.,0.));
#7819=DIRECTION('center_axis',(0.,0.,1.));
#7820=DIRECTION('ref_axis',(-1.,0.,0.));
#7821=DIRECTION('center_axis',(0.,0.,1.));
#7822=DIRECTION('ref_axis',(1.,0.,0.));
#7823=DIRECTION('center_axis',(0.,0.,1.));
#7824=DIRECTION('ref_axis',(1.,0.,0.));
#7825=DIRECTION('',(0.,0.,-1.));
#7826=DIRECTION('center_axis',(0.,0.,1.));
#7827=DIRECTION('ref_axis',(1.,0.,0.));
#7828=DIRECTION('center_axis',(0.,0.,1.));
#7829=DIRECTION('ref_axis',(1.,0.,0.));
#7830=DIRECTION('center_axis',(0.,0.,1.));
#7831=DIRECTION('ref_axis',(1.,0.,0.));
#7832=DIRECTION('center_axis',(1.,0.,0.));
#7833=DIRECTION('ref_axis',(0.,-1.,0.));
#7834=DIRECTION('',(0.,1.,0.));
#7835=DIRECTION('',(0.,0.,1.));
#7836=DIRECTION('',(0.,-1.,0.));
#7837=DIRECTION('',(0.,0.,-1.));
#7838=DIRECTION('center_axis',(1.,0.,0.));
#7839=DIRECTION('ref_axis',(0.,-1.,0.));
#7840=DIRECTION('',(0.,-1.,0.));
#7841=DIRECTION('',(0.,0.,-1.));
#7842=DIRECTION('',(0.,-1.,0.));
#7843=DIRECTION('',(0.,0.,-1.));
#7844=DIRECTION('center_axis',(0.934391917609774,-0.356246746378868,0.));
#7845=DIRECTION('ref_axis',(-0.356246746378868,-0.934391917609774,0.));
#7846=DIRECTION('',(0.356246746378868,0.934391917609774,0.));
#7847=DIRECTION('',(-0.356246746378868,-0.934391917609774,0.));
#7848=DIRECTION('',(0.,0.,-1.));
#7849=DIRECTION('center_axis',(-0.934391917609773,-0.356246746378869,0.));
#7850=DIRECTION('ref_axis',(-0.356246746378869,0.934391917609773,0.));
#7851=DIRECTION('',(0.356246746378869,-0.934391917609773,0.));
#7852=DIRECTION('',(0.,0.,-1.));
#7853=DIRECTION('',(-0.356246746378869,0.934391917609773,0.));
#7854=DIRECTION('',(0.,0.,-1.));
#7855=DIRECTION('center_axis',(0.,0.,-1.));
#7856=DIRECTION('ref_axis',(-1.,0.,0.));
#7857=DIRECTION('center_axis',(0.,0.,-1.));
#7858=DIRECTION('ref_axis',(-1.,0.,0.));
#7859=DIRECTION('center_axis',(0.,0.,-1.));
#7860=DIRECTION('ref_axis',(-1.,0.,0.));
#7861=DIRECTION('',(0.,0.,-1.));
#7862=DIRECTION('center_axis',(0.934391917609774,-0.356246746378868,0.));
#7863=DIRECTION('ref_axis',(-0.356246746378868,-0.934391917609774,0.));
#7864=DIRECTION('',(0.356246746378868,0.934391917609774,0.));
#7865=DIRECTION('',(0.,0.,1.));
#7866=DIRECTION('',(-0.356246746378868,-0.934391917609774,0.));
#7867=DIRECTION('',(0.,0.,1.));
#7868=DIRECTION('center_axis',(0.909466411125319,0.415777400822642,0.));
#7869=DIRECTION('ref_axis',(0.415777400822642,-0.909466411125319,0.));
#7870=DIRECTION('',(-0.415777400822642,0.909466411125319,0.));
#7871=DIRECTION('',(-0.415777400822642,0.909466411125319,0.));
#7872=DIRECTION('',(0.,0.,-1.));
#7873=DIRECTION('center_axis',(0.965632985348122,0.259909479641806,0.));
#7874=DIRECTION('ref_axis',(-0.259909479641806,0.965632985348122,0.));
#7875=DIRECTION('',(-0.259909479641806,0.965632985348122,0.));
#7876=DIRECTION('',(0.,0.,1.));
#7877=DIRECTION('',(-0.259909479641806,0.965632985348122,0.));
#7878=DIRECTION('',(0.,0.,1.));
#7879=DIRECTION('center_axis',(0.40812168456295,-0.91292753852072,0.));
#7880=DIRECTION('ref_axis',(-0.91292753852072,-0.40812168456295,0.));
#7881=DIRECTION('',(-0.91292753852072,-0.40812168456295,0.));
#7882=DIRECTION('',(-0.91292753852072,-0.40812168456295,0.));
#7883=DIRECTION('',(0.,0.,-1.));
#7884=DIRECTION('center_axis',(-0.956491733415114,0.29175942813995,0.));
#7885=DIRECTION('ref_axis',(0.29175942813995,0.956491733415114,0.));
#7886=DIRECTION('',(0.29175942813995,0.956491733415114,0.));
#7887=DIRECTION('',(0.29175942813995,0.956491733415114,0.));
#7888=DIRECTION('',(0.,0.,1.));
#7889=DIRECTION('center_axis',(-0.676468383231552,-0.736471673921061,0.));
#7890=DIRECTION('ref_axis',(-0.736471673921061,0.676468383231552,0.));
#7891=DIRECTION('',(-0.736471673921061,0.676468383231552,0.));
#7892=DIRECTION('',(-0.736471673921061,0.676468383231552,0.));
#7893=DIRECTION('',(0.,0.,-1.));
#7894=DIRECTION('center_axis',(-0.114387229529719,0.993436239383543,0.));
#7895=DIRECTION('ref_axis',(0.993436239383543,0.114387229529719,0.));
#7896=DIRECTION('',(0.993436239383543,0.114387229529719,0.));
#7897=DIRECTION('',(0.993436239383543,0.114387229529719,0.));
#7898=DIRECTION('',(0.,0.,-1.));
#7899=DIRECTION('center_axis',(-0.909466411125319,0.415777400822642,0.));
#7900=DIRECTION('ref_axis',(0.415777400822642,0.909466411125319,0.));
#7901=DIRECTION('',(0.415777400822642,0.909466411125319,0.));
#7902=DIRECTION('',(0.415777400822642,0.909466411125319,0.));
#7903=DIRECTION('',(0.,0.,-1.));
#7904=DIRECTION('center_axis',(-0.713886242939356,-0.700261688329393,0.));
#7905=DIRECTION('ref_axis',(-0.700261688329393,0.713886242939355,0.));
#7906=DIRECTION('',(0.700261688329393,-0.713886242939355,0.));
#7907=DIRECTION('',(0.,0.,-1.));
#7908=DIRECTION('',(-0.700261688329393,0.713886242939355,0.));
#7909=DIRECTION('',(0.,0.,1.));
#7910=DIRECTION('center_axis',(1.,0.,0.));
#7911=DIRECTION('ref_axis',(0.,-1.,0.));
#7912=DIRECTION('',(0.,1.,0.));
#7913=DIRECTION('',(0.,-1.,0.));
#7914=DIRECTION('',(0.,0.,-1.));
#7915=DIRECTION('center_axis',(0.934391917609774,-0.356246746378868,0.));
#7916=DIRECTION('ref_axis',(-0.356246746378868,-0.934391917609774,0.));
#7917=DIRECTION('',(-0.356246746378868,-0.934391917609774,0.));
#7918=DIRECTION('',(0.,0.,-1.));
#7919=DIRECTION('',(-0.356246746378868,-0.934391917609774,0.));
#7920=DIRECTION('',(0.,0.,1.));
#7921=DIRECTION('center_axis',(1.,0.,0.));
#7922=DIRECTION('ref_axis',(0.,-1.,0.));
#7923=DIRECTION('',(0.,-1.,0.));
#7924=DIRECTION('',(0.,-1.,0.));
#7925=DIRECTION('',(0.,0.,-1.));
#7926=DIRECTION('center_axis',(-0.934391917609773,-0.356246746378869,0.));
#7927=DIRECTION('ref_axis',(-0.356246746378869,0.934391917609773,0.));
#7928=DIRECTION('',(-0.356246746378869,0.934391917609773,0.));
#7929=DIRECTION('',(0.,0.,-1.));
#7930=DIRECTION('',(-0.356246746378869,0.934391917609773,0.));
#7931=DIRECTION('',(0.,0.,1.));
#7932=DIRECTION('center_axis',(-0.909466411125319,0.415777400822642,0.));
#7933=DIRECTION('ref_axis',(0.415777400822642,0.909466411125319,0.));
#7934=DIRECTION('',(-0.415777400822642,-0.909466411125319,0.));
#7935=DIRECTION('',(-0.415777400822642,-0.909466411125319,0.));
#7936=DIRECTION('',(0.,0.,-1.));
#7937=DIRECTION('center_axis',(0.63275798841527,0.774349616191976,0.));
#7938=DIRECTION('ref_axis',(0.774349616191976,-0.63275798841527,0.));
#7939=DIRECTION('',(0.774349616191976,-0.63275798841527,0.));
#7940=DIRECTION('',(0.,0.,-1.));
#7941=DIRECTION('',(0.774349616191976,-0.63275798841527,0.));
#7942=DIRECTION('',(0.,0.,-1.));
#7943=DIRECTION('center_axis',(1.,0.,0.));
#7944=DIRECTION('ref_axis',(0.,-1.,0.));
#7945=DIRECTION('',(0.,1.,0.));
#7946=DIRECTION('',(0.,-1.,0.));
#7947=DIRECTION('',(0.,0.,-1.));
#7948=DIRECTION('center_axis',(-0.713886242939356,-0.700261688329393,0.));
#7949=DIRECTION('ref_axis',(-0.700261688329393,0.713886242939355,0.));
#7950=DIRECTION('',(-0.700261688329393,0.713886242939355,0.));
#7951=DIRECTION('',(0.,0.,-1.));
#7952=DIRECTION('',(-0.700261688329393,0.713886242939355,0.));
#7953=DIRECTION('',(0.,0.,1.));
#7954=DIRECTION('center_axis',(-0.909466411125319,0.415777400822642,0.));
#7955=DIRECTION('ref_axis',(0.415777400822642,0.909466411125319,0.));
#7956=DIRECTION('',(-0.415777400822642,-0.909466411125319,0.));
#7957=DIRECTION('',(-0.415777400822642,-0.909466411125319,0.));
#7958=DIRECTION('',(0.,0.,-1.));
#7959=DIRECTION('center_axis',(-0.632757988415271,0.774349616191976,0.));
#7960=DIRECTION('ref_axis',(0.774349616191976,0.632757988415271,0.));
#7961=DIRECTION('',(0.774349616191976,0.632757988415271,0.));
#7962=DIRECTION('',(0.,0.,1.));
#7963=DIRECTION('',(0.774349616191976,0.632757988415271,0.));
#7964=DIRECTION('',(0.,0.,1.));
#7965=DIRECTION('center_axis',(0.909466411125319,0.415777400822642,0.));
#7966=DIRECTION('ref_axis',(0.415777400822642,-0.909466411125319,0.));
#7967=DIRECTION('',(-0.415777400822642,0.909466411125319,0.));
#7968=DIRECTION('',(-0.415777400822642,0.909466411125319,0.));
#7969=DIRECTION('',(0.,0.,-1.));
#7970=DIRECTION('center_axis',(0.713886242939356,-0.700261688329392,0.));
#7971=DIRECTION('ref_axis',(-0.700261688329392,-0.713886242939356,0.));
#7972=DIRECTION('',(-0.700261688329392,-0.713886242939356,0.));
#7973=DIRECTION('',(0.,0.,-1.));
#7974=DIRECTION('',(-0.700261688329392,-0.713886242939356,0.));
#7975=DIRECTION('',(0.,0.,1.));
#7976=DIRECTION('center_axis',(1.,0.,0.));
#7977=DIRECTION('ref_axis',(0.,-1.,0.));
#7978=DIRECTION('',(0.,-1.,0.));
#7979=DIRECTION('',(0.,-1.,0.));
#7980=DIRECTION('',(0.,0.,-1.));
#7981=DIRECTION('center_axis',(0.817665162020963,-0.575694087877609,0.));
#7982=DIRECTION('ref_axis',(-0.575694087877609,-0.817665162020963,0.));
#7983=DIRECTION('',(-0.575694087877609,-0.817665162020963,0.));
#7984=DIRECTION('',(0.,0.,-1.));
#7985=DIRECTION('',(-0.575694087877609,-0.817665162020963,0.));
#7986=DIRECTION('',(0.,0.,1.));
#7987=DIRECTION('center_axis',(1.,0.,0.));
#7988=DIRECTION('ref_axis',(0.,-1.,0.));
#7989=DIRECTION('',(0.,-1.,0.));
#7990=DIRECTION('',(0.,-1.,0.));
#7991=DIRECTION('',(0.,0.,-1.));
#7992=DIRECTION('center_axis',(-0.540917276623205,-0.841075799111195,0.));
#7993=DIRECTION('ref_axis',(-0.841075799111195,0.540917276623205,0.));
#7994=DIRECTION('',(0.841075799111195,-0.540917276623205,0.));
#7995=DIRECTION('',(0.,0.,1.));
#7996=DIRECTION('',(-0.841075799111195,0.540917276623205,0.));
#7997=DIRECTION('',(0.,0.,1.));
#7998=DIRECTION('center_axis',(0.676468383231552,-0.736471673921061,0.));
#7999=DIRECTION('ref_axis',(-0.736471673921061,-0.676468383231552,0.));
#8000=DIRECTION('',(0.736471673921061,0.676468383231552,0.));
#8001=DIRECTION('',(0.736471673921061,0.676468383231552,0.));
#8002=DIRECTION('',(0.,0.,-1.));
#8003=DIRECTION('center_axis',(-0.886591422916257,0.462553401037465,0.));
#8004=DIRECTION('ref_axis',(0.462553401037465,0.886591422916257,0.));
#8005=DIRECTION('',(0.462553401037465,0.886591422916257,0.));
#8006=DIRECTION('',(0.,0.,-1.));
#8007=DIRECTION('',(0.462553401037465,0.886591422916257,0.));
#8008=DIRECTION('',(0.,0.,1.));
#8009=DIRECTION('center_axis',(0.11438722952972,0.993436239383543,0.));
#8010=DIRECTION('ref_axis',(0.993436239383543,-0.11438722952972,0.));
#8011=DIRECTION('',(-0.993436239383543,0.11438722952972,0.));
#8012=DIRECTION('',(-0.993436239383543,0.11438722952972,0.));
#8013=DIRECTION('',(0.,0.,-1.));
#8014=DIRECTION('center_axis',(-0.445385460678771,-0.895338925444415,0.));
#8015=DIRECTION('ref_axis',(-0.895338925444415,0.445385460678771,0.));
#8016=DIRECTION('',(-0.895338925444415,0.445385460678771,0.));
#8017=DIRECTION('',(0.,0.,-1.));
#8018=DIRECTION('',(-0.895338925444415,0.445385460678771,0.));
#8019=DIRECTION('',(0.,0.,1.));
#8020=DIRECTION('center_axis',(-0.309016994374947,0.951056516295154,0.));
#8021=DIRECTION('ref_axis',(0.951056516295154,0.309016994374947,0.));
#8022=DIRECTION('',(-0.951056516295154,-0.309016994374947,0.));
#8023=DIRECTION('',(0.951056516295154,0.309016994374947,0.));
#8024=DIRECTION('',(0.,0.,-1.));
#8025=DIRECTION('center_axis',(-0.800190044441417,0.599746523772204,0.));
#8026=DIRECTION('ref_axis',(0.599746523772204,0.800190044441417,0.));
#8027=DIRECTION('',(0.599746523772204,0.800190044441417,0.));
#8028=DIRECTION('',(0.,0.,-1.));
#8029=DIRECTION('',(0.599746523772204,0.800190044441417,0.));
#8030=DIRECTION('',(0.,0.,1.));
#8031=DIRECTION('center_axis',(0.11438722952972,0.993436239383543,0.));
#8032=DIRECTION('ref_axis',(0.993436239383543,-0.11438722952972,0.));
#8033=DIRECTION('',(-0.993436239383543,0.11438722952972,0.));
#8034=DIRECTION('',(-0.993436239383543,0.11438722952972,0.));
#8035=DIRECTION('',(0.,0.,-1.));
#8036=DIRECTION('center_axis',(-0.294845182895773,-0.955545037202935,0.));
#8037=DIRECTION('ref_axis',(-0.955545037202935,0.294845182895773,0.));
#8038=DIRECTION('',(-0.955545037202935,0.294845182895773,0.));
#8039=DIRECTION('',(0.,0.,-1.));
#8040=DIRECTION('',(-0.955545037202935,0.294845182895773,0.));
#8041=DIRECTION('',(0.,0.,1.));
#8042=DIRECTION('center_axis',(-0.309016994374947,0.951056516295154,0.));
#8043=DIRECTION('ref_axis',(0.951056516295154,0.309016994374947,0.));
#8044=DIRECTION('',(-0.951056516295154,-0.309016994374947,0.));
#8045=DIRECTION('',(0.951056516295154,0.309016994374947,0.));
#8046=DIRECTION('',(0.,0.,-1.));
#8047=DIRECTION('center_axis',(-0.627553771500585,0.778573223194448,0.));
#8048=DIRECTION('ref_axis',(0.778573223194448,0.627553771500585,0.));
#8049=DIRECTION('',(0.778573223194448,0.627553771500585,0.));
#8050=DIRECTION('',(0.,0.,-1.));
#8051=DIRECTION('',(0.778573223194448,0.627553771500585,0.));
#8052=DIRECTION('',(0.,0.,1.));
#8053=DIRECTION('center_axis',(0.11438722952972,0.993436239383543,0.));
#8054=DIRECTION('ref_axis',(0.993436239383543,-0.11438722952972,0.));
#8055=DIRECTION('',(-0.993436239383543,0.11438722952972,0.));
#8056=DIRECTION('',(-0.993436239383543,0.11438722952972,0.));
#8057=DIRECTION('',(0.,0.,-1.));
#8058=DIRECTION('center_axis',(-0.0500678076045545,-0.998745820838152,0.));
#8059=DIRECTION('ref_axis',(-0.998745820838152,0.0500678076045545,0.));
#8060=DIRECTION('',(-0.998745820838152,0.0500678076045545,0.));
#8061=DIRECTION('',(0.,0.,-1.));
#8062=DIRECTION('',(-0.998745820838152,0.0500678076045545,0.));
#8063=DIRECTION('',(0.,0.,1.));
#8064=DIRECTION('center_axis',(-0.309016994374947,0.951056516295154,0.));
#8065=DIRECTION('ref_axis',(0.951056516295154,0.309016994374947,0.));
#8066=DIRECTION('',(-0.951056516295154,-0.309016994374947,0.));
#8067=DIRECTION('',(0.951056516295154,0.309016994374947,0.));
#8068=DIRECTION('',(0.,0.,-1.));
#8069=DIRECTION('center_axis',(0.11438722952972,0.993436239383543,0.));
#8070=DIRECTION('ref_axis',(0.993436239383543,-0.11438722952972,0.));
#8071=DIRECTION('',(-0.993436239383543,0.11438722952972,0.));
#8072=DIRECTION('',(0.,0.,1.));
#8073=DIRECTION('',(-0.993436239383543,0.11438722952972,0.));
#8074=DIRECTION('',(0.,0.,-1.));
#8075=DIRECTION('center_axis',(-0.309016994374947,0.951056516295154,0.));
#8076=DIRECTION('ref_axis',(0.951056516295154,0.309016994374947,0.));
#8077=DIRECTION('',(-0.951056516295154,-0.309016994374947,0.));
#8078=DIRECTION('',(0.,0.,-1.));
#8079=DIRECTION('',(0.951056516295154,0.309016994374947,0.));
#8080=DIRECTION('',(0.,0.,-1.));
#8081=DIRECTION('center_axis',(0.980161606853621,0.198199960772264,0.));
#8082=DIRECTION('ref_axis',(0.198199960772264,-0.980161606853621,0.));
#8083=DIRECTION('',(-0.198199960772264,0.980161606853621,0.));
#8084=DIRECTION('',(0.,0.,-1.));
#8085=DIRECTION('',(-0.198199960772264,0.980161606853621,0.));
#8086=DIRECTION('',(0.,0.,-1.));
#8087=DIRECTION('center_axis',(-0.99988950646973,-0.0148652228950878,0.));
#8088=DIRECTION('ref_axis',(-0.0148652228950878,0.99988950646973,0.));
#8089=DIRECTION('',(0.0148652228950878,-0.99988950646973,0.));
#8090=DIRECTION('',(0.,0.,-1.));
#8091=DIRECTION('',(-0.0148652228950878,0.99988950646973,0.));
#8092=DIRECTION('',(0.,0.,1.));
#8093=DIRECTION('center_axis',(-0.49138595797353,-0.870941927057388,0.));
#8094=DIRECTION('ref_axis',(-0.870941927057387,0.49138595797353,0.));
#8095=DIRECTION('',(0.870941927057387,-0.49138595797353,0.));
#8096=DIRECTION('',(0.870941927057387,-0.49138595797353,0.));
#8097=DIRECTION('',(0.,0.,-1.));
#8098=DIRECTION('center_axis',(0.809016994374947,0.587785252292473,0.));
#8099=DIRECTION('ref_axis',(0.587785252292473,-0.809016994374947,0.));
#8100=DIRECTION('',(-0.587785252292473,0.809016994374947,0.));
#8101=DIRECTION('',(0.,0.,-1.));
#8102=DIRECTION('',(0.587785252292473,-0.809016994374947,0.));
#8103=DIRECTION('',(0.,0.,-1.));
#8104=DIRECTION('center_axis',(0.546542357054226,0.837431461043595,0.));
#8105=DIRECTION('ref_axis',(0.837431461043595,-0.546542357054226,0.));
#8106=DIRECTION('',(0.837431461043595,-0.546542357054226,0.));
#8107=DIRECTION('',(0.,0.,-1.));
#8108=DIRECTION('',(0.837431461043595,-0.546542357054226,0.));
#8109=DIRECTION('',(0.,0.,1.));
#8110=DIRECTION('center_axis',(0.980161606853621,0.198199960772264,0.));
#8111=DIRECTION('ref_axis',(0.198199960772264,-0.980161606853621,0.));
#8112=DIRECTION('',(-0.198199960772264,0.980161606853621,0.));
#8113=DIRECTION('',(-0.198199960772264,0.980161606853621,0.));
#8114=DIRECTION('',(0.,0.,-1.));
#8115=DIRECTION('center_axis',(0.323120517096878,0.946357824203428,0.));
#8116=DIRECTION('ref_axis',(0.946357824203428,-0.323120517096878,0.));
#8117=DIRECTION('',(0.946357824203428,-0.323120517096878,0.));
#8118=DIRECTION('',(0.,0.,-1.));
#8119=DIRECTION('',(0.946357824203428,-0.323120517096878,0.));
#8120=DIRECTION('',(0.,0.,1.));
#8121=DIRECTION('center_axis',(0.980161606853621,0.198199960772264,0.));
#8122=DIRECTION('ref_axis',(0.198199960772264,-0.980161606853621,0.));
#8123=DIRECTION('',(-0.198199960772264,0.980161606853621,0.));
#8124=DIRECTION('',(-0.198199960772264,0.980161606853621,0.));
#8125=DIRECTION('',(0.,0.,-1.));
#8126=DIRECTION('center_axis',(0.0578856340637368,0.998323220890428,0.));
#8127=DIRECTION('ref_axis',(0.998323220890428,-0.0578856340637368,0.));
#8128=DIRECTION('',(-0.998323220890428,0.0578856340637368,0.));
#8129=DIRECTION('',(0.,0.,-1.));
#8130=DIRECTION('',(0.998323220890428,-0.0578856340637368,0.));
#8131=DIRECTION('',(0.,0.,1.));
#8132=DIRECTION('center_axis',(0.809016994374947,0.587785252292473,0.));
#8133=DIRECTION('ref_axis',(0.587785252292473,-0.809016994374947,0.));
#8134=DIRECTION('',(0.587785252292473,-0.809016994374947,0.));
#8135=DIRECTION('',(0.587785252292473,-0.809016994374947,0.));
#8136=DIRECTION('',(0.,0.,-1.));
#8137=DIRECTION('center_axis',(-0.99988950646973,-0.0148652228950878,0.));
#8138=DIRECTION('ref_axis',(-0.0148652228950878,0.99988950646973,0.));
#8139=DIRECTION('',(-0.0148652228950878,0.99988950646973,0.));
#8140=DIRECTION('',(0.,0.,-1.));
#8141=DIRECTION('',(-0.0148652228950878,0.99988950646973,0.));
#8142=DIRECTION('',(0.,0.,1.));
#8143=DIRECTION('center_axis',(0.809016994374947,0.587785252292473,0.));
#8144=DIRECTION('ref_axis',(0.587785252292473,-0.809016994374947,0.));
#8145=DIRECTION('',(-0.587785252292473,0.809016994374947,0.));
#8146=DIRECTION('',(0.587785252292473,-0.809016994374947,0.));
#8147=DIRECTION('',(0.,0.,-1.));
#8148=DIRECTION('center_axis',(0.0578856340637368,0.998323220890428,0.));
#8149=DIRECTION('ref_axis',(0.998323220890428,-0.0578856340637368,0.));
#8150=DIRECTION('',(0.998323220890428,-0.0578856340637368,0.));
#8151=DIRECTION('',(0.,0.,-1.));
#8152=DIRECTION('',(0.998323220890428,-0.0578856340637368,0.));
#8153=DIRECTION('',(0.,0.,1.));
#8154=DIRECTION('center_axis',(0.980161606853621,0.198199960772264,0.));
#8155=DIRECTION('ref_axis',(0.198199960772264,-0.980161606853621,0.));
#8156=DIRECTION('',(-0.198199960772264,0.980161606853621,0.));
#8157=DIRECTION('',(-0.198199960772264,0.980161606853621,0.));
#8158=DIRECTION('',(0.,0.,-1.));
#8159=DIRECTION('center_axis',(-0.968240590226101,0.250020318051577,0.));
#8160=DIRECTION('ref_axis',(0.250020318051577,0.968240590226101,0.));
#8161=DIRECTION('',(-0.250020318051577,-0.968240590226101,0.));
#8162=DIRECTION('',(0.,0.,-1.));
#8163=DIRECTION('',(0.250020318051577,0.968240590226101,0.));
#8164=DIRECTION('',(0.,0.,1.));
#8165=DIRECTION('center_axis',(-0.49138595797353,-0.870941927057388,0.));
#8166=DIRECTION('ref_axis',(-0.870941927057387,0.49138595797353,0.));
#8167=DIRECTION('',(0.870941927057387,-0.49138595797353,0.));
#8168=DIRECTION('',(0.870941927057387,-0.49138595797353,0.));
#8169=DIRECTION('',(0.,0.,-1.));
#8170=DIRECTION('center_axis',(-0.989149595733867,0.146911800953934,0.));
#8171=DIRECTION('ref_axis',(0.146911800953934,0.989149595733866,0.));
#8172=DIRECTION('',(0.146911800953934,0.989149595733866,0.));
#8173=DIRECTION('',(0.,0.,-1.));
#8174=DIRECTION('',(0.146911800953934,0.989149595733866,0.));
#8175=DIRECTION('',(0.,0.,1.));
#8176=DIRECTION('center_axis',(0.809016994374947,0.587785252292473,0.));
#8177=DIRECTION('ref_axis',(0.587785252292473,-0.809016994374947,0.));
#8178=DIRECTION('',(-0.587785252292473,0.809016994374947,0.));
#8179=DIRECTION('',(0.587785252292473,-0.809016994374947,0.));
#8180=DIRECTION('',(0.,0.,-1.));
#8181=DIRECTION('center_axis',(0.,0.,-1.));
#8182=DIRECTION('ref_axis',(-1.,0.,0.));
#8183=DIRECTION('center_axis',(0.,0.,-1.));
#8184=DIRECTION('ref_axis',(-1.,0.,0.));
#8185=DIRECTION('',(0.,0.,1.));
#8186=DIRECTION('center_axis',(0.,0.,-1.));
#8187=DIRECTION('ref_axis',(-1.,0.,0.));
#8188=DIRECTION('',(0.,0.,-1.));
#8189=DIRECTION('center_axis',(0.63275798841527,0.774349616191976,0.));
#8190=DIRECTION('ref_axis',(0.774349616191976,-0.63275798841527,0.));
#8191=DIRECTION('',(-0.774349616191976,0.63275798841527,0.));
#8192=DIRECTION('',(0.,0.,-1.));
#8193=DIRECTION('',(0.774349616191976,-0.63275798841527,0.));
#8194=DIRECTION('',(0.,0.,1.));
#8195=DIRECTION('center_axis',(0.309016994374947,0.951056516295154,0.));
#8196=DIRECTION('ref_axis',(0.951056516295154,-0.309016994374947,0.));
#8197=DIRECTION('',(0.951056516295154,-0.309016994374947,0.));
#8198=DIRECTION('',(0.,0.,1.));
#8199=DIRECTION('',(0.951056516295154,-0.309016994374947,0.));
#8200=DIRECTION('',(0.,0.,-1.));
#8201=DIRECTION('center_axis',(0.340100413147854,-0.940389126360284,0.));
#8202=DIRECTION('ref_axis',(-0.940389126360284,-0.340100413147854,0.));
#8203=DIRECTION('',(0.940389126360284,0.340100413147854,0.));
#8204=DIRECTION('',(0.,0.,-1.));
#8205=DIRECTION('',(-0.940389126360284,-0.340100413147854,0.));
#8206=DIRECTION('',(0.,0.,1.));
#8207=DIRECTION('center_axis',(0.309016994374947,0.951056516295154,0.));
#8208=DIRECTION('ref_axis',(0.951056516295154,-0.309016994374947,0.));
#8209=DIRECTION('',(-0.951056516295154,0.309016994374947,0.));
#8210=DIRECTION('',(0.951056516295154,-0.309016994374947,0.));
#8211=DIRECTION('',(0.,0.,-1.));
#8212=DIRECTION('center_axis',(-0.676468383231552,-0.736471673921061,0.));
#8213=DIRECTION('ref_axis',(-0.736471673921061,0.676468383231552,0.));
#8214=DIRECTION('',(0.736471673921061,-0.676468383231552,0.));
#8215=DIRECTION('',(0.,0.,1.));
#8216=DIRECTION('',(0.736471673921061,-0.676468383231552,0.));
#8217=DIRECTION('',(0.,0.,-1.));
#8218=DIRECTION('center_axis',(0.627553771500585,0.778573223194448,0.));
#8219=DIRECTION('ref_axis',(0.778573223194448,-0.627553771500585,0.));
#8220=DIRECTION('',(0.778573223194448,-0.627553771500585,0.));
#8221=DIRECTION('',(0.,0.,-1.));
#8222=DIRECTION('',(0.778573223194448,-0.627553771500585,0.));
#8223=DIRECTION('',(0.,0.,1.));
#8224=DIRECTION('center_axis',(0.309016994374947,0.951056516295154,0.));
#8225=DIRECTION('ref_axis',(0.951056516295154,-0.309016994374947,0.));
#8226=DIRECTION('',(0.951056516295154,-0.309016994374947,0.));
#8227=DIRECTION('',(0.951056516295154,-0.309016994374947,0.));
#8228=DIRECTION('',(0.,0.,-1.));
#8229=DIRECTION('center_axis',(0.827893873921334,0.560884777403993,0.));
#8230=DIRECTION('ref_axis',(0.560884777403993,-0.827893873921333,0.));
#8231=DIRECTION('',(0.560884777403993,-0.827893873921333,0.));
#8232=DIRECTION('',(0.,0.,-1.));
#8233=DIRECTION('',(0.560884777403993,-0.827893873921333,0.));
#8234=DIRECTION('',(0.,0.,1.));
#8235=DIRECTION('center_axis',(0.309016994374947,0.951056516295154,0.));
#8236=DIRECTION('ref_axis',(0.951056516295154,-0.309016994374947,0.));
#8237=DIRECTION('',(0.951056516295154,-0.309016994374947,0.));
#8238=DIRECTION('',(0.951056516295154,-0.309016994374947,0.));
#8239=DIRECTION('',(0.,0.,-1.));
#8240=DIRECTION('center_axis',(0.539969204572783,-0.841684773601754,0.));
#8241=DIRECTION('ref_axis',(-0.841684773601754,-0.539969204572783,0.));
#8242=DIRECTION('',(0.841684773601754,0.539969204572783,0.));
#8243=DIRECTION('',(0.,0.,-1.));
#8244=DIRECTION('',(-0.841684773601754,-0.539969204572783,0.));
#8245=DIRECTION('',(0.,0.,1.));
#8246=DIRECTION('center_axis',(0.309016994374947,0.951056516295154,0.));
#8247=DIRECTION('ref_axis',(0.951056516295154,-0.309016994374947,0.));
#8248=DIRECTION('',(-0.951056516295154,0.309016994374947,0.));
#8249=DIRECTION('',(0.951056516295154,-0.309016994374947,0.));
#8250=DIRECTION('',(0.,0.,-1.));
#8251=DIRECTION('center_axis',(0.340100413147854,-0.940389126360284,0.));
#8252=DIRECTION('ref_axis',(-0.940389126360284,-0.340100413147854,0.));
#8253=DIRECTION('',(-0.940389126360284,-0.340100413147854,0.));
#8254=DIRECTION('',(0.,0.,-1.));
#8255=DIRECTION('',(-0.940389126360284,-0.340100413147854,0.));
#8256=DIRECTION('',(0.,0.,1.));
#8257=DIRECTION('center_axis',(-0.676468383231552,-0.736471673921061,0.));
#8258=DIRECTION('ref_axis',(-0.736471673921061,0.676468383231552,0.));
#8259=DIRECTION('',(0.736471673921061,-0.676468383231552,0.));
#8260=DIRECTION('',(0.736471673921061,-0.676468383231552,0.));
#8261=DIRECTION('',(0.,0.,-1.));
#8262=DIRECTION('center_axis',(0.886591422916258,0.462553401037464,0.));
#8263=DIRECTION('ref_axis',(0.462553401037464,-0.886591422916258,0.));
#8264=DIRECTION('',(0.462553401037464,-0.886591422916258,0.));
#8265=DIRECTION('',(0.,0.,-1.));
#8266=DIRECTION('',(0.462553401037464,-0.886591422916258,0.));
#8267=DIRECTION('',(0.,0.,1.));
#8268=DIRECTION('center_axis',(0.309016994374947,0.951056516295154,0.));
#8269=DIRECTION('ref_axis',(0.951056516295154,-0.309016994374947,0.));
#8270=DIRECTION('',(0.951056516295154,-0.309016994374947,0.));
#8271=DIRECTION('',(0.951056516295154,-0.309016994374947,0.));
#8272=DIRECTION('',(0.,0.,-1.));
#8273=DIRECTION('center_axis',(0.545207533168845,-0.838301106867898,0.));
#8274=DIRECTION('ref_axis',(-0.838301106867898,-0.545207533168845,0.));
#8275=DIRECTION('',(0.838301106867898,0.545207533168845,0.));
#8276=DIRECTION('',(0.,0.,-1.));
#8277=DIRECTION('',(-0.838301106867898,-0.545207533168845,0.));
#8278=DIRECTION('',(0.,0.,1.));
#8279=DIRECTION('center_axis',(0.309016994374947,0.951056516295154,0.));
#8280=DIRECTION('ref_axis',(0.951056516295154,-0.309016994374947,0.));
#8281=DIRECTION('',(-0.951056516295154,0.309016994374947,0.));
#8282=DIRECTION('',(0.951056516295154,-0.309016994374947,0.));
#8283=DIRECTION('',(0.,0.,-1.));
#8284=DIRECTION('center_axis',(0.11438722952972,0.993436239383543,0.));
#8285=DIRECTION('ref_axis',(0.993436239383543,-0.11438722952972,0.));
#8286=DIRECTION('',(-0.993436239383543,0.11438722952972,0.));
#8287=DIRECTION('',(0.,0.,1.));
#8288=DIRECTION('',(-0.993436239383543,0.11438722952972,0.));
#8289=DIRECTION('',(0.,0.,-1.));
#8290=DIRECTION('center_axis',(0.931983220116855,-0.362501417129117,0.));
#8291=DIRECTION('ref_axis',(-0.362501417129117,-0.931983220116855,0.));
#8292=DIRECTION('',(-0.362501417129117,-0.931983220116855,0.));
#8293=DIRECTION('',(-0.362501417129117,-0.931983220116855,0.));
#8294=DIRECTION('',(0.,0.,1.));
#8295=DIRECTION('center_axis',(-0.540917276623205,-0.841075799111195,0.));
#8296=DIRECTION('ref_axis',(-0.841075799111195,0.540917276623205,0.));
#8297=DIRECTION('',(-0.841075799111195,0.540917276623205,0.));
#8298=DIRECTION('',(0.,0.,-1.));
#8299=DIRECTION('',(-0.841075799111195,0.540917276623205,0.));
#8300=DIRECTION('',(0.,0.,1.));
#8301=DIRECTION('center_axis',(-0.968240590226101,0.250020318051577,0.));
#8302=DIRECTION('ref_axis',(0.250020318051577,0.968240590226101,0.));
#8303=DIRECTION('',(0.250020318051577,0.968240590226101,0.));
#8304=DIRECTION('',(0.,0.,-1.));
#8305=DIRECTION('',(0.250020318051577,0.968240590226101,0.));
#8306=DIRECTION('',(0.,0.,1.));
#8307=DIRECTION('center_axis',(0.,0.,-1.));
#8308=DIRECTION('ref_axis',(0.951056516295154,-0.309016994374947,0.));
#8309=DIRECTION('center_axis',(0.,0.,-1.));
#8310=DIRECTION('ref_axis',(-1.,0.,0.));
#8311=DIRECTION('center_axis',(0.,0.,-1.));
#8312=DIRECTION('ref_axis',(-1.,0.,0.));
#8313=DIRECTION('',(0.,0.,1.));
#8314=DIRECTION('center_axis',(0.,0.,-1.));
#8315=DIRECTION('ref_axis',(-1.,0.,0.));
#8316=DIRECTION('center_axis',(0.,0.,-1.));
#8317=DIRECTION('ref_axis',(-1.,0.,0.));
#8318=DIRECTION('center_axis',(0.,0.,-1.));
#8319=DIRECTION('ref_axis',(-1.,0.,0.));
#8320=DIRECTION('',(0.,0.,-1.));
#8321=DIRECTION('center_axis',(-0.0806906608751728,0.996739192189977,0.));
#8322=DIRECTION('ref_axis',(0.996739192189977,0.0806906608751728,0.));
#8323=DIRECTION('',(0.996739192189977,0.0806906608751728,0.));
#8324=DIRECTION('',(0.,0.,-1.));
#8325=DIRECTION('',(0.996739192189977,0.0806906608751728,0.));
#8326=DIRECTION('',(0.,0.,-1.));
#8327=DIRECTION('center_axis',(0.,0.,-1.));
#8328=DIRECTION('ref_axis',(-1.,0.,0.));
#8329=DIRECTION('center_axis',(0.,0.,-1.));
#8330=DIRECTION('ref_axis',(-1.,0.,0.));
#8331=DIRECTION('center_axis',(0.,0.,-1.));
#8332=DIRECTION('ref_axis',(-1.,0.,0.));
#8333=DIRECTION('',(0.,0.,-1.));
#8334=DIRECTION('center_axis',(-0.931983220116855,-0.362501417129118,0.));
#8335=DIRECTION('ref_axis',(-0.362501417129118,0.931983220116855,0.));
#8336=DIRECTION('',(-0.362501417129118,0.931983220116855,0.));
#8337=DIRECTION('',(0.,0.,-1.));
#8338=DIRECTION('',(-0.362501417129118,0.931983220116855,0.));
#8339=DIRECTION('',(0.,0.,1.));
#8340=DIRECTION('center_axis',(-0.114387229529719,0.993436239383543,0.));
#8341=DIRECTION('ref_axis',(0.993436239383543,0.114387229529719,0.));
#8342=DIRECTION('',(-0.993436239383543,-0.114387229529719,0.));
#8343=DIRECTION('',(-0.993436239383543,-0.114387229529719,0.));
#8344=DIRECTION('',(0.,0.,-1.));
#8345=DIRECTION('center_axis',(0.980413065115715,0.19695233370135,0.));
#8346=DIRECTION('ref_axis',(0.19695233370135,-0.980413065115715,0.));
#8347=DIRECTION('',(0.19695233370135,-0.980413065115715,0.));
#8348=DIRECTION('',(0.,0.,-1.));
#8349=DIRECTION('',(0.19695233370135,-0.980413065115715,0.));
#8350=DIRECTION('',(0.,0.,1.));
#8351=DIRECTION('center_axis',(0.40812168456295,-0.91292753852072,0.));
#8352=DIRECTION('ref_axis',(-0.91292753852072,-0.40812168456295,0.));
#8353=DIRECTION('',(0.91292753852072,0.40812168456295,0.));
#8354=DIRECTION('',(0.91292753852072,0.40812168456295,0.));
#8355=DIRECTION('',(0.,0.,-1.));
#8356=DIRECTION('center_axis',(0.40812168456295,-0.91292753852072,0.));
#8357=DIRECTION('ref_axis',(-0.91292753852072,-0.40812168456295,0.));
#8358=DIRECTION('',(0.91292753852072,0.40812168456295,0.));
#8359=DIRECTION('',(0.,0.,1.));
#8360=DIRECTION('',(0.91292753852072,0.40812168456295,0.));
#8361=DIRECTION('',(0.,0.,-1.));
#8362=DIRECTION('center_axis',(0.980413065115715,0.19695233370135,0.));
#8363=DIRECTION('ref_axis',(0.19695233370135,-0.980413065115715,0.));
#8364=DIRECTION('',(-0.19695233370135,0.980413065115715,0.));
#8365=DIRECTION('',(0.19695233370135,-0.980413065115715,0.));
#8366=DIRECTION('',(0.,0.,-1.));
#8367=DIRECTION('center_axis',(-0.116038010884264,0.993244773472291,0.));
#8368=DIRECTION('ref_axis',(0.993244773472291,0.116038010884264,0.));
#8369=DIRECTION('',(0.993244773472291,0.116038010884264,0.));
#8370=DIRECTION('',(0.,0.,-1.));
#8371=DIRECTION('',(0.993244773472291,0.116038010884264,0.));
#8372=DIRECTION('',(0.,0.,1.));
#8373=DIRECTION('center_axis',(0.766795155787072,-0.641891882688572,0.));
#8374=DIRECTION('ref_axis',(-0.641891882688572,-0.766795155787072,0.));
#8375=DIRECTION('',(0.641891882688572,0.766795155787072,0.));
#8376=DIRECTION('',(-0.641891882688572,-0.766795155787072,0.));
#8377=DIRECTION('',(0.,0.,-1.));
#8378=DIRECTION('center_axis',(-0.277320169898593,0.960777561856758,0.));
#8379=DIRECTION('ref_axis',(0.960777561856758,0.277320169898593,0.));
#8380=DIRECTION('',(0.960777561856758,0.277320169898593,0.));
#8381=DIRECTION('',(0.,0.,-1.));
#8382=DIRECTION('',(0.960777561856758,0.277320169898593,0.));
#8383=DIRECTION('',(0.,0.,1.));
#8384=DIRECTION('center_axis',(0.766795155787072,-0.641891882688572,0.));
#8385=DIRECTION('ref_axis',(-0.641891882688572,-0.766795155787072,0.));
#8386=DIRECTION('',(0.641891882688572,0.766795155787072,0.));
#8387=DIRECTION('',(-0.641891882688572,-0.766795155787072,0.));
#8388=DIRECTION('',(0.,0.,-1.));
#8389=DIRECTION('center_axis',(0.40812168456295,-0.91292753852072,0.));
#8390=DIRECTION('ref_axis',(-0.91292753852072,-0.40812168456295,0.));
#8391=DIRECTION('',(0.91292753852072,0.40812168456295,0.));
#8392=DIRECTION('',(0.,0.,1.));
#8393=DIRECTION('',(0.91292753852072,0.40812168456295,0.));
#8394=DIRECTION('',(0.,0.,-1.));
#8395=DIRECTION('center_axis',(0.995711655242604,0.0925110783313787,0.));
#8396=DIRECTION('ref_axis',(0.0925110783313787,-0.995711655242604,0.));
#8397=DIRECTION('',(-0.0925110783313787,0.995711655242604,0.));
#8398=DIRECTION('',(0.0925110783313787,-0.995711655242604,0.));
#8399=DIRECTION('',(0.,0.,-1.));
#8400=DIRECTION('center_axis',(-0.502842009050047,0.864378339579673,0.));
#8401=DIRECTION('ref_axis',(0.864378339579673,0.502842009050047,0.));
#8402=DIRECTION('',(0.864378339579673,0.502842009050047,0.));
#8403=DIRECTION('',(0.,0.,-1.));
#8404=DIRECTION('',(0.864378339579673,0.502842009050047,0.));
#8405=DIRECTION('',(0.,0.,1.));
#8406=DIRECTION('center_axis',(0.766795155787072,-0.641891882688572,0.));
#8407=DIRECTION('ref_axis',(-0.641891882688572,-0.766795155787072,0.));
#8408=DIRECTION('',(0.641891882688572,0.766795155787072,0.));
#8409=DIRECTION('',(-0.641891882688572,-0.766795155787072,0.));
#8410=DIRECTION('',(0.,0.,-1.));
#8411=DIRECTION('center_axis',(0.40812168456295,-0.91292753852072,0.));
#8412=DIRECTION('ref_axis',(-0.91292753852072,-0.40812168456295,0.));
#8413=DIRECTION('',(0.91292753852072,0.40812168456295,0.));
#8414=DIRECTION('',(0.,0.,1.));
#8415=DIRECTION('',(0.91292753852072,0.40812168456295,0.));
#8416=DIRECTION('',(0.,0.,-1.));
#8417=DIRECTION('center_axis',(0.997745819262189,-0.0671064836273153,0.));
#8418=DIRECTION('ref_axis',(-0.0671064836273153,-0.997745819262189,0.));
#8419=DIRECTION('',(0.0671064836273153,0.997745819262189,0.));
#8420=DIRECTION('',(-0.0671064836273153,-0.997745819262189,0.));
#8421=DIRECTION('',(0.,0.,-1.));
#8422=DIRECTION('center_axis',(0.766795155787072,-0.641891882688572,0.));
#8423=DIRECTION('ref_axis',(-0.641891882688572,-0.766795155787072,0.));
#8424=DIRECTION('',(0.641891882688572,0.766795155787072,0.));
#8425=DIRECTION('',(0.,0.,-1.));
#8426=DIRECTION('',(-0.641891882688572,-0.766795155787072,0.));
#8427=DIRECTION('',(0.,0.,-1.));
#8428=DIRECTION('center_axis',(-0.956491733415114,0.29175942813995,0.));
#8429=DIRECTION('ref_axis',(0.29175942813995,0.956491733415114,0.));
#8430=DIRECTION('',(-0.29175942813995,-0.956491733415114,0.));
#8431=DIRECTION('',(0.,0.,1.));
#8432=DIRECTION('',(-0.29175942813995,-0.956491733415114,0.));
#8433=DIRECTION('',(0.,0.,1.));
#8434=DIRECTION('center_axis',(0.40812168456295,-0.91292753852072,0.));
#8435=DIRECTION('ref_axis',(-0.91292753852072,-0.40812168456295,0.));
#8436=DIRECTION('',(0.91292753852072,0.40812168456295,0.));
#8437=DIRECTION('',(0.91292753852072,0.40812168456295,0.));
#8438=DIRECTION('',(0.,0.,-1.));
#8439=DIRECTION('center_axis',(-0.00392121945206136,0.999992311989452,0.));
#8440=DIRECTION('ref_axis',(0.999992311989452,0.00392121945206136,0.));
#8441=DIRECTION('',(0.999992311989452,0.00392121945206136,0.));
#8442=DIRECTION('',(0.,0.,-1.));
#8443=DIRECTION('',(0.999992311989452,0.00392121945206136,0.));
#8444=DIRECTION('',(0.,0.,1.));
#8445=DIRECTION('center_axis',(0.766795155787072,-0.641891882688572,0.));
#8446=DIRECTION('ref_axis',(-0.641891882688572,-0.766795155787072,0.));
#8447=DIRECTION('',(0.641891882688572,0.766795155787072,0.));
#8448=DIRECTION('',(-0.641891882688572,-0.766795155787072,0.));
#8449=DIRECTION('',(0.,0.,-1.));
#8450=DIRECTION('center_axis',(0.0574324819255492,-0.998349392757802,0.));
#8451=DIRECTION('ref_axis',(0.998349392757802,0.0574324819255492,0.));
#8452=DIRECTION('',(0.998349392757802,0.0574324819255492,0.));
#8453=DIRECTION('',(0.,0.,1.));
#8454=DIRECTION('',(0.998349392757802,0.0574324819255492,0.));
#8455=DIRECTION('center_axis',(-0.917424766195771,-0.397909284097061,0.));
#8456=DIRECTION('ref_axis',(0.397909284097061,-0.917424766195771,0.));
#8457=DIRECTION('',(0.397909284097061,-0.917424766195771,0.));
#8458=DIRECTION('',(0.,0.,1.));
#8459=DIRECTION('',(0.397909284097061,-0.917424766195771,0.));
#8460=DIRECTION('center_axis',(0.951056516295149,-0.309016994374961,0.));
#8461=DIRECTION('ref_axis',(0.309016994374961,0.951056516295149,0.));
#8462=DIRECTION('',(0.309016994374961,0.951056516295149,0.));
#8463=DIRECTION('',(0.,0.,1.));
#8464=DIRECTION('',(0.309016994374961,0.951056516295149,0.));
#8465=DIRECTION('center_axis',(-0.968240590226101,0.250020318051578,0.));
#8466=DIRECTION('ref_axis',(-0.250020318051578,-0.968240590226101,0.));
#8467=DIRECTION('',(-0.250020318051578,-0.968240590226101,0.));
#8468=DIRECTION('',(0.,0.,1.));
#8469=DIRECTION('',(-0.250020318051578,-0.968240590226101,0.));
#8470=DIRECTION('center_axis',(0.676468383231552,-0.736471673921061,0.));
#8471=DIRECTION('ref_axis',(-0.736471673921061,-0.676468383231552,0.));
#8472=DIRECTION('',(-0.736471673921061,-0.676468383231552,0.));
#8473=DIRECTION('',(0.,0.,-1.));
#8474=DIRECTION('',(-0.736471673921061,-0.676468383231553,0.));
#8475=DIRECTION('',(0.,0.,1.));
#8476=DIRECTION('center_axis',(-0.49138595797353,-0.870941927057388,0.));
#8477=DIRECTION('ref_axis',(-0.870941927057387,0.49138595797353,0.));
#8478=DIRECTION('',(-0.870941927057387,0.49138595797353,0.));
#8479=DIRECTION('',(0.,0.,-1.));
#8480=DIRECTION('',(-0.870941927057388,0.49138595797353,0.));
#8481=DIRECTION('center_axis',(0.,0.,-1.));
#8482=DIRECTION('ref_axis',(-1.,0.,0.));
#8483=DIRECTION('center_axis',(0.,0.,-1.));
#8484=DIRECTION('ref_axis',(-1.,0.,0.));
#8485=DIRECTION('center_axis',(0.,0.,-1.));
#8486=DIRECTION('ref_axis',(-1.,0.,0.));
#8487=DIRECTION('',(0.,0.,-1.));
#8488=DIRECTION('center_axis',(0.,0.,-1.));
#8489=DIRECTION('ref_axis',(-1.,0.,0.));
#8490=DIRECTION('center_axis',(0.,0.,-1.));
#8491=DIRECTION('ref_axis',(-1.,0.,0.));
#8492=DIRECTION('center_axis',(0.,0.,-1.));
#8493=DIRECTION('ref_axis',(-1.,0.,0.));
#8494=DIRECTION('',(0.,0.,1.));
#8495=DIRECTION('center_axis',(0.,0.,-1.));
#8496=DIRECTION('ref_axis',(0.726753741789921,0.686898099279907,0.));
#8497=DIRECTION('center_axis',(0.,0.,-1.));
#8498=DIRECTION('ref_axis',(-1.,0.,0.));
#8499=DIRECTION('',(0.,0.,-1.));
#8500=DIRECTION('center_axis',(0.,0.,-1.));
#8501=DIRECTION('ref_axis',(-1.,0.,0.));
#8502=DIRECTION('center_axis',(1.,0.,0.));
#8503=DIRECTION('ref_axis',(0.,-1.,0.));
#8504=DIRECTION('',(0.,1.,0.));
#8505=DIRECTION('',(0.,-1.,0.));
#8506=DIRECTION('',(0.,0.,1.));
#8507=DIRECTION('center_axis',(1.,0.,0.));
#8508=DIRECTION('ref_axis',(0.,-1.,0.));
#8509=DIRECTION('',(0.,-1.,0.));
#8510=DIRECTION('',(0.,-1.,0.));
#8511=DIRECTION('',(0.,0.,-1.));
#8512=DIRECTION('center_axis',(0.,1.,0.));
#8513=DIRECTION('ref_axis',(0.,0.,1.));
#8514=DIRECTION('',(-1.,0.,0.));
#8515=DIRECTION('',(-1.,0.,0.));
#8516=DIRECTION('center_axis',(0.,0.,-1.));
#8517=DIRECTION('ref_axis',(-1.,0.,0.));
#8518=DIRECTION('',(0.198199960772264,-0.980161606853621,0.));
#8519=DIRECTION('',(0.993436239383543,-0.11438722952972,0.));
#8520=DIRECTION('',(0.415777400822642,-0.909466411125319,0.));
#8521=DIRECTION('center_axis',(0.,0.,1.));
#8522=DIRECTION('ref_axis',(1.,0.,0.));
#8523=DIRECTION('',(0.274692088471314,-0.961532244145389,0.));
#8524=DIRECTION('',(-0.838301106867898,-0.545207533168845,0.));
#8525=DIRECTION('',(0.951056516295154,-0.309016994374947,0.));
#8526=DIRECTION('',(0.36355135061047,-0.931574159940744,0.));
#8527=DIRECTION('',(0.363551350610471,0.931574159940744,0.));
#8528=DIRECTION('',(0.951056516295154,0.309016994374947,0.));
#8529=DIRECTION('',(0.998387812947774,-0.05676068143848,0.));
#8530=DIRECTION('center_axis',(0.,0.,1.));
#8531=DIRECTION('ref_axis',(1.,0.,0.));
#8532=DIRECTION('',(-0.356246746378869,0.934391917609773,0.));
#8533=DIRECTION('',(-1.,0.,0.));
#8534=DIRECTION('',(-0.415777400822642,-0.909466411125319,0.));
#8535=DIRECTION('',(0.,-1.,0.));
#8536=DIRECTION('',(-0.57569408787761,0.817665162020963,0.));
#8537=DIRECTION('',(-0.415777400822642,0.909466411125319,0.));
#8538=DIRECTION('',(-0.700261688329392,-0.713886242939356,0.));
#8539=DIRECTION('',(-0.57569408787761,0.817665162020963,0.));
#8540=DIRECTION('',(-0.415777400822642,-0.909466411125319,0.));
#8541=DIRECTION('',(-0.415777400822642,-0.909466411125319,0.));
#8542=DIRECTION('',(-0.773636129557228,0.633630127948247,0.));
#8543=DIRECTION('',(0.,-1.,0.));
#8544=DIRECTION('',(-0.773636129557228,-0.633630127948247,0.));
#8545=DIRECTION('',(-0.773636129557228,0.633630127948247,0.));
#8546=DIRECTION('',(0.,-1.,0.));
#8547=DIRECTION('',(-0.773636129557228,-0.633630127948247,0.));
#8548=DIRECTION('',(-0.415777400822642,0.909466411125319,0.));
#8549=DIRECTION('',(0.951056516295154,0.309016994374947,0.));
#8550=DIRECTION('',(-0.841684773601754,0.539969204572783,0.));
#8551=DIRECTION('',(0.363551350610471,0.931574159940744,0.));
#8552=DIRECTION('',(0.951056516295154,0.309016994374947,0.));
#8553=DIRECTION('',(-0.841684773601754,0.539969204572783,0.));
#8554=DIRECTION('',(0.736471673921061,0.676468383231552,0.));
#8555=DIRECTION('',(0.599746523772204,0.800190044441417,0.));
#8556=DIRECTION('',(0.951056516295154,0.309016994374947,0.));
#8557=DIRECTION('',(-0.955545037202935,0.294845182895773,0.));
#8558=DIRECTION('',(0.736471673921061,0.676468383231552,0.));
#8559=DIRECTION('',(-0.998745820838152,0.0500678076045545,0.));
#8560=DIRECTION('',(0.736471673921061,0.676468383231552,0.));
#8561=DIRECTION('',(0.778573223194448,0.627553771500585,0.));
#8562=DIRECTION('',(0.951056516295154,0.309016994374947,0.));
#8563=DIRECTION('',(-0.895338925444415,0.445385460678771,0.));
#8564=DIRECTION('',(0.736471673921061,0.676468383231552,0.));
#8565=DIRECTION('',(0.462553401037465,0.886591422916257,0.));
#8566=DIRECTION('',(0.951056516295154,0.309016994374947,0.));
#8567=DIRECTION('',(0.587785252292473,-0.809016994374947,0.));
#8568=DIRECTION('',(0.946357824203428,-0.323120517096878,0.));
#8569=DIRECTION('',(0.587785252292473,-0.809016994374947,0.));
#8570=DIRECTION('',(-0.261012117021022,0.965335524451578,0.));
#8571=DIRECTION('',(0.837431461043595,-0.546542357054226,0.));
#8572=DIRECTION('',(0.587785252292473,-0.809016994374947,0.));
#8573=DIRECTION('',(-0.261012117021022,0.965335524451578,0.));
#8574=DIRECTION('',(0.870941927057387,-0.49138595797353,0.));
#8575=DIRECTION('',(0.587785252292473,-0.809016994374947,0.));
#8576=DIRECTION('',(0.986135411782406,-0.165942609442977,0.));
#8577=DIRECTION('',(0.870941927057387,-0.49138595797353,0.));
#8578=DIRECTION('',(0.146911800953934,0.989149595733866,0.));
#8579=DIRECTION('',(-0.198199960772264,0.980161606853621,0.));
#8580=DIRECTION('',(0.986135411782406,-0.165942609442977,0.));
#8581=DIRECTION('',(0.870941927057387,-0.49138595797353,0.));
#8582=DIRECTION('',(0.253446331658083,0.967349449252472,0.));
#8583=DIRECTION('',(-0.993436239383543,-0.114387229529719,0.));
#8584=DIRECTION('',(0.778573223194448,-0.627553771500585,0.));
#8585=DIRECTION('',(0.951056516295154,-0.309016994374947,0.));
#8586=DIRECTION('',(-0.998745820838152,-0.0500678076045542,0.));
#8587=DIRECTION('',(-0.993436239383543,-0.114387229529719,0.));
#8588=DIRECTION('',(0.560884777403993,-0.827893873921333,0.));
#8589=DIRECTION('',(-0.998745820838152,-0.0500678076045542,0.));
#8590=DIRECTION('',(0.736471673921061,-0.676468383231552,0.));
#8591=DIRECTION('',(-0.993436239383543,-0.114387229529719,0.));
#8592=DIRECTION('',(0.462553401037464,-0.886591422916258,0.));
#8593=DIRECTION('',(0.951056516295154,-0.309016994374947,0.));
#8594=DIRECTION('',(-0.895338925444415,-0.445385460678771,0.));
#8595=DIRECTION('',(-0.993436239383543,-0.114387229529719,0.));
#8596=DIRECTION('',(0.36355135061047,-0.931574159940744,0.));
#8597=DIRECTION('',(-0.895338925444415,-0.445385460678771,0.));
#8598=DIRECTION('',(0.736471673921061,-0.676468383231552,0.));
#8599=DIRECTION('',(-0.29175942813995,-0.956491733415114,0.));
#8600=DIRECTION('',(0.996739192189977,0.0806906608751728,0.));
#8601=DIRECTION('',(-0.641891882688572,-0.766795155787072,0.));
#8602=DIRECTION('',(0.999992311989452,0.00392121945206136,0.));
#8603=DIRECTION('',(0.0925110783313787,-0.995711655242604,0.));
#8604=DIRECTION('',(0.999992311989452,0.00392121945206136,0.));
#8605=DIRECTION('',(-0.29175942813995,-0.956491733415114,0.));
#8606=DIRECTION('',(-0.641891882688572,-0.766795155787072,0.));
#8607=DIRECTION('',(0.960777561856758,0.277320169898593,0.));
#8608=DIRECTION('',(-0.312960070206961,-0.949766284122602,0.));
#8609=DIRECTION('',(0.960777561856758,0.277320169898593,0.));
#8610=DIRECTION('',(-0.29175942813995,-0.956491733415114,0.));
#8611=DIRECTION('',(0.864378339579673,0.502842009050047,0.));
#8612=DIRECTION('',(-0.29175942813995,-0.956491733415114,0.));
#8613=DIRECTION('',(-0.312960070206961,-0.949766284122602,0.));
#8614=DIRECTION('',(-0.641891882688572,-0.766795155787072,0.));
#8615=DIRECTION('',(0.864378339579673,0.502842009050047,0.));
#8616=DIRECTION('',(0.993244773472291,0.116038010884264,0.));
#8617=DIRECTION('',(-0.29175942813995,-0.956491733415114,0.));
#8618=DIRECTION('',(-0.641891882688572,-0.766795155787072,0.));
#8619=DIRECTION('',(0.993244773472291,0.116038010884264,0.));
#8620=DIRECTION('',(-0.0671064836273153,-0.997745819262189,0.));
#8621=DIRECTION('',(0.274692088471314,-0.961532244145389,0.));
#8622=DIRECTION('',(-0.641891882688572,-0.766795155787072,0.));
#8623=DIRECTION('',(-0.841684773601754,-0.539969204572783,0.));
#8624=DIRECTION('',(0.736471673921061,-0.676468383231552,0.));
#8625=DIRECTION('',(-0.362501417129117,-0.931983220116855,0.));
#8626=DIRECTION('',(0.774349616191976,0.632757988415271,0.));
#8627=DIRECTION('center_axis',(0.,0.,-1.));
#8628=DIRECTION('ref_axis',(-1.,0.,0.));
#8629=DIRECTION('',(-0.362501417129118,0.931983220116855,0.));
#8630=DIRECTION('',(0.587785252292473,-0.809016994374947,0.));
#8631=DIRECTION('',(0.253446331658083,0.967349449252472,0.));
#8632=DIRECTION('',(0.998387812947774,-0.05676068143848,0.));
#8633=DIRECTION('',(0.587785252292473,-0.809016994374947,0.));
#8634=DIRECTION('',(-0.415777400822642,0.909466411125319,0.));
#8635=DIRECTION('',(-0.575694087877609,-0.817665162020963,0.));
#8636=DIRECTION('center_axis',(0.909466411125319,0.415777400822642,0.));
#8637=DIRECTION('ref_axis',(0.415777400822642,-0.909466411125319,0.));
#8638=DIRECTION('',(0.415777400822642,-0.909466411125319,0.));
#8639=DIRECTION('',(0.,0.,-1.));
#8640=DIRECTION('center_axis',(-0.934391917609773,-0.356246746378869,0.));
#8641=DIRECTION('ref_axis',(-0.356246746378869,0.934391917609773,0.));
#8642=DIRECTION('',(0.356246746378869,-0.934391917609773,0.));
#8643=DIRECTION('center_axis',(-0.909466411125319,0.415777400822642,0.));
#8644=DIRECTION('ref_axis',(0.415777400822642,0.909466411125319,0.));
#8645=DIRECTION('',(-0.415777400822642,-0.909466411125319,0.));
#8646=DIRECTION('center_axis',(-0.817665162020963,-0.57569408787761,0.));
#8647=DIRECTION('ref_axis',(-0.57569408787761,0.817665162020963,0.));
#8648=DIRECTION('',(-0.57569408787761,0.817665162020963,0.));
#8649=DIRECTION('',(0.,0.,1.));
#8650=DIRECTION('center_axis',(0.817665162020963,-0.575694087877609,0.));
#8651=DIRECTION('ref_axis',(-0.575694087877609,-0.817665162020963,0.));
#8652=DIRECTION('',(0.575694087877609,0.817665162020963,0.));
#8653=DIRECTION('',(0.,0.,1.));
#8654=DIRECTION('center_axis',(-0.817665162020963,-0.57569408787761,0.));
#8655=DIRECTION('ref_axis',(-0.57569408787761,0.817665162020963,0.));
#8656=DIRECTION('',(0.57569408787761,-0.817665162020963,0.));
#8657=DIRECTION('',(0.,0.,1.));
#8658=DIRECTION('center_axis',(1.,0.,0.));
#8659=DIRECTION('ref_axis',(0.,-1.,0.));
#8660=DIRECTION('',(0.,1.,0.));
#8661=DIRECTION('center_axis',(0.909466411125319,0.415777400822642,0.));
#8662=DIRECTION('ref_axis',(0.415777400822642,-0.909466411125319,0.));
#8663=DIRECTION('',(-0.415777400822642,0.909466411125319,0.));
#8664=DIRECTION('center_axis',(-0.633630127948247,-0.773636129557228,0.));
#8665=DIRECTION('ref_axis',(-0.773636129557228,0.633630127948247,0.));
#8666=DIRECTION('',(-0.773636129557228,0.633630127948247,0.));
#8667=DIRECTION('',(0.,0.,1.));
#8668=DIRECTION('center_axis',(-0.633630127948247,-0.773636129557228,0.));
#8669=DIRECTION('ref_axis',(-0.773636129557228,0.633630127948247,0.));
#8670=DIRECTION('',(0.773636129557228,-0.633630127948247,0.));
#8671=DIRECTION('',(0.,0.,1.));
#8672=DIRECTION('center_axis',(0.633630127948247,-0.773636129557228,0.));
#8673=DIRECTION('ref_axis',(-0.773636129557228,-0.633630127948247,0.));
#8674=DIRECTION('',(-0.773636129557228,-0.633630127948247,0.));
#8675=DIRECTION('',(0.,0.,1.));
#8676=DIRECTION('center_axis',(0.633630127948247,-0.773636129557228,0.));
#8677=DIRECTION('ref_axis',(-0.773636129557228,-0.633630127948247,0.));
#8678=DIRECTION('',(0.773636129557228,0.633630127948247,0.));
#8679=DIRECTION('',(0.,0.,1.));
#8680=DIRECTION('center_axis',(1.,0.,0.));
#8681=DIRECTION('ref_axis',(0.,-1.,0.));
#8682=DIRECTION('',(0.,1.,0.));
#8683=DIRECTION('center_axis',(0.909466411125319,0.415777400822642,0.));
#8684=DIRECTION('ref_axis',(0.415777400822642,-0.909466411125319,0.));
#8685=DIRECTION('',(-0.415777400822642,0.909466411125319,0.));
#8686=DIRECTION('center_axis',(0.713886242939356,-0.700261688329392,0.));
#8687=DIRECTION('ref_axis',(-0.700261688329392,-0.713886242939356,0.));
#8688=DIRECTION('',(0.700261688329392,0.713886242939356,0.));
#8689=DIRECTION('',(0.,0.,1.));
#8690=DIRECTION('center_axis',(-0.909466411125319,0.415777400822642,0.));
#8691=DIRECTION('ref_axis',(0.415777400822642,0.909466411125319,0.));
#8692=DIRECTION('',(-0.415777400822642,-0.909466411125319,0.));
#8693=DIRECTION('center_axis',(-0.909466411125319,0.415777400822642,0.));
#8694=DIRECTION('ref_axis',(0.415777400822642,0.909466411125319,0.));
#8695=DIRECTION('',(-0.415777400822642,-0.909466411125319,0.));
#8696=DIRECTION('center_axis',(0.909466411125319,0.415777400822642,0.));
#8697=DIRECTION('ref_axis',(0.415777400822642,-0.909466411125319,0.));
#8698=DIRECTION('',(-0.415777400822642,0.909466411125319,0.));
#8699=DIRECTION('center_axis',(-0.931574159940744,0.363551350610471,0.));
#8700=DIRECTION('ref_axis',(0.363551350610471,0.931574159940744,0.));
#8701=DIRECTION('',(0.363551350610471,0.931574159940744,0.));
#8702=DIRECTION('',(0.,0.,-1.));
#8703=DIRECTION('center_axis',(-0.539969204572783,-0.841684773601754,0.));
#8704=DIRECTION('ref_axis',(-0.841684773601754,0.539969204572783,0.));
#8705=DIRECTION('',(-0.841684773601754,0.539969204572783,0.));
#8706=DIRECTION('',(0.,0.,1.));
#8707=DIRECTION('center_axis',(-0.931574159940744,0.363551350610471,0.));
#8708=DIRECTION('ref_axis',(0.363551350610471,0.931574159940744,0.));
#8709=DIRECTION('',(-0.363551350610471,-0.931574159940744,0.));
#8710=DIRECTION('',(0.,0.,1.));
#8711=DIRECTION('center_axis',(-0.539969204572783,-0.841684773601754,0.));
#8712=DIRECTION('ref_axis',(-0.841684773601754,0.539969204572783,0.));
#8713=DIRECTION('',(0.841684773601754,-0.539969204572783,0.));
#8714=DIRECTION('',(0.,0.,1.));
#8715=DIRECTION('center_axis',(0.11438722952972,0.993436239383543,0.));
#8716=DIRECTION('ref_axis',(0.993436239383543,-0.11438722952972,0.));
#8717=DIRECTION('',(0.993436239383543,-0.11438722952972,0.));
#8718=DIRECTION('center_axis',(-0.309016994374947,0.951056516295154,0.));
#8719=DIRECTION('ref_axis',(0.951056516295154,0.309016994374947,0.));
#8720=DIRECTION('',(0.951056516295154,0.309016994374947,0.));
#8721=DIRECTION('center_axis',(0.676468383231552,-0.736471673921061,0.));
#8722=DIRECTION('ref_axis',(-0.736471673921061,-0.676468383231552,0.));
#8723=DIRECTION('',(0.736471673921061,0.676468383231552,0.));
#8724=DIRECTION('center_axis',(-0.886591422916257,0.462553401037465,0.));
#8725=DIRECTION('ref_axis',(0.462553401037465,0.886591422916257,0.));
#8726=DIRECTION('',(-0.462553401037465,-0.886591422916257,0.));
#8727=DIRECTION('',(0.,0.,1.));
#8728=DIRECTION('center_axis',(-0.445385460678771,-0.895338925444415,0.));
#8729=DIRECTION('ref_axis',(-0.895338925444415,0.445385460678771,0.));
#8730=DIRECTION('',(0.895338925444415,-0.445385460678771,0.));
#8731=DIRECTION('',(0.,0.,1.));
#8732=DIRECTION('center_axis',(-0.309016994374947,0.951056516295154,0.));
#8733=DIRECTION('ref_axis',(0.951056516295154,0.309016994374947,0.));
#8734=DIRECTION('',(0.951056516295154,0.309016994374947,0.));
#8735=DIRECTION('center_axis',(0.676468383231552,-0.736471673921061,0.));
#8736=DIRECTION('ref_axis',(-0.736471673921061,-0.676468383231552,0.));
#8737=DIRECTION('',(0.736471673921061,0.676468383231552,0.));
#8738=DIRECTION('center_axis',(-0.800190044441417,0.599746523772204,0.));
#8739=DIRECTION('ref_axis',(0.599746523772204,0.800190044441417,0.));
#8740=DIRECTION('',(-0.599746523772204,-0.800190044441417,0.));
#8741=DIRECTION('',(0.,0.,1.));
#8742=DIRECTION('center_axis',(-0.294845182895773,-0.955545037202935,0.));
#8743=DIRECTION('ref_axis',(-0.955545037202935,0.294845182895773,0.));
#8744=DIRECTION('',(0.955545037202935,-0.294845182895773,0.));
#8745=DIRECTION('',(0.,0.,1.));
#8746=DIRECTION('center_axis',(-0.309016994374947,0.951056516295154,0.));
#8747=DIRECTION('ref_axis',(0.951056516295154,0.309016994374947,0.));
#8748=DIRECTION('',(0.951056516295154,0.309016994374947,0.));
#8749=DIRECTION('center_axis',(0.676468383231552,-0.736471673921061,0.));
#8750=DIRECTION('ref_axis',(-0.736471673921061,-0.676468383231552,0.));
#8751=DIRECTION('',(0.736471673921061,0.676468383231552,0.));
#8752=DIRECTION('center_axis',(-0.627553771500585,0.778573223194448,0.));
#8753=DIRECTION('ref_axis',(0.778573223194448,0.627553771500585,0.));
#8754=DIRECTION('',(-0.778573223194448,-0.627553771500585,0.));
#8755=DIRECTION('',(0.,0.,1.));
#8756=DIRECTION('center_axis',(-0.0500678076045545,-0.998745820838152,0.));
#8757=DIRECTION('ref_axis',(-0.998745820838152,0.0500678076045545,0.));
#8758=DIRECTION('',(0.998745820838152,-0.0500678076045545,0.));
#8759=DIRECTION('',(0.,0.,1.));
#8760=DIRECTION('center_axis',(-0.309016994374947,0.951056516295154,0.));
#8761=DIRECTION('ref_axis',(0.951056516295154,0.309016994374947,0.));
#8762=DIRECTION('',(0.951056516295154,0.309016994374947,0.));
#8763=DIRECTION('center_axis',(0.676468383231552,-0.736471673921061,0.));
#8764=DIRECTION('ref_axis',(-0.736471673921061,-0.676468383231552,0.));
#8765=DIRECTION('',(0.736471673921061,0.676468383231552,0.));
#8766=DIRECTION('center_axis',(0.546542357054226,0.837431461043595,0.));
#8767=DIRECTION('ref_axis',(0.837431461043595,-0.546542357054226,0.));
#8768=DIRECTION('',(-0.837431461043595,0.546542357054226,0.));
#8769=DIRECTION('',(0.,0.,1.));
#8770=DIRECTION('center_axis',(-0.965335524451579,-0.261012117021022,0.));
#8771=DIRECTION('ref_axis',(-0.261012117021022,0.965335524451578,0.));
#8772=DIRECTION('',(-0.261012117021022,0.965335524451578,0.));
#8773=DIRECTION('',(0.,0.,1.));
#8774=DIRECTION('center_axis',(-0.965335524451579,-0.261012117021022,0.));
#8775=DIRECTION('ref_axis',(-0.261012117021022,0.965335524451578,0.));
#8776=DIRECTION('',(0.261012117021022,-0.965335524451578,0.));
#8777=DIRECTION('',(0.,0.,1.));
#8778=DIRECTION('center_axis',(0.809016994374947,0.587785252292473,0.));
#8779=DIRECTION('ref_axis',(0.587785252292473,-0.809016994374947,0.));
#8780=DIRECTION('',(0.587785252292473,-0.809016994374947,0.));
#8781=DIRECTION('center_axis',(-0.49138595797353,-0.870941927057388,0.));
#8782=DIRECTION('ref_axis',(-0.870941927057387,0.49138595797353,0.));
#8783=DIRECTION('',(0.870941927057387,-0.49138595797353,0.));
#8784=DIRECTION('center_axis',(0.323120517096878,0.946357824203428,0.));
#8785=DIRECTION('ref_axis',(0.946357824203428,-0.323120517096878,0.));
#8786=DIRECTION('',(-0.946357824203428,0.323120517096878,0.));
#8787=DIRECTION('',(0.,0.,1.));
#8788=DIRECTION('center_axis',(0.809016994374947,0.587785252292473,0.));
#8789=DIRECTION('ref_axis',(0.587785252292473,-0.809016994374947,0.));
#8790=DIRECTION('',(0.587785252292473,-0.809016994374947,0.));
#8791=DIRECTION('center_axis',(0.809016994374947,0.587785252292473,0.));
#8792=DIRECTION('ref_axis',(0.587785252292473,-0.809016994374947,0.));
#8793=DIRECTION('',(-0.587785252292473,0.809016994374947,0.));
#8794=DIRECTION('center_axis',(0.165942609442977,0.986135411782406,0.));
#8795=DIRECTION('ref_axis',(0.986135411782406,-0.165942609442977,0.));
#8796=DIRECTION('',(-0.986135411782406,0.165942609442977,0.));
#8797=DIRECTION('',(0.,0.,1.));
#8798=DIRECTION('center_axis',(0.165942609442977,0.986135411782406,0.));
#8799=DIRECTION('ref_axis',(0.986135411782406,-0.165942609442977,0.));
#8800=DIRECTION('',(0.986135411782406,-0.165942609442977,0.));
#8801=DIRECTION('',(0.,0.,1.));
#8802=DIRECTION('center_axis',(-0.989149595733867,0.146911800953934,0.));
#8803=DIRECTION('ref_axis',(0.146911800953934,0.989149595733866,0.));
#8804=DIRECTION('',(-0.146911800953934,-0.989149595733866,0.));
#8805=DIRECTION('',(0.,0.,1.));
#8806=DIRECTION('center_axis',(0.980161606853621,0.198199960772264,0.));
#8807=DIRECTION('ref_axis',(0.198199960772264,-0.980161606853621,0.));
#8808=DIRECTION('',(-0.198199960772264,0.980161606853621,0.));
#8809=DIRECTION('center_axis',(0.809016994374947,0.587785252292473,0.));
#8810=DIRECTION('ref_axis',(0.587785252292473,-0.809016994374947,0.));
#8811=DIRECTION('',(0.587785252292473,-0.809016994374947,0.));
#8812=DIRECTION('center_axis',(-0.49138595797353,-0.870941927057388,0.));
#8813=DIRECTION('ref_axis',(-0.870941927057387,0.49138595797353,0.));
#8814=DIRECTION('',(0.870941927057387,-0.49138595797353,0.));
#8815=DIRECTION('center_axis',(1.,0.,0.));
#8816=DIRECTION('ref_axis',(0.,-1.,0.));
#8817=DIRECTION('',(0.,-1.,0.));
#8818=DIRECTION('center_axis',(0.,-1.,0.));
#8819=DIRECTION('ref_axis',(0.,0.,-1.));
#8820=DIRECTION('',(1.,0.,0.));
#8821=DIRECTION('center_axis',(-0.309016994374947,0.951056516295154,0.));
#8822=DIRECTION('ref_axis',(0.951056516295154,0.309016994374947,0.));
#8823=DIRECTION('',(0.951056516295154,0.309016994374947,0.));
#8824=DIRECTION('center_axis',(-0.309016994374947,0.951056516295154,0.));
#8825=DIRECTION('ref_axis',(0.951056516295154,0.309016994374947,0.));
#8826=DIRECTION('',(-0.951056516295154,-0.309016994374947,0.));
#8827=DIRECTION('center_axis',(0.05676068143848,0.998387812947774,0.));
#8828=DIRECTION('ref_axis',(0.998387812947774,-0.05676068143848,0.));
#8829=DIRECTION('',(0.998387812947774,-0.05676068143848,0.));
#8830=DIRECTION('center_axis',(0.05676068143848,0.998387812947774,0.));
#8831=DIRECTION('ref_axis',(0.998387812947774,-0.05676068143848,0.));
#8832=DIRECTION('',(-0.998387812947774,0.05676068143848,0.));
#8833=DIRECTION('',(0.,0.,1.));
#8834=DIRECTION('center_axis',(-0.967349449252472,0.253446331658083,0.));
#8835=DIRECTION('ref_axis',(0.253446331658083,0.967349449252472,0.));
#8836=DIRECTION('',(0.253446331658083,0.967349449252472,0.));
#8837=DIRECTION('',(0.,0.,1.));
#8838=DIRECTION('center_axis',(-0.967349449252472,0.253446331658083,0.));
#8839=DIRECTION('ref_axis',(0.253446331658083,0.967349449252472,0.));
#8840=DIRECTION('',(-0.253446331658083,-0.967349449252472,0.));
#8841=DIRECTION('',(0.,0.,1.));
#8842=DIRECTION('center_axis',(0.980161606853621,0.198199960772264,0.));
#8843=DIRECTION('ref_axis',(0.198199960772264,-0.980161606853621,0.));
#8844=DIRECTION('',(0.198199960772264,-0.980161606853621,0.));
#8845=DIRECTION('center_axis',(-0.49138595797353,-0.870941927057388,0.));
#8846=DIRECTION('ref_axis',(-0.870941927057387,0.49138595797353,0.));
#8847=DIRECTION('',(0.870941927057387,-0.49138595797353,0.));
#8848=DIRECTION('center_axis',(0.931983220116855,-0.362501417129117,0.));
#8849=DIRECTION('ref_axis',(-0.362501417129117,-0.931983220116855,0.));
#8850=DIRECTION('',(0.362501417129117,0.931983220116855,0.));
#8851=DIRECTION('',(0.,0.,1.));
#8852=DIRECTION('center_axis',(-0.931983220116855,-0.362501417129118,0.));
#8853=DIRECTION('ref_axis',(-0.362501417129118,0.931983220116855,0.));
#8854=DIRECTION('',(0.362501417129118,-0.931983220116855,0.));
#8855=DIRECTION('',(0.,0.,1.));
#8856=DIRECTION('center_axis',(-0.632757988415271,0.774349616191976,0.));
#8857=DIRECTION('ref_axis',(0.774349616191976,0.632757988415271,0.));
#8858=DIRECTION('',(-0.774349616191976,-0.632757988415271,0.));
#8859=DIRECTION('center_axis',(0.,0.,-1.));
#8860=DIRECTION('ref_axis',(-1.,0.,0.));
#8861=DIRECTION('center_axis',(0.,0.,-1.));
#8862=DIRECTION('ref_axis',(-1.,0.,0.));
#8863=DIRECTION('center_axis',(0.627553771500585,0.778573223194448,0.));
#8864=DIRECTION('ref_axis',(0.778573223194448,-0.627553771500585,0.));
#8865=DIRECTION('',(-0.778573223194448,0.627553771500585,0.));
#8866=DIRECTION('',(0.,0.,1.));
#8867=DIRECTION('center_axis',(0.0500678076045542,-0.998745820838152,0.));
#8868=DIRECTION('ref_axis',(-0.998745820838152,-0.0500678076045542,0.));
#8869=DIRECTION('',(-0.998745820838152,-0.0500678076045542,0.));
#8870=DIRECTION('',(0.,0.,1.));
#8871=DIRECTION('center_axis',(0.0500678076045542,-0.998745820838152,0.));
#8872=DIRECTION('ref_axis',(-0.998745820838152,-0.0500678076045542,0.));
#8873=DIRECTION('',(0.998745820838152,0.0500678076045542,0.));
#8874=DIRECTION('',(0.,0.,1.));
#8875=DIRECTION('center_axis',(-0.114387229529719,0.993436239383543,0.));
#8876=DIRECTION('ref_axis',(0.993436239383543,0.114387229529719,0.));
#8877=DIRECTION('',(-0.993436239383543,-0.114387229529719,0.));
#8878=DIRECTION('center_axis',(0.309016994374947,0.951056516295154,0.));
#8879=DIRECTION('ref_axis',(0.951056516295154,-0.309016994374947,0.));
#8880=DIRECTION('',(-0.951056516295154,0.309016994374947,0.));
#8881=DIRECTION('center_axis',(-0.676468383231552,-0.736471673921061,0.));
#8882=DIRECTION('ref_axis',(-0.736471673921061,0.676468383231552,0.));
#8883=DIRECTION('',(0.736471673921061,-0.676468383231552,0.));
#8884=DIRECTION('center_axis',(0.827893873921334,0.560884777403993,0.));
#8885=DIRECTION('ref_axis',(0.560884777403993,-0.827893873921333,0.));
#8886=DIRECTION('',(-0.560884777403993,0.827893873921333,0.));
#8887=DIRECTION('',(0.,0.,1.));
#8888=DIRECTION('center_axis',(-0.114387229529719,0.993436239383543,0.));
#8889=DIRECTION('ref_axis',(0.993436239383543,0.114387229529719,0.));
#8890=DIRECTION('',(-0.993436239383543,-0.114387229529719,0.));
#8891=DIRECTION('center_axis',(0.886591422916258,0.462553401037464,0.));
#8892=DIRECTION('ref_axis',(0.462553401037464,-0.886591422916258,0.));
#8893=DIRECTION('',(-0.462553401037464,0.886591422916258,0.));
#8894=DIRECTION('',(0.,0.,1.));
#8895=DIRECTION('center_axis',(0.445385460678771,-0.895338925444415,0.));
#8896=DIRECTION('ref_axis',(-0.895338925444415,-0.445385460678771,0.));
#8897=DIRECTION('',(-0.895338925444415,-0.445385460678771,0.));
#8898=DIRECTION('',(0.,0.,1.));
#8899=DIRECTION('center_axis',(0.445385460678771,-0.895338925444415,0.));
#8900=DIRECTION('ref_axis',(-0.895338925444415,-0.445385460678771,0.));
#8901=DIRECTION('',(0.895338925444415,0.445385460678771,0.));
#8902=DIRECTION('',(0.,0.,1.));
#8903=DIRECTION('center_axis',(-0.114387229529719,0.993436239383543,0.));
#8904=DIRECTION('ref_axis',(0.993436239383543,0.114387229529719,0.));
#8905=DIRECTION('',(-0.993436239383543,-0.114387229529719,0.));
#8906=DIRECTION('center_axis',(0.309016994374947,0.951056516295154,0.));
#8907=DIRECTION('ref_axis',(0.951056516295154,-0.309016994374947,0.));
#8908=DIRECTION('',(-0.951056516295154,0.309016994374947,0.));
#8909=DIRECTION('center_axis',(-0.676468383231552,-0.736471673921061,0.));
#8910=DIRECTION('ref_axis',(-0.736471673921061,0.676468383231552,0.));
#8911=DIRECTION('',(0.736471673921061,-0.676468383231552,0.));
#8912=DIRECTION('center_axis',(0.931574159940744,0.36355135061047,0.));
#8913=DIRECTION('ref_axis',(0.36355135061047,-0.931574159940744,0.));
#8914=DIRECTION('',(-0.36355135061047,0.931574159940744,0.));
#8915=DIRECTION('',(0.,0.,1.));
#8916=DIRECTION('center_axis',(0.539969204572783,-0.841684773601754,0.));
#8917=DIRECTION('ref_axis',(-0.841684773601754,-0.539969204572783,0.));
#8918=DIRECTION('',(-0.841684773601754,-0.539969204572783,0.));
#8919=DIRECTION('',(0.,0.,1.));
#8920=DIRECTION('center_axis',(0.931574159940744,0.36355135061047,0.));
#8921=DIRECTION('ref_axis',(0.36355135061047,-0.931574159940744,0.));
#8922=DIRECTION('',(0.36355135061047,-0.931574159940744,0.));
#8923=DIRECTION('',(0.,0.,1.));
#8924=DIRECTION('center_axis',(-0.114387229529719,0.993436239383543,0.));
#8925=DIRECTION('ref_axis',(0.993436239383543,0.114387229529719,0.));
#8926=DIRECTION('',(-0.993436239383543,-0.114387229529719,0.));
#8927=DIRECTION('center_axis',(-0.676468383231552,-0.736471673921061,0.));
#8928=DIRECTION('ref_axis',(-0.736471673921061,0.676468383231552,0.));
#8929=DIRECTION('',(0.736471673921061,-0.676468383231552,0.));
#8930=DIRECTION('center_axis',(0.961532244145389,0.274692088471314,0.));
#8931=DIRECTION('ref_axis',(0.274692088471314,-0.961532244145389,0.));
#8932=DIRECTION('',(-0.274692088471314,0.961532244145389,0.));
#8933=DIRECTION('',(0.,0.,1.));
#8934=DIRECTION('center_axis',(0.809016994374947,0.587785252292473,0.));
#8935=DIRECTION('ref_axis',(0.587785252292473,-0.809016994374947,0.));
#8936=DIRECTION('',(0.587785252292473,-0.809016994374947,0.));
#8937=DIRECTION('center_axis',(0.809016994374947,0.587785252292473,0.));
#8938=DIRECTION('ref_axis',(0.587785252292473,-0.809016994374947,0.));
#8939=DIRECTION('',(-0.587785252292473,0.809016994374947,0.));
#8940=DIRECTION('center_axis',(0.961532244145389,0.274692088471314,0.));
#8941=DIRECTION('ref_axis',(0.274692088471314,-0.961532244145389,0.));
#8942=DIRECTION('',(0.274692088471314,-0.961532244145389,0.));
#8943=DIRECTION('center_axis',(0.766795155787072,-0.641891882688572,0.));
#8944=DIRECTION('ref_axis',(-0.641891882688572,-0.766795155787072,0.));
#8945=DIRECTION('',(-0.641891882688572,-0.766795155787072,0.));
#8946=DIRECTION('center_axis',(0.,0.,-1.));
#8947=DIRECTION('ref_axis',(-1.,0.,0.));
#8948=DIRECTION('',(0.,0.,1.));
#8949=DIRECTION('center_axis',(0.,0.,1.));
#8950=DIRECTION('ref_axis',(-1.,0.,0.));
#8951=DIRECTION('center_axis',(-0.00392121945206136,0.999992311989452,0.));
#8952=DIRECTION('ref_axis',(0.999992311989452,0.00392121945206136,0.));
#8953=DIRECTION('',(-0.999992311989452,-0.00392121945206136,0.));
#8954=DIRECTION('',(0.,0.,1.));
#8955=DIRECTION('center_axis',(-0.00392121945206136,0.999992311989452,0.));
#8956=DIRECTION('ref_axis',(0.999992311989452,0.00392121945206136,0.));
#8957=DIRECTION('',(-0.999992311989452,-0.00392121945206136,0.));
#8958=DIRECTION('',(0.,0.,1.));
#8959=DIRECTION('center_axis',(0.766795155787072,-0.641891882688572,0.));
#8960=DIRECTION('ref_axis',(-0.641891882688572,-0.766795155787072,0.));
#8961=DIRECTION('',(-0.641891882688572,-0.766795155787072,0.));
#8962=DIRECTION('',(0.,0.,-1.));
#8963=DIRECTION('center_axis',(-0.956491733415114,0.29175942813995,0.));
#8964=DIRECTION('ref_axis',(0.29175942813995,0.956491733415114,0.));
#8965=DIRECTION('',(-0.29175942813995,-0.956491733415114,0.));
#8966=DIRECTION('center_axis',(-0.116038010884264,0.993244773472291,0.));
#8967=DIRECTION('ref_axis',(0.993244773472291,0.116038010884264,0.));
#8968=DIRECTION('',(-0.993244773472291,-0.116038010884264,0.));
#8969=DIRECTION('',(0.,0.,1.));
#8970=DIRECTION('center_axis',(-0.116038010884264,0.993244773472291,0.));
#8971=DIRECTION('ref_axis',(0.993244773472291,0.116038010884264,0.));
#8972=DIRECTION('',(-0.993244773472291,-0.116038010884264,0.));
#8973=DIRECTION('',(0.,0.,1.));
#8974=DIRECTION('center_axis',(0.995711655242604,0.0925110783313787,0.));
#8975=DIRECTION('ref_axis',(0.0925110783313787,-0.995711655242604,0.));
#8976=DIRECTION('',(0.0925110783313787,-0.995711655242604,0.));
#8977=DIRECTION('center_axis',(0.766795155787072,-0.641891882688572,0.));
#8978=DIRECTION('ref_axis',(-0.641891882688572,-0.766795155787072,0.));
#8979=DIRECTION('',(-0.641891882688572,-0.766795155787072,0.));
#8980=DIRECTION('',(0.,0.,-1.));
#8981=DIRECTION('center_axis',(-0.956491733415114,0.29175942813995,0.));
#8982=DIRECTION('ref_axis',(0.29175942813995,0.956491733415114,0.));
#8983=DIRECTION('',(-0.29175942813995,-0.956491733415114,0.));
#8984=DIRECTION('center_axis',(-0.277320169898593,0.960777561856758,0.));
#8985=DIRECTION('ref_axis',(0.960777561856758,0.277320169898593,0.));
#8986=DIRECTION('',(-0.960777561856758,-0.277320169898593,0.));
#8987=DIRECTION('',(0.,0.,1.));
#8988=DIRECTION('center_axis',(0.997745819262189,-0.0671064836273153,0.));
#8989=DIRECTION('ref_axis',(-0.0671064836273153,-0.997745819262189,0.));
#8990=DIRECTION('',(-0.0671064836273153,-0.997745819262189,0.));
#8991=DIRECTION('center_axis',(-0.277320169898593,0.960777561856758,0.));
#8992=DIRECTION('ref_axis',(0.960777561856758,0.277320169898593,0.));
#8993=DIRECTION('',(-0.960777561856758,-0.277320169898593,0.));
#8994=DIRECTION('',(0.,0.,1.));
#8995=DIRECTION('center_axis',(0.766795155787072,-0.641891882688572,0.));
#8996=DIRECTION('ref_axis',(-0.641891882688572,-0.766795155787072,0.));
#8997=DIRECTION('',(-0.641891882688572,-0.766795155787072,0.));
#8998=DIRECTION('',(0.,0.,-1.));
#8999=DIRECTION('center_axis',(-0.956491733415114,0.29175942813995,0.));
#9000=DIRECTION('ref_axis',(0.29175942813995,0.956491733415114,0.));
#9001=DIRECTION('',(-0.29175942813995,-0.956491733415114,0.));
#9002=DIRECTION('center_axis',(0.949766284122601,-0.312960070206961,0.));
#9003=DIRECTION('ref_axis',(-0.312960070206961,-0.949766284122602,0.));
#9004=DIRECTION('',(-0.312960070206961,-0.949766284122602,0.));
#9005=DIRECTION('center_axis',(-0.502842009050047,0.864378339579673,0.));
#9006=DIRECTION('ref_axis',(0.864378339579673,0.502842009050047,0.));
#9007=DIRECTION('',(-0.864378339579673,-0.502842009050047,0.));
#9008=DIRECTION('',(0.,0.,1.));
#9009=DIRECTION('center_axis',(0.949766284122601,-0.312960070206961,0.));
#9010=DIRECTION('ref_axis',(-0.312960070206961,-0.949766284122602,0.));
#9011=DIRECTION('',(0.312960070206961,0.949766284122602,0.));
#9012=DIRECTION('',(0.,0.,1.));
#9013=DIRECTION('center_axis',(-0.502842009050047,0.864378339579673,0.));
#9014=DIRECTION('ref_axis',(0.864378339579673,0.502842009050047,0.));
#9015=DIRECTION('',(-0.864378339579673,-0.502842009050047,0.));
#9016=DIRECTION('',(0.,0.,1.));
#9017=DIRECTION('center_axis',(0.766795155787072,-0.641891882688572,0.));
#9018=DIRECTION('ref_axis',(-0.641891882688572,-0.766795155787072,0.));
#9019=DIRECTION('',(-0.641891882688572,-0.766795155787072,0.));
#9020=DIRECTION('center_axis',(-0.956491733415114,0.29175942813995,0.));
#9021=DIRECTION('ref_axis',(0.29175942813995,0.956491733415114,0.));
#9022=DIRECTION('',(-0.29175942813995,-0.956491733415114,0.));
#9023=DIRECTION('center_axis',(0.545207533168845,-0.838301106867898,0.));
#9024=DIRECTION('ref_axis',(-0.838301106867898,-0.545207533168845,0.));
#9025=DIRECTION('',(-0.838301106867898,-0.545207533168845,0.));
#9026=DIRECTION('center_axis',(0.309016994374947,0.951056516295154,0.));
#9027=DIRECTION('ref_axis',(0.951056516295154,-0.309016994374947,0.));
#9028=DIRECTION('',(0.951056516295154,-0.309016994374947,0.));
#9029=DIRECTION('center_axis',(-0.0806906608751728,0.996739192189977,0.));
#9030=DIRECTION('ref_axis',(0.996739192189977,0.0806906608751728,0.));
#9031=DIRECTION('',(-0.996739192189977,-0.0806906608751728,0.));
#9032=DIRECTION('',(0.,0.,1.));
#9033=DIRECTION('center_axis',(-0.956491733415114,0.29175942813995,0.));
#9034=DIRECTION('ref_axis',(0.29175942813995,0.956491733415114,0.));
#9035=DIRECTION('',(-0.29175942813995,-0.956491733415114,0.));
#9036=DIRECTION('center_axis',(0.,0.,1.));
#9037=DIRECTION('ref_axis',(1.,0.,0.));
#9038=DIRECTION('center_axis',(0.,0.,1.));
#9039=DIRECTION('ref_axis',(1.,0.,0.));
#9040=DIRECTION('center_axis',(0.,0.,1.));
#9041=DIRECTION('ref_axis',(1.,0.,0.));
#9042=DIRECTION('center_axis',(0.,0.,1.));
#9043=DIRECTION('ref_axis',(1.,0.,0.));
#9044=DIRECTION('center_axis',(0.,0.,1.));
#9045=DIRECTION('ref_axis',(1.,0.,0.));
#9046=DIRECTION('center_axis',(0.,0.,1.));
#9047=DIRECTION('ref_axis',(1.,0.,0.));
#9048=DIRECTION('center_axis',(0.,0.,1.));
#9049=DIRECTION('ref_axis',(1.,0.,0.));
#9050=DIRECTION('center_axis',(0.,0.,1.));
#9051=DIRECTION('ref_axis',(1.,0.,0.));
#9052=DIRECTION('center_axis',(0.,0.,1.));
#9053=DIRECTION('ref_axis',(1.,0.,0.));
#9054=DIRECTION('center_axis',(0.,0.,1.));
#9055=DIRECTION('ref_axis',(1.,0.,0.));
#9056=DIRECTION('center_axis',(0.,0.,1.));
#9057=DIRECTION('ref_axis',(1.,0.,0.));
#9058=DIRECTION('center_axis',(0.,0.,1.));
#9059=DIRECTION('ref_axis',(1.,0.,0.));
#9060=DIRECTION('center_axis',(0.,0.,1.));
#9061=DIRECTION('ref_axis',(1.,0.,0.));
#9062=DIRECTION('center_axis',(0.,0.,1.));
#9063=DIRECTION('ref_axis',(1.,0.,0.));
#9064=DIRECTION('center_axis',(0.,0.,1.));
#9065=DIRECTION('ref_axis',(1.,0.,0.));
#9066=DIRECTION('center_axis',(0.,0.,1.));
#9067=DIRECTION('ref_axis',(1.,0.,0.));
#9068=DIRECTION('center_axis',(0.,0.,1.));
#9069=DIRECTION('ref_axis',(1.,0.,0.));
#9070=DIRECTION('center_axis',(0.,0.,1.));
#9071=DIRECTION('ref_axis',(1.,0.,0.));
#9072=DIRECTION('center_axis',(0.,0.,1.));
#9073=DIRECTION('ref_axis',(1.,0.,0.));
#9074=DIRECTION('center_axis',(0.,0.,1.));
#9075=DIRECTION('ref_axis',(1.,0.,0.));
#9076=DIRECTION('center_axis',(0.,0.,1.));
#9077=DIRECTION('ref_axis',(1.,0.,0.));
#9078=DIRECTION('center_axis',(0.,0.,1.));
#9079=DIRECTION('ref_axis',(1.,0.,0.));
#9080=DIRECTION('center_axis',(0.,0.,1.));
#9081=DIRECTION('ref_axis',(1.,0.,0.));
#9082=DIRECTION('center_axis',(0.,0.,1.));
#9083=DIRECTION('ref_axis',(1.,0.,0.));
#9084=DIRECTION('center_axis',(0.,0.,1.));
#9085=DIRECTION('ref_axis',(1.,0.,0.));
#9086=DIRECTION('center_axis',(0.,0.,1.));
#9087=DIRECTION('ref_axis',(1.,0.,0.));
#9088=DIRECTION('center_axis',(0.,0.,1.));
#9089=DIRECTION('ref_axis',(1.,0.,0.));
#9090=DIRECTION('center_axis',(0.,0.,1.));
#9091=DIRECTION('ref_axis',(1.,0.,0.));
#9092=DIRECTION('center_axis',(0.,0.,1.));
#9093=DIRECTION('ref_axis',(1.,0.,0.));
#9094=DIRECTION('center_axis',(0.,0.,1.));
#9095=DIRECTION('ref_axis',(1.,0.,0.));
#9096=DIRECTION('center_axis',(0.,0.,1.));
#9097=DIRECTION('ref_axis',(1.,0.,0.));
#9098=DIRECTION('center_axis',(0.,0.,1.));
#9099=DIRECTION('ref_axis',(1.,0.,0.));
#9100=DIRECTION('center_axis',(0.,0.,1.));
#9101=DIRECTION('ref_axis',(1.,0.,0.));
#9102=DIRECTION('center_axis',(0.,0.,1.));
#9103=DIRECTION('ref_axis',(1.,0.,0.));
#9104=DIRECTION('center_axis',(0.,0.,1.));
#9105=DIRECTION('ref_axis',(1.,0.,0.));
#9106=DIRECTION('center_axis',(0.,0.,1.));
#9107=DIRECTION('ref_axis',(1.,0.,0.));
#9108=DIRECTION('center_axis',(0.,0.,1.));
#9109=DIRECTION('ref_axis',(1.,0.,0.));
#9110=DIRECTION('center_axis',(0.,0.,1.));
#9111=DIRECTION('ref_axis',(1.,0.,0.));
#9112=DIRECTION('center_axis',(0.,0.,1.));
#9113=DIRECTION('ref_axis',(1.,0.,0.));
#9114=DIRECTION('center_axis',(0.,0.,1.));
#9115=DIRECTION('ref_axis',(1.,0.,0.));
#9116=DIRECTION('center_axis',(0.,0.,1.));
#9117=DIRECTION('ref_axis',(1.,0.,0.));
#9118=DIRECTION('center_axis',(0.,0.,1.));
#9119=DIRECTION('ref_axis',(1.,0.,0.));
#9120=DIRECTION('center_axis',(0.,0.,1.));
#9121=DIRECTION('ref_axis',(1.,0.,0.));
#9122=DIRECTION('center_axis',(0.,0.,1.));
#9123=DIRECTION('ref_axis',(1.,0.,0.));
#9124=DIRECTION('center_axis',(0.,0.,1.));
#9125=DIRECTION('ref_axis',(1.,0.,0.));
#9126=DIRECTION('center_axis',(0.,0.,1.));
#9127=DIRECTION('ref_axis',(1.,0.,0.));
#9128=DIRECTION('center_axis',(0.,0.,1.));
#9129=DIRECTION('ref_axis',(1.,0.,0.));
#9130=DIRECTION('center_axis',(0.,0.,1.));
#9131=DIRECTION('ref_axis',(1.,0.,0.));
#9132=DIRECTION('center_axis',(0.,0.,1.));
#9133=DIRECTION('ref_axis',(1.,0.,0.));
#9134=DIRECTION('center_axis',(0.,0.,1.));
#9135=DIRECTION('ref_axis',(1.,0.,0.));
#9136=DIRECTION('center_axis',(0.,0.,1.));
#9137=DIRECTION('ref_axis',(1.,0.,0.));
#9138=DIRECTION('center_axis',(0.,0.,1.));
#9139=DIRECTION('ref_axis',(1.,0.,0.));
#9140=DIRECTION('center_axis',(0.,0.,1.));
#9141=DIRECTION('ref_axis',(1.,0.,0.));
#9142=DIRECTION('center_axis',(0.,0.,1.));
#9143=DIRECTION('ref_axis',(1.,0.,0.));
#9144=DIRECTION('center_axis',(0.,0.,1.));
#9145=DIRECTION('ref_axis',(1.,0.,0.));
#9146=DIRECTION('center_axis',(0.,0.,1.));
#9147=DIRECTION('ref_axis',(1.,0.,0.));
#9148=DIRECTION('center_axis',(0.,0.,1.));
#9149=DIRECTION('ref_axis',(1.,0.,0.));
#9150=DIRECTION('',(-0.993436239383543,0.11438722952972,0.));
#9151=DIRECTION('',(-0.415777400822642,0.909466411125319,0.));
#9152=DIRECTION('',(-0.415777400822642,-0.909466411125319,0.));
#9153=DIRECTION('',(-0.993436239383543,-0.114387229529719,0.));
#9154=DIRECTION('',(0.736471673921061,-0.676468383231552,0.));
#9155=DIRECTION('',(-0.29175942813995,-0.956491733415114,0.));
#9156=DIRECTION('',(0.91292753852072,0.40812168456295,0.));
#9157=DIRECTION('',(0.870941927057388,-0.49138595797353,0.));
#9158=DIRECTION('',(-0.198199960772264,0.980161606853621,0.));
#9159=DIRECTION('',(0.736471673921061,0.676468383231552,0.));
#9160=DIRECTION('center_axis',(0.,0.,1.));
#9161=DIRECTION('ref_axis',(1.,0.,0.));
#9162=DIRECTION('center_axis',(0.,0.,1.));
#9163=DIRECTION('ref_axis',(1.,0.,0.));
#9164=DIRECTION('center_axis',(0.112830868172108,0.979919470242581,-0.164398987305359));
#9165=DIRECTION('ref_axis',(0.,0.165455551974907,0.986217248034468));
#9166=DIRECTION('',(-0.993436239383543,0.114387229529719,0.));
#9167=DIRECTION('',(-0.0188051446953489,-0.163319911707099,-0.986393923832143));
#9168=DIRECTION('',(-0.993436239383543,0.114387229529719,0.));
#9169=DIRECTION('',(0.110476124720457,0.152057340708959,0.982177983363133));
#9170=DIRECTION('center_axis',(-0.897092141863441,0.410120301838176,-0.164398987305356));
#9171=DIRECTION('ref_axis',(-0.180255834433683,0.,0.983619760960818));
#9172=DIRECTION('',(-0.415777400822642,-0.909466411125319,0.));
#9173=DIRECTION('',(0.149515356977238,-0.0683533836396958,-0.986393923832144));
#9174=DIRECTION('',(-0.415777400822642,-0.909466411125319,0.));
#9175=DIRECTION('',(-0.110476124720457,0.152057340708959,0.982177983363133));
#9176=DIRECTION('center_axis',(-0.667264302884157,-0.726451184230223,-0.164398987305356));
#9177=DIRECTION('ref_axis',(-0.239223900351155,0.,0.970964430605355));
#9178=DIRECTION('',(0.736471673921061,-0.676468383231552,0.));
#9179=DIRECTION('',(0.111210717147356,0.121075197371705,-0.986393923832144));
#9180=DIRECTION('',(0.736471673921061,-0.676468383231552,0.));
#9181=DIRECTION('',(-0.186452175969505,-0.0507774593273281,0.981150974978111));
#9182=DIRECTION('center_axis',(-0.943477634036343,0.287789727137987,-0.164398987305356));
#9183=DIRECTION('ref_axis',(-0.171661357649735,0.,0.985156017232727));
#9184=DIRECTION('',(-0.29175942813995,-0.956491733415114,0.));
#9185=DIRECTION('',(-0.157246272339391,0.0479649545229998,0.986393923832144));
#9186=DIRECTION('',(-0.29175942813995,-0.956491733415114,0.));
#9187=DIRECTION('center_axis',(0.,0.,1.));
#9188=DIRECTION('ref_axis',(-0.951056516295156,0.309016994374939,0.));
#9189=DIRECTION('center_axis',(0.,0.,1.));
#9190=DIRECTION('ref_axis',(-0.951056516295156,0.309016994374939,0.));
#9191=DIRECTION('',(0.0188051446953489,-0.163319911707093,-0.986393923832144));
#9192=DIRECTION('center_axis',(0.,0.,1.));
#9193=DIRECTION('ref_axis',(-0.951056516295156,0.309016994374939,0.));
#9194=DIRECTION('center_axis',(0.,0.,1.));
#9195=DIRECTION('ref_axis',(-0.661811982008526,-0.749669860985452,0.));
#9196=DIRECTION('',(0.0670947916395054,-0.150084362815978,0.986393923832144));
#9197=DIRECTION('center_axis',(0.,0.,1.));
#9198=DIRECTION('ref_axis',(-0.661811982008526,-0.749669860985452,0.));
#9199=DIRECTION('center_axis',(0.,0.,1.));
#9200=DIRECTION('ref_axis',(-0.661811982008526,-0.749669860985452,0.));
#9201=DIRECTION('center_axis',(-0.112830868172108,0.979919470242581,-0.164398987305358));
#9202=DIRECTION('ref_axis',(0.,0.165455551974906,0.986217248034468));
#9203=DIRECTION('',(-0.993436239383543,-0.114387229529719,0.));
#9204=DIRECTION('',(-0.993436239383543,-0.114387229529719,0.));
#9205=DIRECTION('center_axis',(0.402568749837033,-0.900506176895873,-0.164398987305357));
#9206=DIRECTION('ref_axis',(0.,0.179594524184034,-0.983740721370784));
#9207=DIRECTION('',(0.91292753852072,0.40812168456295,0.));
#9208=DIRECTION('',(0.91292753852072,0.40812168456295,0.));
#9209=DIRECTION('',(-0.00855518498606325,-0.183287893401268,0.983022053131251));
#9210=DIRECTION('center_axis',(-0.484700123201528,-0.859091824860066,-0.164398987305356));
#9211=DIRECTION('ref_axis',(-0.321203761240293,0.,0.947010107530584));
#9212=DIRECTION('',(0.870941927057387,-0.49138595797353,0.));
#9213=DIRECTION('',(-0.0807833538669196,-0.14318197081001,0.986393923832144));
#9214=DIRECTION('',(0.870941927057387,-0.49138595797353,0.));
#9215=DIRECTION('center_axis',(0.,0.,1.));
#9216=DIRECTION('ref_axis',(6.67558543603207E-16,1.,0.));
#9217=DIRECTION('center_axis',(0.,0.,1.));
#9218=DIRECTION('ref_axis',(6.67558543603207E-16,1.,0.));
#9219=DIRECTION('',(-0.149515356977239,-0.0683533836396958,-0.986393923832144));
#9220=DIRECTION('center_axis',(0.,0.,1.));
#9221=DIRECTION('ref_axis',(6.67558543603207E-16,1.,0.));
#9222=DIRECTION('center_axis',(0.,0.,1.));
#9223=DIRECTION('ref_axis',(0.587785252292491,-0.809016994374934,0.));
#9224=DIRECTION('',(0.161137575562331,0.0325838728349241,0.986393923832143));
#9225=DIRECTION('center_axis',(0.,0.,1.));
#9226=DIRECTION('ref_axis',(0.587785252292491,-0.809016994374934,0.));
#9227=DIRECTION('center_axis',(0.,0.,1.));
#9228=DIRECTION('ref_axis',(0.587785252292491,-0.809016994374934,0.));
#9229=DIRECTION('center_axis',(0.897092141863441,0.410120301838176,-0.164398987305356));
#9230=DIRECTION('ref_axis',(-0.180255834433684,0.,-0.983619760960818));
#9231=DIRECTION('',(-0.415777400822642,0.909466411125319,0.));
#9232=DIRECTION('',(-0.415777400822642,0.909466411125319,0.));
#9233=DIRECTION('center_axis',(0.966825453373963,0.195503237009531,-0.164398987305356));
#9234=DIRECTION('ref_axis',(-0.167633807477592,0.,-0.98584933260137));
#9235=DIRECTION('',(-0.198199960772264,0.980161606853621,0.));
#9236=DIRECTION('',(-0.198199960772264,0.980161606853621,0.));
#9237=DIRECTION('',(0.178754124743074,-0.0580807359118977,0.982177983363133));
#9238=DIRECTION('center_axis',(0.667264302884157,-0.726451184230223,-0.164398987305356));
#9239=DIRECTION('ref_axis',(-0.239223900351154,0.,-0.970964430605355));
#9240=DIRECTION('',(0.736471673921061,0.676468383231552,0.));
#9241=DIRECTION('',(0.111210717147359,-0.121075197371703,0.986393923832144));
#9242=DIRECTION('',(0.736471673921061,0.676468383231552,0.));
#9243=DIRECTION('center_axis',(0.,0.,1.));
#9244=DIRECTION('ref_axis',(0.951056516295158,0.309016994374935,0.));
#9245=DIRECTION('center_axis',(0.,0.,1.));
#9246=DIRECTION('ref_axis',(0.951056516295158,0.309016994374935,0.));
#9247=DIRECTION('center_axis',(0.,0.,1.));
#9248=DIRECTION('ref_axis',(0.951056516295158,0.309016994374935,0.));
#9249=DIRECTION('center_axis',(0.,0.,-1.));
#9250=DIRECTION('ref_axis',(-1.,0.,0.));
#9251=DIRECTION('',(-0.415777400822642,0.909466411125319,0.));
#9252=DIRECTION('',(-0.415777400822642,-0.909466411125319,0.));
#9253=DIRECTION('',(-0.993436239383543,-0.114387229529719,0.));
#9254=DIRECTION('',(0.736471673921061,-0.676468383231553,0.));
#9255=DIRECTION('',(-0.29175942813995,-0.956491733415114,0.));
#9256=DIRECTION('',(0.912927538520719,0.40812168456295,0.));
#9257=DIRECTION('',(0.870941927057387,-0.49138595797353,0.));
#9258=DIRECTION('',(-0.198199960772264,0.980161606853621,0.));
#9259=DIRECTION('',(0.736471673921061,0.676468383231552,0.));
#9260=DIRECTION('',(-0.993436239383543,0.114387229529719,0.));
#9261=DIRECTION('center_axis',(0.,0.,1.));
#9262=DIRECTION('ref_axis',(1.,0.,0.));
#9263=DIRECTION('',(0.707106781186547,8.65956056235493E-17,-0.707106781186548));
#9264=DIRECTION('center_axis',(0.,0.,-1.));
#9265=DIRECTION('ref_axis',(1.,0.,0.));
#9266=DIRECTION('center_axis',(0.,0.,1.));
#9267=DIRECTION('ref_axis',(1.,0.,0.));
#9268=DIRECTION('',(0.,0.,-1.));
#9269=DIRECTION('center_axis',(0.,0.,1.));
#9270=DIRECTION('ref_axis',(1.,0.,0.));
#9271=DIRECTION('center_axis',(0.,0.,1.));
#9272=DIRECTION('ref_axis',(1.,0.,0.));
#9273=DIRECTION('center_axis',(0.,0.,-1.));
#9274=DIRECTION('ref_axis',(1.,0.,0.));
#9275=DIRECTION('center_axis',(0.,0.,-1.));
#9276=DIRECTION('ref_axis',(1.,0.,0.));
#9277=DIRECTION('',(0.,0.,1.));
#9278=DIRECTION('center_axis',(0.,0.,1.));
#9279=DIRECTION('ref_axis',(1.,0.,0.));
#9280=DIRECTION('center_axis',(0.,0.,1.));
#9281=DIRECTION('ref_axis',(1.,0.,0.));
#9282=DIRECTION('center_axis',(-0.114387229529719,-0.993436239383543,0.));
#9283=DIRECTION('ref_axis',(-0.993436239383543,0.114387229529719,0.));
#9284=DIRECTION('',(0.993436239383543,-0.114387229529719,0.));
#9285=DIRECTION('',(0.,0.,-1.));
#9286=DIRECTION('',(0.,0.,-1.));
#9287=DIRECTION('center_axis',(-0.676468383231552,0.736471673921061,0.));
#9288=DIRECTION('ref_axis',(0.736471673921061,0.676468383231552,0.));
#9289=DIRECTION('',(-0.736471673921061,-0.676468383231552,0.));
#9290=DIRECTION('',(0.,0.,-1.));
#9291=DIRECTION('center_axis',(-0.980161606853621,-0.198199960772264,0.));
#9292=DIRECTION('ref_axis',(-0.198199960772264,0.980161606853621,0.));
#9293=DIRECTION('',(0.198199960772264,-0.980161606853621,0.));
#9294=DIRECTION('',(0.,0.,-1.));
#9295=DIRECTION('center_axis',(0.491385957973531,0.870941927057388,0.));
#9296=DIRECTION('ref_axis',(0.870941927057387,-0.49138595797353,0.));
#9297=DIRECTION('',(-0.870941927057387,0.49138595797353,0.));
#9298=DIRECTION('',(0.,0.,-1.));
#9299=DIRECTION('center_axis',(-0.40812168456295,0.91292753852072,0.));
#9300=DIRECTION('ref_axis',(0.912927538520719,0.40812168456295,0.));
#9301=DIRECTION('',(-0.912927538520719,-0.40812168456295,0.));
#9302=DIRECTION('',(0.,0.,-1.));
#9303=DIRECTION('center_axis',(0.956491733415114,-0.29175942813995,0.));
#9304=DIRECTION('ref_axis',(-0.29175942813995,-0.956491733415114,0.));
#9305=DIRECTION('',(0.29175942813995,0.956491733415114,0.));
#9306=DIRECTION('',(0.,0.,-1.));
#9307=DIRECTION('center_axis',(0.676468383231553,0.736471673921061,0.));
#9308=DIRECTION('ref_axis',(0.736471673921061,-0.676468383231553,0.));
#9309=DIRECTION('',(-0.736471673921061,0.676468383231553,0.));
#9310=DIRECTION('',(0.,0.,-1.));
#9311=DIRECTION('center_axis',(0.114387229529719,-0.993436239383543,0.));
#9312=DIRECTION('ref_axis',(-0.993436239383543,-0.114387229529719,0.));
#9313=DIRECTION('',(0.993436239383543,0.114387229529719,0.));
#9314=DIRECTION('',(0.,0.,-1.));
#9315=DIRECTION('center_axis',(0.909466411125319,-0.415777400822642,0.));
#9316=DIRECTION('ref_axis',(-0.415777400822642,-0.909466411125319,0.));
#9317=DIRECTION('',(0.415777400822642,0.909466411125319,0.));
#9318=DIRECTION('',(0.,0.,-1.));
#9319=DIRECTION('center_axis',(-0.909466411125319,-0.415777400822642,0.));
#9320=DIRECTION('ref_axis',(-0.415777400822642,0.909466411125319,0.));
#9321=DIRECTION('',(0.415777400822642,-0.909466411125319,0.));
#9322=DIRECTION('center_axis',(0.,0.,1.));
#9323=DIRECTION('ref_axis',(1.,0.,0.));
#9324=DIRECTION('',(0.993436239383543,-0.11438722952972,0.));
#9325=DIRECTION('',(-0.736471673921061,-0.676468383231552,0.));
#9326=DIRECTION('',(-0.198199960772264,0.980161606853621,0.));
#9327=DIRECTION('',(-0.870941927057388,0.49138595797353,0.));
#9328=DIRECTION('',(0.91292753852072,0.40812168456295,0.));
#9329=DIRECTION('',(-0.29175942813995,-0.956491733415114,0.));
#9330=DIRECTION('',(0.736471673921061,-0.676468383231552,0.));
#9331=DIRECTION('',(-0.993436239383543,-0.114387229529719,0.));
#9332=DIRECTION('',(-0.415777400822642,-0.909466411125319,0.));
#9333=DIRECTION('',(-0.415777400822642,0.909466411125319,0.));
#9334=DIRECTION('center_axis',(0.,0.,1.));
#9335=DIRECTION('ref_axis',(1.,0.,0.));
#9336=DIRECTION('',(0.,0.,-1.));
#9337=DIRECTION('center_axis',(0.,0.,-1.));
#9338=DIRECTION('ref_axis',(1.,0.,0.));
#9339=DIRECTION('center_axis',(0.676468383231552,-0.736471673921061,0.));
#9340=DIRECTION('ref_axis',(0.736471673921061,0.676468383231552,0.));
#9341=DIRECTION('',(0.,0.,1.));
#9342=DIRECTION('',(0.,0.,1.));
#9343=DIRECTION('center_axis',(0.980161606853621,0.198199960772264,0.));
#9344=DIRECTION('ref_axis',(-0.198199960772264,0.980161606853621,0.));
#9345=DIRECTION('',(0.,0.,1.));
#9346=DIRECTION('center_axis',(-0.49138595797353,-0.870941927057388,0.));
#9347=DIRECTION('ref_axis',(0.870941927057388,-0.49138595797353,0.));
#9348=DIRECTION('',(0.,0.,1.));
#9349=DIRECTION('center_axis',(0.40812168456295,-0.91292753852072,0.));
#9350=DIRECTION('ref_axis',(0.91292753852072,0.40812168456295,0.));
#9351=DIRECTION('',(0.,0.,1.));
#9352=DIRECTION('center_axis',(-0.956491733415114,0.29175942813995,0.));
#9353=DIRECTION('ref_axis',(-0.29175942813995,-0.956491733415114,0.));
#9354=DIRECTION('',(0.,0.,1.));
#9355=DIRECTION('center_axis',(-0.676468383231552,-0.736471673921061,0.));
#9356=DIRECTION('ref_axis',(0.736471673921061,-0.676468383231552,0.));
#9357=DIRECTION('',(0.,0.,1.));
#9358=DIRECTION('center_axis',(-0.114387229529719,0.993436239383543,0.));
#9359=DIRECTION('ref_axis',(-0.993436239383543,-0.114387229529719,0.));
#9360=DIRECTION('',(0.,0.,1.));
#9361=DIRECTION('center_axis',(-0.909466411125319,0.415777400822642,0.));
#9362=DIRECTION('ref_axis',(-0.415777400822642,-0.909466411125319,0.));
#9363=DIRECTION('',(0.,0.,1.));
#9364=DIRECTION('center_axis',(0.909466411125319,0.415777400822642,0.));
#9365=DIRECTION('ref_axis',(-0.415777400822642,0.909466411125319,0.));
#9366=DIRECTION('',(0.,0.,1.));
#9367=DIRECTION('center_axis',(0.11438722952972,0.993436239383543,0.));
#9368=DIRECTION('ref_axis',(-0.993436239383543,0.11438722952972,0.));
#9369=DIRECTION('center_axis',(0.,0.,1.));
#9370=DIRECTION('ref_axis',(1.,0.,0.));
#9371=CARTESIAN_POINT('',(0.,0.,0.));
#9372=CARTESIAN_POINT('Origin',(-155.000007362105,80.5300038249698,0.));
#9373=CARTESIAN_POINT('',(-157.079262759536,75.9828402043978,0.));
#9374=CARTESIAN_POINT('',(-157.079262759536,75.9828402043978,4.));
#9375=CARTESIAN_POINT('',(-157.079262759536,75.9828402043978,0.));
#9376=CARTESIAN_POINT('',(-152.920739786309,75.9828457731484,0.));
#9377=CARTESIAN_POINT('Origin',(-155.000007362105,80.5300038249698,0.));
#9378=CARTESIAN_POINT('',(-152.920739786309,75.9828457731484,4.));
#9379=CARTESIAN_POINT('',(-152.920739786309,75.9828457731484,0.));
#9380=CARTESIAN_POINT('Origin',(-155.000007362105,80.5300038249698,4.));
#9381=CARTESIAN_POINT('Origin',(-155.000007362105,80.5300038249698,4.));
#9382=CARTESIAN_POINT('',(-158.326594964562,73.2544409654257,4.));
#9383=CARTESIAN_POINT('',(-155.000187881123,80.5305832139756,4.));
#9384=CARTESIAN_POINT('',(-151.673407581111,73.2544465338003,4.));
#9385=CARTESIAN_POINT('',(-143.701244648397,55.8162346517299,4.));
#9386=CARTESIAN_POINT('Origin',(-155.000007362105,80.5300038249698,4.));
#9387=CARTESIAN_POINT('Origin',(-155.000007362105,80.5300038249698,0.));
#9388=CARTESIAN_POINT('',(-158.326594964562,73.2544409654257,0.));
#9389=CARTESIAN_POINT('',(-158.326594964562,73.2544409654257,0.));
#9390=CARTESIAN_POINT('',(-151.673407581111,73.2544465338003,0.));
#9391=CARTESIAN_POINT('',(-151.673407581111,73.2544465338003,0.));
#9392=CARTESIAN_POINT('Origin',(-155.000007362105,80.5300038249698,0.));
#9393=CARTESIAN_POINT('Origin',(-155.000007362105,80.5300038249698,0.));
#9394=CARTESIAN_POINT('',(-155.355532383764,72.5379076068944,3.));
#9395=CARTESIAN_POINT('',(-155.355532383764,72.5379076068944,4.));
#9396=CARTESIAN_POINT('',(-155.355532383764,72.5379076068944,0.));
#9397=CARTESIAN_POINT('',(-154.644467909717,72.5379082488523,3.));
#9398=CARTESIAN_POINT('Origin',(-155.000007362105,80.5300038249698,3.));
#9399=CARTESIAN_POINT('',(-154.644467909717,72.5379082488523,4.));
#9400=CARTESIAN_POINT('',(-154.644467909717,72.5379082488523,0.));
#9401=CARTESIAN_POINT('Origin',(-155.000007362105,80.5300038249698,4.));
#9402=CARTESIAN_POINT('Origin',(-155.000007362105,80.5300038249698,4.));
#9403=CARTESIAN_POINT('',(-155.,73.3155948031232,4.));
#9404=CARTESIAN_POINT('',(-163.922230179553,53.7992174228784,4.));
#9405=CARTESIAN_POINT('',(-156.364013008259,76.2992202067522,4.));
#9406=CARTESIAN_POINT('Origin',(-175.572483830237,28.3155948031232,0.));
#9407=CARTESIAN_POINT('',(-155.,73.3155948031232,23.));
#9408=CARTESIAN_POINT('',(-155.,73.3155948031232,0.));
#9409=CARTESIAN_POINT('',(-174.986029182516,29.5983985406395,23.));
#9410=CARTESIAN_POINT('',(-155.,73.3155948031232,23.));
#9411=CARTESIAN_POINT('',(-174.986029182516,29.5983985406395,3.));
#9412=CARTESIAN_POINT('',(-174.986029182516,29.5983985406395,0.));
#9413=CARTESIAN_POINT('',(-155.,73.3155948031232,3.));
#9414=CARTESIAN_POINT('Origin',(-155.,73.3155948031232,0.));
#9415=CARTESIAN_POINT('',(-135.013970817484,29.5983985406395,3.));
#9416=CARTESIAN_POINT('',(-134.427516169763,28.3155948031232,3.));
#9417=CARTESIAN_POINT('',(-135.013970817484,29.5983985406395,23.));
#9418=CARTESIAN_POINT('',(-135.013970817484,29.5983985406395,0.));
#9419=CARTESIAN_POINT('',(-134.427516169763,28.3155948031232,23.));
#9420=CARTESIAN_POINT('Origin',(-155.,80.5309941828497,0.));
#9421=CARTESIAN_POINT('',(-177.597137486348,31.1022914906107,0.));
#9422=CARTESIAN_POINT('',(-155.,80.5309941828497,0.));
#9423=CARTESIAN_POINT('',(-177.597137486348,31.1022914906107,23.));
#9424=CARTESIAN_POINT('',(-177.597137486348,31.1022914906107,0.));
#9425=CARTESIAN_POINT('',(-155.,80.5309941828497,23.));
#9426=CARTESIAN_POINT('',(-155.,80.5309941828497,23.));
#9427=CARTESIAN_POINT('',(-155.,80.5309941828497,0.));
#9428=CARTESIAN_POINT('',(-155.,80.5309941828497,0.));
#9429=CARTESIAN_POINT('',(-155.,80.5309941828497,0.));
#9430=CARTESIAN_POINT('Origin',(-118.983056570474,-11.7026143183594,0.));
#9431=CARTESIAN_POINT('',(-121.433460587608,-12.1981142202901,23.));
#9432=CARTESIAN_POINT('',(-120.674227528553,-9.86143513355676,23.));
#9433=CARTESIAN_POINT('Origin',(-118.983056570474,-11.7026143183594,23.));
#9434=CARTESIAN_POINT('',(-120.674227528553,-9.86143513355676,3.));
#9435=CARTESIAN_POINT('',(-120.674227528553,-9.86143513355675,0.));
#9436=CARTESIAN_POINT('',(-121.433460587608,-12.1981142202901,3.));
#9437=CARTESIAN_POINT('Origin',(-118.983056570474,-11.7026143183594,3.));
#9438=CARTESIAN_POINT('',(-121.433460587608,-12.1981142202901,0.));
#9439=CARTESIAN_POINT('Origin',(-85.2727258164346,22.6557647468726,0.));
#9440=CARTESIAN_POINT('',(-85.2727258164346,22.6557647468726,23.));
#9441=CARTESIAN_POINT('',(-85.2727258164346,22.6557647468726,23.));
#9442=CARTESIAN_POINT('',(-85.2727258164346,22.6557647468726,3.));
#9443=CARTESIAN_POINT('',(-85.2727258164346,22.6557647468726,0.));
#9444=CARTESIAN_POINT('',(-85.2727258164346,22.6557647468726,3.));
#9445=CARTESIAN_POINT('Origin',(-155.,7.69002565750713,23.));
#9446=CARTESIAN_POINT('',(-78.4104732186737,24.8854457764106,23.));
#9447=CARTESIAN_POINT('',(-132.402862513652,31.1022914906107,23.));
#9448=CARTESIAN_POINT('',(-132.402862513652,31.1022914906107,23.));
#9449=CARTESIAN_POINT('',(-132.402862513652,31.1022914906107,23.));
#9450=CARTESIAN_POINT('',(-231.589526781326,24.8854457764106,23.));
#9451=CARTESIAN_POINT('',(-177.597137486348,31.1022914906107,23.));
#9452=CARTESIAN_POINT('',(-191.707592484464,-11.7471479393898,23.));
#9453=CARTESIAN_POINT('',(-231.589526781326,24.8854457764106,23.));
#9454=CARTESIAN_POINT('',(-206.876896938835,-61.4775522137755,23.));
#9455=CARTESIAN_POINT('',(-191.707592484464,-11.7471479393898,23.));
#9456=CARTESIAN_POINT('',(-155.156652975647,-38.3561628355273,23.));
#9457=CARTESIAN_POINT('',(-206.876896938835,-61.4775522137755,23.));
#9458=CARTESIAN_POINT('',(-107.66506926687,-65.1509428678354,23.));
#9459=CARTESIAN_POINT('',(-107.66506926687,-65.1509428678354,23.));
#9460=CARTESIAN_POINT('',(-118.437063498635,-11.8800182214067,23.));
#9461=CARTESIAN_POINT('',(-107.66506926687,-65.1509428678354,23.));
#9462=CARTESIAN_POINT('',(-78.4104732186737,24.8854457764106,23.));
#9463=CARTESIAN_POINT('',(-111.906174611674,-59.3135621484342,23.));
#9464=CARTESIAN_POINT('',(-111.906174611674,-59.3135621484342,23.));
#9465=CARTESIAN_POINT('',(-153.902079251438,-35.6194475452959,23.));
#9466=CARTESIAN_POINT('',(-111.906174611674,-59.3135621484342,23.));
#9467=CARTESIAN_POINT('',(-156.150848357779,-35.5144835166376,23.));
#9468=CARTESIAN_POINT('Origin',(-155.130544146372,-37.7968023629394,23.));
#9469=CARTESIAN_POINT('',(-202.084566280585,-56.0490227280093,23.));
#9470=CARTESIAN_POINT('',(-202.084566280585,-56.0490227280093,23.));
#9471=CARTESIAN_POINT('',(-188.74626074857,-12.3212876536952,23.));
#9472=CARTESIAN_POINT('',(-188.28697807033,-10.8155948031232,23.));
#9473=CARTESIAN_POINT('',(-189.446319124029,-9.75070989854268,23.));
#9474=CARTESIAN_POINT('Origin',(-191.137490082108,-11.5918890833453,23.));
#9475=CARTESIAN_POINT('',(-224.727274183565,22.6557647468726,23.));
#9476=CARTESIAN_POINT('',(-224.727274183565,22.6557647468726,23.));
#9477=CARTESIAN_POINT('',(-176.973727136505,28.1542514442373,23.));
#9478=CARTESIAN_POINT('',(-175.572483830237,28.3155948031232,23.));
#9479=CARTESIAN_POINT('Origin',(-177.259695210329,30.6378420426961,23.));
#9480=CARTESIAN_POINT('',(-133.026272863495,28.1542514442373,23.));
#9481=CARTESIAN_POINT('Origin',(-132.740304789671,30.6378420426961,23.));
#9482=CARTESIAN_POINT('',(-134.427516169763,28.3155948031232,23.));
#9483=CARTESIAN_POINT('Origin',(-155.130544146372,-37.7968023629394,0.));
#9484=CARTESIAN_POINT('',(-153.902079251438,-35.6194475452959,3.));
#9485=CARTESIAN_POINT('',(-153.902079251438,-35.6194475452959,0.));
#9486=CARTESIAN_POINT('',(-156.150848357779,-35.5144835166376,3.));
#9487=CARTESIAN_POINT('Origin',(-155.130544146372,-37.7968023629394,3.));
#9488=CARTESIAN_POINT('',(-156.150848357779,-35.5144835166376,0.));
#9489=CARTESIAN_POINT('Origin',(-155.,-35.,0.));
#9490=CARTESIAN_POINT('',(-202.084566280585,-56.0490227280093,3.));
#9491=CARTESIAN_POINT('',(-202.084566280585,-56.0490227280093,3.));
#9492=CARTESIAN_POINT('',(-202.084566280585,-56.0490227280093,0.));
#9493=CARTESIAN_POINT('Origin',(-132.740304789671,30.6378420426961,0.));
#9494=CARTESIAN_POINT('',(-133.026272863495,28.1542514442373,3.));
#9495=CARTESIAN_POINT('Origin',(-132.740304789671,30.6378420426961,3.));
#9496=CARTESIAN_POINT('',(-133.026272863495,28.1542514442373,0.));
#9497=CARTESIAN_POINT('Origin',(-134.427516169763,28.3155948031232,0.));
#9498=CARTESIAN_POINT('',(-134.427516169763,28.3155948031232,3.));
#9499=CARTESIAN_POINT('Origin',(-191.137490082108,-11.5918890833453,0.));
#9500=CARTESIAN_POINT('',(-188.74626074857,-12.3212876536952,3.));
#9501=CARTESIAN_POINT('',(-188.74626074857,-12.3212876536952,0.));
#9502=CARTESIAN_POINT('',(-189.446319124029,-9.75070989854268,3.));
#9503=CARTESIAN_POINT('Origin',(-191.137490082108,-11.5918890833453,3.));
#9504=CARTESIAN_POINT('',(-189.446319124029,-9.75070989854267,0.));
#9505=CARTESIAN_POINT('Origin',(-188.28697807033,-10.8155948031232,0.));
#9506=CARTESIAN_POINT('',(-224.727274183565,22.6557647468726,3.));
#9507=CARTESIAN_POINT('',(-224.727274183565,22.6557647468726,3.));
#9508=CARTESIAN_POINT('',(-224.727274183565,22.6557647468726,0.));
#9509=CARTESIAN_POINT('Origin',(-177.259695210329,30.6378420426961,0.));
#9510=CARTESIAN_POINT('',(-176.973727136505,28.1542514442373,3.));
#9511=CARTESIAN_POINT('',(-176.973727136505,28.1542514442373,0.));
#9512=CARTESIAN_POINT('Origin',(-177.259695210329,30.6378420426961,3.));
#9513=CARTESIAN_POINT('Origin',(-155.,0.118993166450501,6.));
#9514=CARTESIAN_POINT('',(-152.499999962747,-9.94044816867618,6.));
#9515=CARTESIAN_POINT('',(-157.500000037253,-9.94044816867618,6.));
#9516=CARTESIAN_POINT('Origin',(-155.,0.,6.));
#9517=CARTESIAN_POINT('',(-157.500000037253,-8.00000011920929,6.));
#9518=CARTESIAN_POINT('',(-157.500000037253,-14.0000002086163,6.));
#9519=CARTESIAN_POINT('',(-152.499999962747,-8.00000011920929,6.));
#9520=CARTESIAN_POINT('',(-157.500000037253,-8.00000011920929,6.));
#9521=CARTESIAN_POINT('',(-152.499999962747,-8.00000011920929,6.));
#9522=CARTESIAN_POINT('',(-159.000000059605,-4.89858726958405E-16,6.));
#9523=CARTESIAN_POINT('Origin',(-155.,0.,6.));
#9524=CARTESIAN_POINT('Origin',(-157.500000037253,-8.00000011920929,3.));
#9525=CARTESIAN_POINT('',(-152.499999962747,-8.00000011920929,3.));
#9526=CARTESIAN_POINT('',(-157.500000037253,-8.00000011920929,3.));
#9527=CARTESIAN_POINT('',(-156.250000018626,-8.00000011920929,3.));
#9528=CARTESIAN_POINT('',(-152.499999962747,-8.00000011920929,3.));
#9529=CARTESIAN_POINT('',(-157.500000037253,-8.00000011920929,3.));
#9530=CARTESIAN_POINT('Origin',(-202.084566280585,-56.0490227280093,0.));
#9531=CARTESIAN_POINT('',(-188.28697807033,-10.8155948031232,3.));
#9532=CARTESIAN_POINT('Origin',(-224.727274183565,22.6557647468726,0.));
#9533=CARTESIAN_POINT('',(-175.572483830237,28.3155948031232,3.));
#9534=CARTESIAN_POINT('Origin',(-111.906174611674,-59.3135621484342,0.));
#9535=CARTESIAN_POINT('',(-111.906174611674,-59.3135621484342,3.));
#9536=CARTESIAN_POINT('',(-111.906174611674,-59.3135621484342,0.));
#9537=CARTESIAN_POINT('',(-111.906174611674,-59.3135621484342,3.));
#9538=CARTESIAN_POINT('Origin',(-121.71302192967,-10.8155948031232,0.));
#9539=CARTESIAN_POINT('',(-111.906174611674,-59.3135621484342,3.));
#9540=CARTESIAN_POINT('Origin',(-118.437063498635,-11.8800182214067,0.));
#9541=CARTESIAN_POINT('',(-78.4104732186737,24.8854457764106,0.));
#9542=CARTESIAN_POINT('',(-118.437063498635,-11.8800182214067,0.));
#9543=CARTESIAN_POINT('',(-78.4104732186737,24.8854457764106,0.));
#9544=CARTESIAN_POINT('',(-78.4104732186737,24.8854457764106,0.));
#9545=CARTESIAN_POINT('',(-118.437063498635,-11.8800182214067,0.));
#9546=CARTESIAN_POINT('Origin',(-107.66506926687,-65.1509428678354,0.));
#9547=CARTESIAN_POINT('',(-107.66506926687,-65.1509428678354,0.));
#9548=CARTESIAN_POINT('',(-107.66506926687,-65.1509428678354,0.));
#9549=CARTESIAN_POINT('',(-107.66506926687,-65.1509428678354,0.));
#9550=CARTESIAN_POINT('Origin',(-155.156652975647,-38.3561628355273,0.));
#9551=CARTESIAN_POINT('',(-155.156652975647,-38.3561628355273,0.));
#9552=CARTESIAN_POINT('',(-107.66506926687,-65.1509428678354,0.));
#9553=CARTESIAN_POINT('',(-155.156652975647,-38.3561628355273,0.));
#9554=CARTESIAN_POINT('Origin',(-206.876896938835,-61.4775522137755,0.));
#9555=CARTESIAN_POINT('',(-206.876896938835,-61.4775522137755,0.));
#9556=CARTESIAN_POINT('',(-206.876896938835,-61.4775522137755,0.));
#9557=CARTESIAN_POINT('',(-206.876896938835,-61.4775522137755,0.));
#9558=CARTESIAN_POINT('Origin',(-191.707592484464,-11.7471479393898,0.));
#9559=CARTESIAN_POINT('',(-191.707592484464,-11.7471479393898,0.));
#9560=CARTESIAN_POINT('',(-191.707592484464,-11.7471479393898,0.));
#9561=CARTESIAN_POINT('',(-191.707592484464,-11.7471479393898,0.));
#9562=CARTESIAN_POINT('Origin',(-231.589526781326,24.8854457764106,0.));
#9563=CARTESIAN_POINT('',(-231.589526781326,24.8854457764106,0.));
#9564=CARTESIAN_POINT('',(-231.589526781326,24.8854457764106,0.));
#9565=CARTESIAN_POINT('',(-231.589526781326,24.8854457764106,0.));
#9566=CARTESIAN_POINT('Origin',(-177.597137486348,31.1022914906107,0.));
#9567=CARTESIAN_POINT('',(-177.597137486348,31.1022914906107,0.));
#9568=CARTESIAN_POINT('Origin',(-132.402862513652,31.1022914906107,0.));
#9569=CARTESIAN_POINT('',(-132.402862513652,31.1022914906107,0.));
#9570=CARTESIAN_POINT('',(-132.402862513652,31.1022914906107,0.));
#9571=CARTESIAN_POINT('',(-132.402862513652,31.1022914906107,0.));
#9572=CARTESIAN_POINT('',(-132.402862513652,31.1022914906107,0.));
#9573=CARTESIAN_POINT('Origin',(-78.4104732186737,24.8854457764106,0.));
#9574=CARTESIAN_POINT('',(-132.402862513652,31.1022914906107,0.));
#9575=CARTESIAN_POINT('Origin',(-155.,0.,0.));
#9576=CARTESIAN_POINT('',(-159.000000059605,-4.89858726958405E-16,0.));
#9577=CARTESIAN_POINT('',(-159.000000059605,-4.89858726958405E-16,0.));
#9578=CARTESIAN_POINT('Origin',(-155.,0.,0.));
#9579=CARTESIAN_POINT('Origin',(-155.,7.00101632734446,3.));
#9580=CARTESIAN_POINT('',(-152.499999962747,-13.0120133709384,3.));
#9581=CARTESIAN_POINT('',(-152.499999962747,-0.499491895932413,3.));
#9582=CARTESIAN_POINT('',(-157.500000037253,-13.0120133709384,3.));
#9583=CARTESIAN_POINT('',(-157.500000037253,-3.00549852179698,3.));
#9584=CARTESIAN_POINT('Origin',(-155.,0.,3.));
#9585=CARTESIAN_POINT('Origin',(-155.,7.00101632734446,0.));
#9586=CARTESIAN_POINT('Origin',(-155.,0.,6.));
#9587=CARTESIAN_POINT('',(-152.499999962747,-9.94044816867618,11.));
#9588=CARTESIAN_POINT('',(-152.499999962747,-9.94044816867618,6.));
#9589=CARTESIAN_POINT('',(-157.500000037253,-9.94044816867618,11.));
#9590=CARTESIAN_POINT('Origin',(-155.,0.,11.));
#9591=CARTESIAN_POINT('',(-157.500000037253,-9.94044816867618,6.));
#9592=CARTESIAN_POINT('Origin',(-157.500000037253,-13.0120133709384,6.));
#9593=CARTESIAN_POINT('',(-157.500000037253,-13.0120133709384,11.));
#9594=CARTESIAN_POINT('',(-157.500000037253,-14.0000002086163,11.));
#9595=CARTESIAN_POINT('',(-157.500000037253,-13.0120133709384,6.));
#9596=CARTESIAN_POINT('Origin',(-155.,0.,6.));
#9597=CARTESIAN_POINT('',(-152.499999962747,-13.0120133709384,11.));
#9598=CARTESIAN_POINT('Origin',(-155.,0.,11.));
#9599=CARTESIAN_POINT('',(-152.499999962747,-13.0120133709384,6.));
#9600=CARTESIAN_POINT('Origin',(-152.499999962747,-9.94044816867618,6.));
#9601=CARTESIAN_POINT('',(-152.499999962747,-8.00000011920929,11.));
#9602=CARTESIAN_POINT('Origin',(-155.,0.118993166450501,11.));
#9603=CARTESIAN_POINT('Origin',(-145.499999858439,50.0000002607701,3.5));
#9604=CARTESIAN_POINT('',(-145.499999858439,50.0000002607701,3.5));
#9605=CARTESIAN_POINT('',(-164.500000141561,50.0000002607701,3.5));
#9606=CARTESIAN_POINT('',(-145.499999858439,50.0000002607701,3.5));
#9607=CARTESIAN_POINT('',(-164.500000141561,50.0000002607701,13.5));
#9608=CARTESIAN_POINT('',(-164.500000141561,50.0000002607701,3.5));
#9609=CARTESIAN_POINT('',(-145.499999858439,50.0000002607701,13.5));
#9610=CARTESIAN_POINT('',(-145.499999858439,50.0000002607701,13.5));
#9611=CARTESIAN_POINT('',(-145.499999858439,50.0000002607701,3.5));
#9612=CARTESIAN_POINT('Origin',(-145.499999858439,14.9999997392299,3.5));
#9613=CARTESIAN_POINT('',(-145.499999858439,14.9999997392299,3.5));
#9614=CARTESIAN_POINT('',(-145.499999858439,14.9999997392299,3.5));
#9615=CARTESIAN_POINT('',(-145.499999858439,14.9999997392299,13.5));
#9616=CARTESIAN_POINT('',(-145.499999858439,14.9999997392299,13.5));
#9617=CARTESIAN_POINT('',(-145.499999858439,14.9999997392299,3.5));
#9618=CARTESIAN_POINT('Origin',(-164.500000141561,14.9999997392299,3.5));
#9619=CARTESIAN_POINT('',(-164.500000141561,14.9999997392299,3.5));
#9620=CARTESIAN_POINT('',(-164.500000141561,14.9999997392299,3.5));
#9621=CARTESIAN_POINT('',(-164.500000141561,14.9999997392299,13.5));
#9622=CARTESIAN_POINT('',(-164.500000141561,14.9999997392299,13.5));
#9623=CARTESIAN_POINT('',(-164.500000141561,14.9999997392299,3.5));
#9624=CARTESIAN_POINT('Origin',(-164.500000141561,50.0000002607701,3.5));
#9625=CARTESIAN_POINT('',(-164.500000141561,50.0000002607701,3.5));
#9626=CARTESIAN_POINT('',(-164.500000141561,50.0000002607701,13.5));
#9627=CARTESIAN_POINT('Origin',(-155.,32.5,13.5));
#9628=CARTESIAN_POINT('Origin',(-155.,32.5,3.5));
#9629=CARTESIAN_POINT('Origin',(-155.,0.,6.5));
#9630=CARTESIAN_POINT('',(-147.75,8.87868929381831E-16,6.5));
#9631=CARTESIAN_POINT('Origin',(-155.,0.,6.5));
#9632=CARTESIAN_POINT('',(-147.75,8.87868929381831E-16,8.5));
#9633=CARTESIAN_POINT('',(-147.75,8.87868929381831E-16,6.5));
#9634=CARTESIAN_POINT('Origin',(-155.,0.,8.5));
#9635=CARTESIAN_POINT('Origin',(-155.,0.,8.5));
#9636=CARTESIAN_POINT('Origin',(-155.,0.,11.5));
#9637=CARTESIAN_POINT('',(-147.75,8.87868929381831E-16,11.5));
#9638=CARTESIAN_POINT('Origin',(-155.,0.,11.5));
#9639=CARTESIAN_POINT('',(-147.75,8.87868929381831E-16,9.5));
#9640=CARTESIAN_POINT('',(-147.75,-8.87868929381831E-16,11.5));
#9641=CARTESIAN_POINT('Origin',(-155.,0.,9.5));
#9642=CARTESIAN_POINT('Origin',(-155.,0.,9.5));
#9643=CARTESIAN_POINT('Origin',(-155.,0.,6.5));
#9644=CARTESIAN_POINT('',(-165.000000149012,-1.22464681739601E-15,11.5));
#9645=CARTESIAN_POINT('Origin',(-155.,0.,11.5));
#9646=CARTESIAN_POINT('',(-165.000000149012,-1.22464681739601E-15,6.5));
#9647=CARTESIAN_POINT('',(-165.000000149012,-1.22464681739601E-15,6.5));
#9648=CARTESIAN_POINT('Origin',(-155.,0.,6.5));
#9649=CARTESIAN_POINT('Origin',(-155.,0.,11.5));
#9650=CARTESIAN_POINT('Origin',(-155.,0.,6.5));
#9651=CARTESIAN_POINT('Origin',(-155.,55.500003144145,26.5));
#9652=CARTESIAN_POINT('',(-155.,51.3123717304775,26.));
#9653=CARTESIAN_POINT('',(-155.,55.500003144145,26.));
#9654=CARTESIAN_POINT('',(-155.,31.5950144008261,26.));
#9655=CARTESIAN_POINT('',(-155.,51.3123717304774,25.5));
#9656=CARTESIAN_POINT('',(-155.,51.3123717304775,26.5));
#9657=CARTESIAN_POINT('',(-155.,55.500003144145,25.5));
#9658=CARTESIAN_POINT('',(-155.,55.500003144145,25.5));
#9659=CARTESIAN_POINT('',(-155.,55.500003144145,26.5));
#9660=CARTESIAN_POINT('Origin',(-154.,55.500003144145,26.5));
#9661=CARTESIAN_POINT('',(-154.,55.500003144145,26.));
#9662=CARTESIAN_POINT('',(-154.,53.9352501907232,26.));
#9663=CARTESIAN_POINT('',(-154.,31.5950144008261,26.));
#9664=CARTESIAN_POINT('',(-154.,55.500003144145,25.5));
#9665=CARTESIAN_POINT('',(-154.,55.500003144145,26.5));
#9666=CARTESIAN_POINT('',(-154.,53.9352501907232,25.5));
#9667=CARTESIAN_POINT('',(-154.,55.500003144145,25.5));
#9668=CARTESIAN_POINT('',(-154.,53.9352501907232,26.5));
#9669=CARTESIAN_POINT('Origin',(-151.776617909383,59.7669111850978,26.5));
#9670=CARTESIAN_POINT('',(-153.043749745991,56.4433783845672,26.));
#9671=CARTESIAN_POINT('',(-160.648683123646,36.4965624367125,26.));
#9672=CARTESIAN_POINT('',(-153.043749745991,56.4433783845672,25.5));
#9673=CARTESIAN_POINT('',(-155.93439191761,48.861575296351,25.5));
#9674=CARTESIAN_POINT('',(-153.043749745991,56.4433783845672,26.5));
#9675=CARTESIAN_POINT('Origin',(-154.06560808239,48.861575296351,26.5));
#9676=CARTESIAN_POINT('',(-158.074221449433,59.3756809522201,26.));
#9677=CARTESIAN_POINT('',(-157.496026543144,57.8591459866919,26.));
#9678=CARTESIAN_POINT('',(-147.272429872241,31.0438944923392,26.));
#9679=CARTESIAN_POINT('',(-158.074221449433,59.37568095222,25.5));
#9680=CARTESIAN_POINT('',(-158.074221449433,59.3756809522201,26.5));
#9681=CARTESIAN_POINT('',(-157.496026543144,57.8591459866919,25.5));
#9682=CARTESIAN_POINT('',(-158.223382090617,59.7669111850978,25.5));
#9683=CARTESIAN_POINT('',(-157.496026543144,57.8591459866919,26.5));
#9684=CARTESIAN_POINT('Origin',(-155.,58.0000008642673,26.5));
#9685=CARTESIAN_POINT('',(-155.,60.5000009015203,26.));
#9686=CARTESIAN_POINT('Origin',(-155.,58.0000008642673,26.));
#9687=CARTESIAN_POINT('',(-155.,60.5000009015203,25.5));
#9688=CARTESIAN_POINT('Origin',(-155.,58.0000008642673,25.5));
#9689=CARTESIAN_POINT('',(-155.,60.5000009015203,26.5));
#9690=CARTESIAN_POINT('Origin',(-151.776617909383,59.7669111850978,26.5));
#9691=CARTESIAN_POINT('',(-152.503973456856,57.859145986692,26.));
#9692=CARTESIAN_POINT('',(-151.925778550567,59.37568095222,26.));
#9693=CARTESIAN_POINT('',(-160.648683123646,36.4965624367125,26.));
#9694=CARTESIAN_POINT('',(-152.503973456856,57.859145986692,25.5));
#9695=CARTESIAN_POINT('',(-152.503973456856,57.859145986692,26.5));
#9696=CARTESIAN_POINT('',(-151.925778550567,59.37568095222,25.5));
#9697=CARTESIAN_POINT('',(-155.93439191761,48.861575296351,25.5));
#9698=CARTESIAN_POINT('',(-151.925778550567,59.37568095222,26.5));
#9699=CARTESIAN_POINT('Origin',(-155.909466411125,68.0895511491495,26.5));
#9700=CARTESIAN_POINT('',(-154.,63.9128076304914,26.));
#9701=CARTESIAN_POINT('',(-144.411251478245,42.9384961647671,26.));
#9702=CARTESIAN_POINT('',(-154.,63.9128076304914,25.5));
#9703=CARTESIAN_POINT('',(-143.03075189546,39.9188082292711,25.5));
#9704=CARTESIAN_POINT('',(-154.,63.9128076304914,26.5));
#9705=CARTESIAN_POINT('Origin',(-154.96021331233,-33.0129194706864,25.5));
#9706=CARTESIAN_POINT('',(-154.96021331233,-33.0129194706864,26.));
#9707=CARTESIAN_POINT('',(-155.013419387047,-32.8152447231632,26.));
#9708=CARTESIAN_POINT('',(-160.069312089407,-14.0312558878636,26.));
#9709=CARTESIAN_POINT('',(-154.96021331233,-33.0129194706864,25.5));
#9710=CARTESIAN_POINT('',(-154.96021331233,-33.0129194706864,25.5));
#9711=CARTESIAN_POINT('',(-155.013419387047,-32.8152447231632,25.5));
#9712=CARTESIAN_POINT('',(-159.146304476373,-17.4604751610554,25.5));
#9713=CARTESIAN_POINT('',(-155.013419387047,-32.8152447231632,25.5));
#9714=CARTESIAN_POINT('Origin',(-154.895564682902,-32.7625581096485,26.5));
#9715=CARTESIAN_POINT('',(-198.889679175085,-52.4300030708318,26.));
#9716=CARTESIAN_POINT('',(-147.403061217109,-29.4130555401368,26.));
#9717=CARTESIAN_POINT('',(-198.889679175085,-52.4300030708318,25.5));
#9718=CARTESIAN_POINT('',(-198.889679175085,-52.4300030708318,25.5));
#9719=CARTESIAN_POINT('',(-198.889679175085,-52.4300030708318,26.5));
#9720=CARTESIAN_POINT('Origin',(-198.889679175085,-52.4300030708318,26.5));
#9721=CARTESIAN_POINT('',(-186.006568460908,-10.1945593789455,26.));
#9722=CARTESIAN_POINT('',(-188.632943847725,-18.804757041967,26.));
#9723=CARTESIAN_POINT('',(-186.006568460908,-10.1945593789455,25.5));
#9724=CARTESIAN_POINT('',(-183.985418733967,-3.56850784690808,25.5));
#9725=CARTESIAN_POINT('',(-186.006568460908,-10.1945593789455,25.5));
#9726=CARTESIAN_POINT('Origin',(-186.006568460908,-10.1945593789454,26.5));
#9727=CARTESIAN_POINT('',(-220.152439118391,21.1693107271807,26.));
#9728=CARTESIAN_POINT('',(-182.052782331811,-13.826214750229,26.));
#9729=CARTESIAN_POINT('',(-220.152439118391,21.1693107271807,25.5));
#9730=CARTESIAN_POINT('',(-196.119631658309,-0.905447858551056,25.5));
#9731=CARTESIAN_POINT('',(-220.152439118391,21.1693107271807,26.5));
#9732=CARTESIAN_POINT('Origin',(-220.152439118391,21.1693107271807,26.5));
#9733=CARTESIAN_POINT('',(-174.222714726162,26.4577970114648,26.));
#9734=CARTESIAN_POINT('',(-188.768329937323,24.782971230152,26.));
#9735=CARTESIAN_POINT('',(-174.222714726162,26.4577970114648,25.5));
#9736=CARTESIAN_POINT('',(-174.222714726162,26.4577970114648,25.5));
#9737=CARTESIAN_POINT('',(-174.222714726162,26.4577970114648,26.5));
#9738=CARTESIAN_POINT('Origin',(-174.222714726162,26.4577970114648,26.5));
#9739=CARTESIAN_POINT('',(-155.,68.5053285499721,26.));
#9740=CARTESIAN_POINT('',(-176.109572295961,22.3305077963361,26.));
#9741=CARTESIAN_POINT('',(-155.,68.5053285499721,25.5));
#9742=CARTESIAN_POINT('',(-155.,68.5053285499721,25.5));
#9743=CARTESIAN_POINT('',(-155.,68.5053285499721,26.5));
#9744=CARTESIAN_POINT('Origin',(-154.286113757061,29.2055902383015,26.5));
#9745=CARTESIAN_POINT('',(-166.278012712726,41.4308080873489,26.));
#9746=CARTESIAN_POINT('',(-155.,29.9333661203063,26.));
#9747=CARTESIAN_POINT('',(-149.083254012247,23.9015016987349,26.));
#9748=CARTESIAN_POINT('',(-166.278012712726,41.4308080873489,25.5));
#9749=CARTESIAN_POINT('',(-166.278012712726,41.4308080873489,26.5));
#9750=CARTESIAN_POINT('',(-155.,29.9333661203063,25.5));
#9751=CARTESIAN_POINT('',(-166.75943578174,41.921597904542,25.5));
#9752=CARTESIAN_POINT('',(-155.,29.9333661203063,26.5));
#9753=CARTESIAN_POINT('Origin',(-155.,55.500003144145,26.5));
#9754=CARTESIAN_POINT('',(-155.,38.5053285499722,26.));
#9755=CARTESIAN_POINT('',(-155.,31.5950144008261,26.));
#9756=CARTESIAN_POINT('',(-155.,38.5053285499721,25.5));
#9757=CARTESIAN_POINT('',(-155.,55.500003144145,25.5));
#9758=CARTESIAN_POINT('',(-155.,38.5053285499722,26.5));
#9759=CARTESIAN_POINT('Origin',(-150.842225991774,59.410664438719,26.5));
#9760=CARTESIAN_POINT('',(-151.342225991774,58.0992252085961,26.));
#9761=CARTESIAN_POINT('',(-154.,51.1282070102179,26.));
#9762=CARTESIAN_POINT('',(-159.714291206036,36.1403156903337,26.));
#9763=CARTESIAN_POINT('',(-151.342225991774,58.0992252085961,25.5));
#9764=CARTESIAN_POINT('',(-151.342225991774,58.0992252085961,26.5));
#9765=CARTESIAN_POINT('',(-154.,51.1282070102179,25.5));
#9766=CARTESIAN_POINT('',(-155.,48.5053285499721,25.5));
#9767=CARTESIAN_POINT('',(-154.,51.1282070102179,26.5));
#9768=CARTESIAN_POINT('Origin',(-154.,55.500003144145,26.5));
#9769=CARTESIAN_POINT('',(-154.,41.6626740921542,26.));
#9770=CARTESIAN_POINT('',(-154.,31.5950144008261,26.));
#9771=CARTESIAN_POINT('',(-154.,41.6626740921542,25.5));
#9772=CARTESIAN_POINT('',(-154.,55.500003144145,25.5));
#9773=CARTESIAN_POINT('',(-154.,41.6626740921542,26.5));
#9774=CARTESIAN_POINT('Origin',(-155.,48.5053285499721,26.5));
#9775=CARTESIAN_POINT('',(-155.,48.5053285499722,26.));
#9776=CARTESIAN_POINT('',(-158.657774008226,58.0992252085961,26.));
#9777=CARTESIAN_POINT('',(-148.206821789851,30.6876477459603,26.));
#9778=CARTESIAN_POINT('',(-155.,48.5053285499721,25.5));
#9779=CARTESIAN_POINT('',(-155.,48.5053285499722,26.5));
#9780=CARTESIAN_POINT('',(-158.657774008226,58.0992252085961,25.5));
#9781=CARTESIAN_POINT('',(-159.157774008226,59.410664438719,25.5));
#9782=CARTESIAN_POINT('',(-158.657774008226,58.0992252085961,26.5));
#9783=CARTESIAN_POINT('Origin',(-173.313248315037,26.0420196106421,26.5));
#9784=CARTESIAN_POINT('',(-162.167401793684,50.4223082330443,26.));
#9785=CARTESIAN_POINT('',(-175.200105884836,21.9147303955135,26.));
#9786=CARTESIAN_POINT('',(-162.167401793684,50.4223082330443,25.5));
#9787=CARTESIAN_POINT('',(-176.629982060508,18.7870367034813,25.5));
#9788=CARTESIAN_POINT('',(-162.167401793684,50.4223082330443,26.5));
#9789=CARTESIAN_POINT('Origin',(-174.222714726162,26.4577970114648,26.5));
#9790=CARTESIAN_POINT('',(-173.422213899208,25.8036696219798,26.));
#9791=CARTESIAN_POINT('',(-155.,10.7500003681053,26.));
#9792=CARTESIAN_POINT('',(-163.861700423308,17.9913182644921,26.));
#9793=CARTESIAN_POINT('',(-173.422213899208,25.8036696219798,25.5));
#9794=CARTESIAN_POINT('',(-173.422213899208,25.8036696219798,26.5));
#9795=CARTESIAN_POINT('',(-155.,10.7500003681053,25.5));
#9796=CARTESIAN_POINT('',(-174.222714726162,26.4577970114648,25.5));
#9797=CARTESIAN_POINT('',(-155.,10.7500003681053,26.5));
#9798=CARTESIAN_POINT('Origin',(-155.,55.500003144145,26.5));
#9799=CARTESIAN_POINT('',(-155.,18.5053285499722,26.));
#9800=CARTESIAN_POINT('',(-155.,31.5950144008261,26.));
#9801=CARTESIAN_POINT('',(-155.,18.5053285499721,25.5));
#9802=CARTESIAN_POINT('',(-155.,55.500003144145,25.5));
#9803=CARTESIAN_POINT('',(-155.,18.5053285499722,26.5));
#9804=CARTESIAN_POINT('Origin',(-155.,28.5053285499721,26.5));
#9805=CARTESIAN_POINT('',(-155.,28.5053285499721,26.));
#9806=CARTESIAN_POINT('',(-166.723322024679,40.456743934316,26.));
#9807=CARTESIAN_POINT('',(-149.797140255186,23.2012400104055,26.));
#9808=CARTESIAN_POINT('',(-155.,28.5053285499721,25.5));
#9809=CARTESIAN_POINT('',(-155.,28.5053285499721,26.5));
#9810=CARTESIAN_POINT('',(-166.723322024679,40.456743934316,25.5));
#9811=CARTESIAN_POINT('',(-167.473322024679,41.2213362162126,25.5));
#9812=CARTESIAN_POINT('',(-166.723322024679,40.456743934316,26.5));
#9813=CARTESIAN_POINT('Origin',(-173.313248315037,26.0420196106421,26.5));
#9814=CARTESIAN_POINT('',(-170.40114982441,32.4119083007766,26.));
#9815=CARTESIAN_POINT('',(-175.200105884836,21.9147303955135,26.));
#9816=CARTESIAN_POINT('',(-170.40114982441,32.4119083007766,25.5));
#9817=CARTESIAN_POINT('',(-176.629982060508,18.7870367034813,25.5));
#9818=CARTESIAN_POINT('',(-170.40114982441,32.4119083007766,26.5));
#9819=CARTESIAN_POINT('Origin',(-155.,10.7500003681053,26.5));
#9820=CARTESIAN_POINT('',(-154.,11.567148042985,26.));
#9821=CARTESIAN_POINT('',(-136.577786100792,25.8036696219798,26.));
#9822=CARTESIAN_POINT('',(-155.749656939773,10.1374199428123,26.));
#9823=CARTESIAN_POINT('',(-154.,11.567148042985,25.5));
#9824=CARTESIAN_POINT('',(-154.,11.567148042985,26.5));
#9825=CARTESIAN_POINT('',(-136.577786100792,25.8036696219798,25.5));
#9826=CARTESIAN_POINT('',(-155.,10.7500003681053,25.5));
#9827=CARTESIAN_POINT('',(-136.577786100792,25.8036696219798,26.5));
#9828=CARTESIAN_POINT('Origin',(-155.909466411125,68.0895511491495,26.5));
#9829=CARTESIAN_POINT('',(-139.168903967094,31.4714492127081,26.));
#9830=CARTESIAN_POINT('',(-144.411251478245,42.9384961647671,26.));
#9831=CARTESIAN_POINT('',(-139.168903967094,31.4714492127081,25.5));
#9832=CARTESIAN_POINT('',(-143.03075189546,39.9188082292711,25.5));
#9833=CARTESIAN_POINT('',(-139.168903967094,31.4714492127081,26.5));
#9834=CARTESIAN_POINT('Origin',(-142.526677975321,41.2213362162126,26.5));
#9835=CARTESIAN_POINT('',(-143.276677975321,40.456743934316,26.));
#9836=CARTESIAN_POINT('',(-154.,29.5247849258343,26.));
#9837=CARTESIAN_POINT('',(-153.966198732474,29.5592438435257,26.));
#9838=CARTESIAN_POINT('',(-143.276677975321,40.456743934316,25.5));
#9839=CARTESIAN_POINT('',(-143.276677975321,40.456743934316,26.5));
#9840=CARTESIAN_POINT('',(-154.,29.5247849258342,25.5));
#9841=CARTESIAN_POINT('',(-142.526677975321,41.2213362162126,25.5));
#9842=CARTESIAN_POINT('',(-154.,29.5247849258343,26.5));
#9843=CARTESIAN_POINT('Origin',(-154.,55.500003144145,26.5));
#9844=CARTESIAN_POINT('',(-154.,20.6169545011583,26.));
#9845=CARTESIAN_POINT('',(-154.,31.5950144008261,26.));
#9846=CARTESIAN_POINT('',(-154.,20.6169545011583,25.5));
#9847=CARTESIAN_POINT('',(-154.,55.500003144145,25.5));
#9848=CARTESIAN_POINT('',(-154.,20.6169545011583,26.5));
#9849=CARTESIAN_POINT('Origin',(-146.684451983547,50.3160003274658,26.5));
#9850=CARTESIAN_POINT('',(-147.351118650214,49.3691257294937,26.));
#9851=CARTESIAN_POINT('',(-154.,39.9256404469302,26.));
#9852=CARTESIAN_POINT('',(-158.094992713239,34.1094735783611,26.));
#9853=CARTESIAN_POINT('',(-147.351118650214,49.3691257294937,25.5));
#9854=CARTESIAN_POINT('',(-147.351118650214,49.3691257294937,26.5));
#9855=CARTESIAN_POINT('',(-154.,39.9256404469302,25.5));
#9856=CARTESIAN_POINT('',(-155.,38.5053285499721,25.5));
#9857=CARTESIAN_POINT('',(-154.,39.9256404469302,26.5));
#9858=CARTESIAN_POINT('Origin',(-154.,55.500003144145,26.5));
#9859=CARTESIAN_POINT('',(-154.,30.9528224961684,26.));
#9860=CARTESIAN_POINT('',(-154.,31.5950144008261,26.));
#9861=CARTESIAN_POINT('',(-154.,30.9528224961684,25.5));
#9862=CARTESIAN_POINT('',(-154.,55.500003144145,25.5));
#9863=CARTESIAN_POINT('',(-154.,30.9528224961684,26.5));
#9864=CARTESIAN_POINT('Origin',(-123.356076940403,-9.26490339182298,26.5));
#9865=CARTESIAN_POINT('',(-142.461771074129,3.0224553096544,26.));
#9866=CARTESIAN_POINT('',(-124.005131015917,-8.84748017826792,26.));
#9867=CARTESIAN_POINT('',(-138.405510102466,0.413770527160949,26.));
#9868=CARTESIAN_POINT('',(-142.461771074129,3.02245530965439,25.5));
#9869=CARTESIAN_POINT('',(-142.461771074129,3.0224553096544,26.5));
#9870=CARTESIAN_POINT('',(-124.005131015917,-8.84748017826792,25.5));
#9871=CARTESIAN_POINT('',(-144.235224823115,4.16300860239266,25.5));
#9872=CARTESIAN_POINT('',(-124.005131015917,-8.84748017826792,26.5));
#9873=CARTESIAN_POINT('Origin',(-90.5240292648401,21.9057824011017,26.5));
#9874=CARTESIAN_POINT('',(-120.176795435252,-5.33105439785449,26.));
#9875=CARTESIAN_POINT('',(-111.550750722679,2.5921919767551,26.));
#9876=CARTESIAN_POINT('',(-120.176795435252,-5.33105439785448,25.5));
#9877=CARTESIAN_POINT('',(-113.479569408534,0.820521858038004,25.5));
#9878=CARTESIAN_POINT('',(-120.176795435252,-5.33105439785449,26.5));
#9879=CARTESIAN_POINT('Origin',(-127.889821533415,8.80863095218276,26.5));
#9880=CARTESIAN_POINT('',(-127.889821533415,8.80863095218276,26.));
#9881=CARTESIAN_POINT('',(-120.14605578934,23.6513632169769,26.));
#9882=CARTESIAN_POINT('',(-131.019377155247,2.81010804513491,26.));
#9883=CARTESIAN_POINT('',(-127.889821533415,8.80863095218276,25.5));
#9884=CARTESIAN_POINT('',(-127.889821533415,8.80863095218276,26.5));
#9885=CARTESIAN_POINT('',(-120.14605578934,23.6513632169769,25.5));
#9886=CARTESIAN_POINT('',(-127.889821533415,8.80863095218276,25.5));
#9887=CARTESIAN_POINT('',(-120.14605578934,23.6513632169769,26.5));
#9888=CARTESIAN_POINT('Origin',(-135.891672503367,25.4643607720813,26.5));
#9889=CARTESIAN_POINT('',(-128.933660433643,24.6631943840058,26.));
#9890=CARTESIAN_POINT('',(-144.310919488322,26.4337781329105,26.));
#9891=CARTESIAN_POINT('',(-128.933660433643,24.6631943840058,25.5));
#9892=CARTESIAN_POINT('',(-144.02958061586,26.4013839309435,25.5));
#9893=CARTESIAN_POINT('',(-128.933660433643,24.6631943840058,26.5));
#9894=CARTESIAN_POINT('Origin',(-111.94171109924,0.875259230234084,26.5));
#9895=CARTESIAN_POINT('',(-112.900644317028,1.35227960858148,26.));
#9896=CARTESIAN_POINT('',(-126.611243909697,8.17260378105289,26.));
#9897=CARTESIAN_POINT('',(-130.558923138919,10.1363728992626,26.));
#9898=CARTESIAN_POINT('',(-112.900644317028,1.35227960858149,25.5));
#9899=CARTESIAN_POINT('',(-112.900644317028,1.35227960858148,26.5));
#9900=CARTESIAN_POINT('',(-126.611243909697,8.17260378105289,25.5));
#9901=CARTESIAN_POINT('',(-127.889821533415,8.80863095218276,25.5));
#9902=CARTESIAN_POINT('',(-126.611243909697,8.17260378105289,26.5));
#9903=CARTESIAN_POINT('Origin',(-144.467125105363,2.37087628698631,26.5));
#9904=CARTESIAN_POINT('',(-135.083094081138,5.41993279681782,26.));
#9905=CARTESIAN_POINT('',(-148.449033137686,1.0770759386967,26.));
#9906=CARTESIAN_POINT('',(-135.083094081138,5.41993279681781,25.5));
#9907=CARTESIAN_POINT('',(-89.5385438872336,20.2182542108855,25.5));
#9908=CARTESIAN_POINT('',(-135.083094081138,5.41993279681782,26.5));
#9909=CARTESIAN_POINT('Origin',(-118.379256370463,11.8988008959322,26.5));
#9910=CARTESIAN_POINT('',(-118.379256370463,11.8988008959322,26.));
#9911=CARTESIAN_POINT('',(-110.410805596212,22.5304172979297,26.));
#9912=CARTESIAN_POINT('',(-125.975341089816,1.76400039566617,26.));
#9913=CARTESIAN_POINT('',(-118.379256370463,11.8988008959322,25.5));
#9914=CARTESIAN_POINT('',(-118.379256370463,11.8988008959322,26.5));
#9915=CARTESIAN_POINT('',(-110.410805596212,22.5304172979297,25.5));
#9916=CARTESIAN_POINT('',(-118.379256370463,11.8988008959322,25.5));
#9917=CARTESIAN_POINT('',(-110.410805596212,22.5304172979297,26.5));
#9918=CARTESIAN_POINT('Origin',(-135.891672503367,25.4643607720813,26.5));
#9919=CARTESIAN_POINT('',(-119.082057584162,23.5288512709758,26.));
#9920=CARTESIAN_POINT('',(-144.310919488322,26.4337781329105,26.));
#9921=CARTESIAN_POINT('',(-119.082057584162,23.5288512709758,25.5));
#9922=CARTESIAN_POINT('',(-144.02958061586,26.4013839309435,25.5));
#9923=CARTESIAN_POINT('',(-119.082057584162,23.5288512709758,26.5));
#9924=CARTESIAN_POINT('Origin',(-104.57699436003,7.63994306254961,26.5));
#9925=CARTESIAN_POINT('',(-105.683536946129,7.98138039776441,26.));
#9926=CARTESIAN_POINT('',(-116.719442491315,11.38664489311,26.));
#9927=CARTESIAN_POINT('',(-127.60382349557,14.7451546262575,26.));
#9928=CARTESIAN_POINT('',(-105.683536946129,7.98138039776441,25.5));
#9929=CARTESIAN_POINT('',(-105.683536946129,7.98138039776441,26.5));
#9930=CARTESIAN_POINT('',(-116.719442491315,11.38664489311,25.5));
#9931=CARTESIAN_POINT('',(-118.379256370463,11.8988008959322,25.5));
#9932=CARTESIAN_POINT('',(-116.719442491315,11.38664489311,26.5));
#9933=CARTESIAN_POINT('Origin',(-144.467125105363,2.37087628698631,26.5));
#9934=CARTESIAN_POINT('',(-125.253099472917,8.61389165889205,26.));
#9935=CARTESIAN_POINT('',(-148.449033137686,1.0770759386967,26.));
#9936=CARTESIAN_POINT('',(-125.253099472917,8.61389165889205,25.5));
#9937=CARTESIAN_POINT('',(-89.5385438872336,20.2182542108855,25.5));
#9938=CARTESIAN_POINT('',(-125.253099472917,8.61389165889205,26.5));
#9939=CARTESIAN_POINT('Origin',(-108.868691207512,14.9889708396817,26.5));
#9940=CARTESIAN_POINT('',(-108.868691207512,14.9889708396817,26.));
#9941=CARTESIAN_POINT('',(-100.87466760379,21.4323977551323,26.));
#9942=CARTESIAN_POINT('',(-124.633663176594,2.28192245673456,26.));
#9943=CARTESIAN_POINT('',(-108.868691207512,14.9889708396817,25.5));
#9944=CARTESIAN_POINT('',(-108.868691207512,14.9889708396817,26.5));
#9945=CARTESIAN_POINT('',(-100.87466760379,21.4323977551323,25.5));
#9946=CARTESIAN_POINT('',(-108.868691207512,14.9889708396817,25.5));
#9947=CARTESIAN_POINT('',(-100.87466760379,21.4323977551323,26.5));
#9948=CARTESIAN_POINT('Origin',(-135.891672503367,25.4643607720813,26.5));
#9949=CARTESIAN_POINT('',(-109.260384148082,22.3979543204116,26.));
#9950=CARTESIAN_POINT('',(-144.310919488322,26.4337781329105,26.));
#9951=CARTESIAN_POINT('',(-109.260384148082,22.3979543204116,25.5));
#9952=CARTESIAN_POINT('',(-144.02958061586,26.4013839309435,25.5));
#9953=CARTESIAN_POINT('',(-109.260384148082,22.3979543204116,26.5));
#9954=CARTESIAN_POINT('Origin',(-97.2122776208192,14.4046268948651,26.5));
#9955=CARTESIAN_POINT('',(-98.6140389435401,14.4748981438147,26.));
#9956=CARTESIAN_POINT('',(-106.06516856207,14.8484283417825,26.));
#9957=CARTESIAN_POINT('',(-125.865826239126,15.8410487846761,26.));
#9958=CARTESIAN_POINT('',(-98.6140389435401,14.4748981438147,25.5));
#9959=CARTESIAN_POINT('',(-98.6140389435401,14.4748981438147,26.5));
#9960=CARTESIAN_POINT('',(-106.06516856207,14.8484283417825,25.5));
#9961=CARTESIAN_POINT('',(-108.868691207512,14.9889708396817,25.5));
#9962=CARTESIAN_POINT('',(-106.06516856207,14.8484283417825,26.5));
#9963=CARTESIAN_POINT('Origin',(-144.467125105363,2.37087628698631,26.5));
#9964=CARTESIAN_POINT('',(-115.067425324,11.9234178092853,26.));
#9965=CARTESIAN_POINT('',(-148.449033137686,1.0770759386967,26.));
#9966=CARTESIAN_POINT('',(-115.067425324,11.9234178092853,25.5));
#9967=CARTESIAN_POINT('',(-89.5385438872336,20.2182542108855,25.5));
#9968=CARTESIAN_POINT('',(-115.067425324,11.9234178092853,26.5));
#9969=CARTESIAN_POINT('Origin',(-135.891672503367,25.4643607720813,26.5));
#9970=CARTESIAN_POINT('',(-92.1349784141955,20.4260837173347,26.));
#9971=CARTESIAN_POINT('',(-99.4803583932758,21.2718528088382,26.));
#9972=CARTESIAN_POINT('',(-144.310919488322,26.4337781329105,26.));
#9973=CARTESIAN_POINT('',(-92.1349784141955,20.4260837173347,25.5));
#9974=CARTESIAN_POINT('',(-92.1349784141955,20.4260837173347,26.5));
#9975=CARTESIAN_POINT('',(-99.4803583932758,21.2718528088382,25.5));
#9976=CARTESIAN_POINT('',(-144.02958061586,26.4013839309435,25.5));
#9977=CARTESIAN_POINT('',(-99.4803583932758,21.2718528088382,26.5));
#9978=CARTESIAN_POINT('Origin',(-144.467125105363,2.37087628698631,26.5));
#9979=CARTESIAN_POINT('',(-93.9062908339276,18.7990871997435,26.));
#9980=CARTESIAN_POINT('',(-103.395511853728,15.7158523885029,26.));
#9981=CARTESIAN_POINT('',(-148.449033137686,1.0770759386967,26.));
#9982=CARTESIAN_POINT('',(-93.9062908339276,18.7990871997435,25.5));
#9983=CARTESIAN_POINT('',(-93.9062908339276,18.7990871997435,26.5));
#9984=CARTESIAN_POINT('',(-103.395511853728,15.7158523885029,25.5));
#9985=CARTESIAN_POINT('',(-89.5385438872336,20.2182542108855,25.5));
#9986=CARTESIAN_POINT('',(-103.395511853728,15.7158523885029,26.5));
#9987=CARTESIAN_POINT('Origin',(-124.87715582388,-10.3041791517064,26.5));
#9988=CARTESIAN_POINT('',(-116.147279956477,-53.476181429033,26.));
#9989=CARTESIAN_POINT('',(-117.612752994399,-46.2289529126732,26.));
#9990=CARTESIAN_POINT('',(-127.216666066524,1.26544028588605,26.));
#9991=CARTESIAN_POINT('',(-116.147279956477,-53.476181429033,25.5));
#9992=CARTESIAN_POINT('',(-116.147279956477,-53.476181429033,26.5));
#9993=CARTESIAN_POINT('',(-117.612752994399,-46.2289529126732,25.5));
#9994=CARTESIAN_POINT('',(-126.500357857345,-2.27693077501816,25.5));
#9995=CARTESIAN_POINT('',(-117.612752994399,-46.2289529126732,26.5));
#9996=CARTESIAN_POINT('Origin',(-131.152527209554,-45.5793906198011,26.5));
#9997=CARTESIAN_POINT('',(-131.320311591939,-34.2935966239501,26.));
#9998=CARTESIAN_POINT('',(-131.161060690675,-45.005397327727,26.));
#9999=CARTESIAN_POINT('',(-131.551049180863,-18.7733386674389,26.));
#10000=CARTESIAN_POINT('',(-131.320311591939,-34.2935966239501,25.5));
#10001=CARTESIAN_POINT('',(-131.320311591939,-34.2935966239501,26.5));
#10002=CARTESIAN_POINT('',(-131.161060690675,-45.005397327727,25.5));
#10003=CARTESIAN_POINT('',(-131.152527209554,-45.5793906198011,25.5));
#10004=CARTESIAN_POINT('',(-131.161060690675,-45.005397327727,26.5));
#10005=CARTESIAN_POINT('Origin',(-114.242192216902,-54.5510330751094,26.5));
#10006=CARTESIAN_POINT('',(-123.809333587006,-49.1532461720258,26.));
#10007=CARTESIAN_POINT('',(-143.019013136732,-38.3151334406766,26.));
#10008=CARTESIAN_POINT('',(-123.809333587006,-49.1532461720258,25.5));
#10009=CARTESIAN_POINT('',(-141.53697063616,-39.1513027090012,25.5));
#10010=CARTESIAN_POINT('',(-123.809333587006,-49.1532461720258,26.5));
#10011=CARTESIAN_POINT('Origin',(-149.490325315864,-9.28471823962657,26.5));
#10012=CARTESIAN_POINT('',(-118.242011236566,-52.2943327835768,26.));
#10013=CARTESIAN_POINT('',(-124.106672353563,-44.2223192524522,26.));
#10014=CARTESIAN_POINT('',(-154.478083408132,-2.41965817774547,26.));
#10015=CARTESIAN_POINT('',(-118.242011236566,-52.2943327835768,25.5));
#10016=CARTESIAN_POINT('',(-118.242011236566,-52.2943327835768,26.5));
#10017=CARTESIAN_POINT('',(-124.106672353563,-44.2223192524522,25.5));
#10018=CARTESIAN_POINT('',(-115.542595169251,-56.0097602544592,25.5));
#10019=CARTESIAN_POINT('',(-124.106672353563,-44.2223192524522,26.5));
#10020=CARTESIAN_POINT('Origin',(-126.489283220725,-39.2416351146678,26.5));
#10021=CARTESIAN_POINT('',(-126.489283220725,-39.2416351146678,26.));
#10022=CARTESIAN_POINT('',(-117.89093091853,-44.8532749355174,26.));
#10023=CARTESIAN_POINT('',(-147.22656152078,-25.7076308549312,26.));
#10024=CARTESIAN_POINT('',(-126.489283220725,-39.2416351146678,25.5));
#10025=CARTESIAN_POINT('',(-126.489283220725,-39.2416351146678,26.5));
#10026=CARTESIAN_POINT('',(-117.89093091853,-44.8532749355174,25.5));
#10027=CARTESIAN_POINT('',(-126.489283220725,-39.2416351146678,25.5));
#10028=CARTESIAN_POINT('',(-117.89093091853,-44.8532749355174,26.5));
#10029=CARTESIAN_POINT('Origin',(-124.87715582388,-10.3041791517064,26.5));
#10030=CARTESIAN_POINT('',(-119.563960977467,-36.5796111845624,26.));
#10031=CARTESIAN_POINT('',(-127.216666066524,1.26544028588605,26.));
#10032=CARTESIAN_POINT('',(-119.563960977467,-36.5796111845624,25.5));
#10033=CARTESIAN_POINT('',(-126.500357857345,-2.27693077501816,25.5));
#10034=CARTESIAN_POINT('',(-119.563960977467,-36.5796111845624,26.5));
#10035=CARTESIAN_POINT('Origin',(-132.36713574365,-31.1514651709183,26.5));
#10036=CARTESIAN_POINT('',(-132.36713574365,-31.1514651709183,26.));
#10037=CARTESIAN_POINT('',(-119.793480977696,-35.4445620586547,26.));
#10038=CARTESIAN_POINT('',(-148.440678333581,-25.6633810019002,26.));
#10039=CARTESIAN_POINT('',(-132.36713574365,-31.1514651709183,25.5));
#10040=CARTESIAN_POINT('',(-132.36713574365,-31.1514651709183,26.5));
#10041=CARTESIAN_POINT('',(-119.793480977696,-35.4445620586547,25.5));
#10042=CARTESIAN_POINT('',(-132.36713574365,-31.1514651709183,25.5));
#10043=CARTESIAN_POINT('',(-119.793480977696,-35.4445620586547,26.5));
#10044=CARTESIAN_POINT('Origin',(-124.87715582388,-10.3041791517064,26.5));
#10045=CARTESIAN_POINT('',(-121.523478068324,-26.8891782856448,26.));
#10046=CARTESIAN_POINT('',(-127.216666066524,1.26544028588605,26.));
#10047=CARTESIAN_POINT('',(-121.523478068324,-26.8891782856448,25.5));
#10048=CARTESIAN_POINT('',(-126.500357857345,-2.27693077501816,25.5));
#10049=CARTESIAN_POINT('',(-121.523478068324,-26.8891782856448,26.5));
#10050=CARTESIAN_POINT('Origin',(-144.180726423563,-15.9694485043098,26.5));
#10051=CARTESIAN_POINT('',(-123.488966361285,-17.1692159003155,26.));
#10052=CARTESIAN_POINT('',(-143.363071138321,-16.0168584950236,26.));
#10053=CARTESIAN_POINT('',(-150.255860510172,-15.6171948641391,26.));
#10054=CARTESIAN_POINT('',(-123.488966361285,-17.1692159003155,25.5));
#10055=CARTESIAN_POINT('',(-123.488966361285,-17.1692159003155,26.5));
#10056=CARTESIAN_POINT('',(-143.363071138321,-16.0168584950236,25.5));
#10057=CARTESIAN_POINT('',(-144.180726423563,-15.9694485043098,25.5));
#10058=CARTESIAN_POINT('',(-143.363071138321,-16.0168584950236,26.5));
#10059=CARTESIAN_POINT('Origin',(-148.681308321489,-8.69693298733409,26.5));
#10060=CARTESIAN_POINT('',(-138.244988266575,-23.0612952271689,26.));
#10061=CARTESIAN_POINT('',(-153.669066413757,-1.83187292545299,26.));
#10062=CARTESIAN_POINT('',(-138.244988266575,-23.0612952271689,25.5));
#10063=CARTESIAN_POINT('',(-114.733578174876,-55.4219750021667,25.5));
#10064=CARTESIAN_POINT('',(-138.244988266575,-23.0612952271689,26.5));
#10065=CARTESIAN_POINT('Origin',(-132.152416716024,-45.5942558426961,26.5));
#10066=CARTESIAN_POINT('',(-132.169630977565,-44.4363613665332,26.));
#10067=CARTESIAN_POINT('',(-132.341314351338,-32.8883068851628,26.));
#10068=CARTESIAN_POINT('',(-132.550938687332,-18.788203890334,26.));
#10069=CARTESIAN_POINT('',(-132.169630977565,-44.4363613665332,25.5));
#10070=CARTESIAN_POINT('',(-132.169630977565,-44.4363613665332,26.5));
#10071=CARTESIAN_POINT('',(-132.341314351338,-32.8883068851628,25.5));
#10072=CARTESIAN_POINT('',(-132.152416716024,-45.5942558426961,25.5));
#10073=CARTESIAN_POINT('',(-132.341314351338,-32.8883068851628,26.5));
#10074=CARTESIAN_POINT('Origin',(-149.490325315864,-9.28471823962657,26.5));
#10075=CARTESIAN_POINT('',(-137.6154044143,-25.6291446755639,26.));
#10076=CARTESIAN_POINT('',(-154.478083408132,-2.41965817774547,26.));
#10077=CARTESIAN_POINT('',(-137.6154044143,-25.6291446755639,25.5));
#10078=CARTESIAN_POINT('',(-115.542595169251,-56.0097602544592,25.5));
#10079=CARTESIAN_POINT('',(-137.6154044143,-25.6291446755639,26.5));
#10080=CARTESIAN_POINT('Origin',(-144.1228407895,-14.9711252834194,26.5));
#10081=CARTESIAN_POINT('',(-144.1228407895,-14.9711252834194,26.));
#10082=CARTESIAN_POINT('',(-123.693920554296,-16.1556524749211,26.));
#10083=CARTESIAN_POINT('',(-150.197974876108,-14.6188716432487,26.));
#10084=CARTESIAN_POINT('',(-144.1228407895,-14.9711252834194,25.5));
#10085=CARTESIAN_POINT('',(-144.1228407895,-14.9711252834194,26.5));
#10086=CARTESIAN_POINT('',(-123.693920554296,-16.1556524749211,25.5));
#10087=CARTESIAN_POINT('',(-144.1228407895,-14.9711252834194,25.5));
#10088=CARTESIAN_POINT('',(-123.693920554296,-16.1556524749211,26.5));
#10089=CARTESIAN_POINT('Origin',(-124.87715582388,-10.3041791517064,26.5));
#10090=CARTESIAN_POINT('',(-124.724205884716,-11.060565063967,26.));
#10091=CARTESIAN_POINT('',(-127.216666066524,1.26544028588605,26.));
#10092=CARTESIAN_POINT('',(-124.724205884716,-11.060565063967,25.5));
#10093=CARTESIAN_POINT('',(-126.500357857345,-2.27693077501816,25.5));
#10094=CARTESIAN_POINT('',(-124.724205884716,-11.060565063967,26.5));
#10095=CARTESIAN_POINT('Origin',(-153.927324092676,-33.0125784277,26.5));
#10096=CARTESIAN_POINT('',(-148.243441987881,-11.0009059091996,26.));
#10097=CARTESIAN_POINT('',(-153.735313788813,-32.2689901809912,26.));
#10098=CARTESIAN_POINT('',(-149.034211121946,-14.0632761160156,26.));
#10099=CARTESIAN_POINT('',(-148.243441987881,-11.0009059091996,25.5));
#10100=CARTESIAN_POINT('',(-148.243441987881,-11.0009059091996,26.5));
#10101=CARTESIAN_POINT('',(-153.735313788813,-32.2689901809912,25.5));
#10102=CARTESIAN_POINT('',(-153.927324092676,-33.0125784277,25.5));
#10103=CARTESIAN_POINT('',(-153.735313788813,-32.2689901809912,26.5));
#10104=CARTESIAN_POINT('Origin',(-114.242192216902,-54.5510330751094,26.5));
#10105=CARTESIAN_POINT('',(-149.309172014701,-34.7662220264567,26.));
#10106=CARTESIAN_POINT('',(-143.019013136732,-38.3151334406766,26.));
#10107=CARTESIAN_POINT('',(-149.309172014701,-34.7662220264567,25.5));
#10108=CARTESIAN_POINT('',(-141.53697063616,-39.1513027090012,25.5));
#10109=CARTESIAN_POINT('',(-149.309172014701,-34.7662220264567,26.5));
#10110=CARTESIAN_POINT('Origin',(-140.861835986597,-40.6803962629608,26.5));
#10111=CARTESIAN_POINT('',(-140.704489308132,-39.6209891739192,26.));
#10112=CARTESIAN_POINT('',(-138.454783837862,-24.4738380125577,26.));
#10113=CARTESIAN_POINT('',(-137.499868125428,-18.0444396607516,26.));
#10114=CARTESIAN_POINT('',(-140.704489308132,-39.6209891739192,25.5));
#10115=CARTESIAN_POINT('',(-140.704489308132,-39.6209891739192,26.5));
#10116=CARTESIAN_POINT('',(-138.454783837862,-24.4738380125577,25.5));
#10117=CARTESIAN_POINT('',(-140.861835986597,-40.6803962629608,25.5));
#10118=CARTESIAN_POINT('',(-138.454783837862,-24.4738380125577,26.5));
#10119=CARTESIAN_POINT('Origin',(-149.490325315864,-9.28471823962657,26.5));
#10120=CARTESIAN_POINT('',(-143.690675191409,-17.2672518159846,26.));
#10121=CARTESIAN_POINT('',(-154.478083408132,-2.41965817774547,26.));
#10122=CARTESIAN_POINT('',(-143.690675191409,-17.2672518159846,25.5));
#10123=CARTESIAN_POINT('',(-115.542595169251,-56.0097602544592,25.5));
#10124=CARTESIAN_POINT('',(-143.690675191409,-17.2672518159846,26.5));
#10125=CARTESIAN_POINT('Origin',(-155.,0.,26.5));
#10126=CARTESIAN_POINT('',(-153.541294222134,10.6505720676349,26.));
#10127=CARTESIAN_POINT('',(-145.321468907958,4.67851940411099,26.));
#10128=CARTESIAN_POINT('Origin',(-155.,0.,26.));
#10129=CARTESIAN_POINT('',(-153.541294222134,10.6505720676349,25.5));
#10130=CARTESIAN_POINT('',(-153.541294222134,10.6505720676349,26.5));
#10131=CARTESIAN_POINT('',(-145.321468907958,4.67851940411099,25.5));
#10132=CARTESIAN_POINT('Origin',(-155.,0.,25.5));
#10133=CARTESIAN_POINT('',(-145.321468907958,4.67851940411099,26.5));
#10134=CARTESIAN_POINT('Origin',(-174.855472714578,25.6834473952728,26.5));
#10135=CARTESIAN_POINT('',(-156.458705777866,10.6505720676349,26.));
#10136=CARTESIAN_POINT('',(-171.913474286458,23.2794002202355,26.));
#10137=CARTESIAN_POINT('',(-164.494458411723,17.2169686483001,26.));
#10138=CARTESIAN_POINT('',(-156.458705777866,10.6505720676349,25.5));
#10139=CARTESIAN_POINT('',(-156.458705777866,10.6505720676349,26.5));
#10140=CARTESIAN_POINT('',(-171.913474286458,23.2794002202355,25.5));
#10141=CARTESIAN_POINT('',(-174.855472714578,25.6834473952728,25.5));
#10142=CARTESIAN_POINT('',(-171.913474286458,23.2794002202355,26.5));
#10143=CARTESIAN_POINT('Origin',(-220.152439118391,21.1693107271807,26.5));
#10144=CARTESIAN_POINT('',(-217.865021585804,20.4260837173347,26.));
#10145=CARTESIAN_POINT('',(-203.80096550083,15.8563948864021,26.));
#10146=CARTESIAN_POINT('',(-188.706240477004,10.9518214169415,26.));
#10147=CARTESIAN_POINT('',(-217.865021585804,20.4260837173347,25.5));
#10148=CARTESIAN_POINT('',(-217.865021585804,20.4260837173347,26.5));
#10149=CARTESIAN_POINT('',(-203.80096550083,15.8563948864022,25.5));
#10150=CARTESIAN_POINT('',(-165.223857900262,3.32193280328147,25.5));
#10151=CARTESIAN_POINT('',(-203.80096550083,15.8563948864021,26.5));
#10152=CARTESIAN_POINT('Origin',(-193.028248922475,13.1860108915913,26.5));
#10153=CARTESIAN_POINT('',(-205.19301088353,8.78651237249095,26.));
#10154=CARTESIAN_POINT('',(-195.768423342142,12.1950015039849,26.));
#10155=CARTESIAN_POINT('',(-177.092337236832,18.9493805395922,26.));
#10156=CARTESIAN_POINT('',(-205.19301088353,8.78651237249095,25.5));
#10157=CARTESIAN_POINT('',(-205.19301088353,8.78651237249095,26.5));
#10158=CARTESIAN_POINT('',(-195.768423342142,12.195001503985,25.5));
#10159=CARTESIAN_POINT('',(-193.028248922475,13.1860108915913,25.5));
#10160=CARTESIAN_POINT('',(-195.768423342142,12.1950015039849,26.5));
#10161=CARTESIAN_POINT('Origin',(-220.461456112766,20.2182542108855,26.5));
#10162=CARTESIAN_POINT('',(-203.93483143793,14.8484283417825,26.));
#10163=CARTESIAN_POINT('',(-189.015257471379,10.0007649006463,26.));
#10164=CARTESIAN_POINT('',(-203.93483143793,14.8484283417825,25.5));
#10165=CARTESIAN_POINT('',(-165.532874894637,2.37087628698631,25.5));
#10166=CARTESIAN_POINT('',(-203.93483143793,14.8484283417825,26.5));
#10167=CARTESIAN_POINT('Origin',(-185.330100077677,-9.45808770502437,26.5));
#10168=CARTESIAN_POINT('',(-216.093709166072,18.7990871997435,26.));
#10169=CARTESIAN_POINT('',(-212.419614951418,15.4243361248035,26.));
#10170=CARTESIAN_POINT('',(-181.37631394858,-13.0897430763079,26.));
#10171=CARTESIAN_POINT('',(-216.093709166072,18.7990871997435,25.5));
#10172=CARTESIAN_POINT('',(-216.093709166072,18.7990871997435,26.5));
#10173=CARTESIAN_POINT('',(-212.419614951418,15.4243361248035,25.5));
#10174=CARTESIAN_POINT('',(-179.602416677592,-14.7191138469916,25.5));
#10175=CARTESIAN_POINT('',(-212.419614951418,15.4243361248035,26.5));
#10176=CARTESIAN_POINT('Origin',(-210.218076724556,22.3131830224779,26.5));
#10177=CARTESIAN_POINT('',(-209.12533239621,21.4323977551323,26.));
#10178=CARTESIAN_POINT('',(-201.131308792488,14.9889708396817,26.));
#10179=CARTESIAN_POINT('',(-189.909720789439,5.94402854813263,26.));
#10180=CARTESIAN_POINT('',(-209.12533239621,21.4323977551323,25.5));
#10181=CARTESIAN_POINT('',(-209.12533239621,21.4323977551323,26.5));
#10182=CARTESIAN_POINT('',(-201.131308792488,14.9889708396817,25.5));
#10183=CARTESIAN_POINT('',(-201.131308792488,14.9889708396817,25.5));
#10184=CARTESIAN_POINT('',(-201.131308792488,14.9889708396817,26.5));
#10185=CARTESIAN_POINT('Origin',(-220.152439118391,21.1693107271807,26.5));
#10186=CARTESIAN_POINT('',(-194.236972004786,12.7488650248941,26.));
#10187=CARTESIAN_POINT('',(-188.706240477004,10.9518214169415,26.));
#10188=CARTESIAN_POINT('',(-194.236972004786,12.7488650248941,25.5));
#10189=CARTESIAN_POINT('',(-165.223857900262,3.32193280328147,25.5));
#10190=CARTESIAN_POINT('',(-194.236972004786,12.7488650248941,26.5));
#10191=CARTESIAN_POINT('Origin',(-200.283714330721,23.457055317775,26.5));
#10192=CARTESIAN_POINT('',(-199.651102672292,22.5232889941308,26.));
#10193=CARTESIAN_POINT('',(-192.688148509327,12.2456217652311,26.));
#10194=CARTESIAN_POINT('',(-189.500038911745,7.53981317216505,26.));
#10195=CARTESIAN_POINT('',(-199.651102672292,22.5232889941308,25.5));
#10196=CARTESIAN_POINT('',(-199.651102672292,22.5232889941308,26.5));
#10197=CARTESIAN_POINT('',(-192.688148509327,12.2456217652311,25.5));
#10198=CARTESIAN_POINT('',(-192.688148509327,12.2456217652311,25.5));
#10199=CARTESIAN_POINT('',(-192.688148509327,12.2456217652311,26.5));
#10200=CARTESIAN_POINT('Origin',(-220.152439118391,21.1693107271807,26.5));
#10201=CARTESIAN_POINT('',(-183.468322903366,9.24991883002193,26.));
#10202=CARTESIAN_POINT('',(-188.706240477004,10.9518214169415,26.));
#10203=CARTESIAN_POINT('',(-183.468322903366,9.24991883002193,25.5));
#10204=CARTESIAN_POINT('',(-165.223857900262,3.32193280328147,25.5));
#10205=CARTESIAN_POINT('',(-183.468322903366,9.24991883002193,26.5));
#10206=CARTESIAN_POINT('Origin',(-173.139582508207,6.56014578203505,26.5));
#10207=CARTESIAN_POINT('',(-190.584773623672,-4.63153341388105,26.));
#10208=CARTESIAN_POINT('',(-174.916905918862,5.41993279681781,26.));
#10209=CARTESIAN_POINT('',(-166.457484657384,10.8469371967662,26.));
#10210=CARTESIAN_POINT('',(-190.584773623672,-4.63153341388106,25.5));
#10211=CARTESIAN_POINT('',(-190.584773623672,-4.63153341388105,26.5));
#10212=CARTESIAN_POINT('',(-174.916905918862,5.41993279681782,25.5));
#10213=CARTESIAN_POINT('',(-173.139582508207,6.56014578203505,25.5));
#10214=CARTESIAN_POINT('',(-174.916905918862,5.41993279681781,26.5));
#10215=CARTESIAN_POINT('Origin',(-220.461456112766,20.2182542108855,26.5));
#10216=CARTESIAN_POINT('',(-183.388756090303,8.17260378105289,26.));
#10217=CARTESIAN_POINT('',(-189.015257471379,10.0007649006463,26.));
#10218=CARTESIAN_POINT('',(-183.388756090303,8.17260378105289,25.5));
#10219=CARTESIAN_POINT('',(-165.532874894637,2.37087628698631,25.5));
#10220=CARTESIAN_POINT('',(-183.388756090303,8.17260378105289,26.5));
#10221=CARTESIAN_POINT('Origin',(-192.688148509327,12.2456217652311,26.5));
#10222=CARTESIAN_POINT('',(-194.219599846682,11.6917582443219,26.));
#10223=CARTESIAN_POINT('',(-204.362357983336,8.02353608390001,26.));
#10224=CARTESIAN_POINT('',(-176.752236823684,18.0089914132319,26.));
#10225=CARTESIAN_POINT('',(-194.219599846682,11.6917582443219,25.5));
#10226=CARTESIAN_POINT('',(-194.219599846682,11.6917582443219,26.5));
#10227=CARTESIAN_POINT('',(-204.362357983336,8.0235360839,25.5));
#10228=CARTESIAN_POINT('',(-192.688148509327,12.2456217652311,25.5));
#10229=CARTESIAN_POINT('',(-204.362357983336,8.02353608390001,26.5));
#10230=CARTESIAN_POINT('Origin',(-185.330100077677,-9.45808770502437,26.5));
#10231=CARTESIAN_POINT('',(-197.888137597856,2.07679630837989,26.));
#10232=CARTESIAN_POINT('',(-181.37631394858,-13.0897430763079,26.));
#10233=CARTESIAN_POINT('',(-197.888137597856,2.07679630837989,25.5));
#10234=CARTESIAN_POINT('',(-179.602416677592,-14.7191138469916,25.5));
#10235=CARTESIAN_POINT('',(-197.888137597856,2.07679630837989,26.5));
#10236=CARTESIAN_POINT('Origin',(-190.349351936885,24.6009276130722,26.5));
#10237=CARTESIAN_POINT('',(-189.85394421066,23.6513632169769,26.));
#10238=CARTESIAN_POINT('',(-182.110178466585,8.80863095218277,26.));
#10239=CARTESIAN_POINT('',(-183.100209579903,10.7062563755797,26.));
#10240=CARTESIAN_POINT('',(-189.85394421066,23.6513632169769,25.5));
#10241=CARTESIAN_POINT('',(-189.85394421066,23.6513632169769,26.5));
#10242=CARTESIAN_POINT('',(-182.110178466585,8.80863095218277,25.5));
#10243=CARTESIAN_POINT('',(-182.110178466585,8.80863095218277,25.5));
#10244=CARTESIAN_POINT('',(-182.110178466585,8.80863095218277,26.5));
#10245=CARTESIAN_POINT('Origin',(-220.152439118391,21.1693107271807,26.5));
#10246=CARTESIAN_POINT('',(-173.828946422861,6.11789555210153,26.));
#10247=CARTESIAN_POINT('',(-188.706240477004,10.9518214169415,26.));
#10248=CARTESIAN_POINT('',(-173.828946422861,6.11789555210153,25.5));
#10249=CARTESIAN_POINT('',(-165.223857900262,3.32193280328147,25.5));
#10250=CARTESIAN_POINT('',(-173.828946422861,6.11789555210153,26.5));
#10251=CARTESIAN_POINT('Origin',(-165.769065433431,4.16023391014936,26.5));
#10252=CARTESIAN_POINT('',(-185.901439459533,-8.93329762604785,26.));
#10253=CARTESIAN_POINT('',(-167.525068015554,3.01817907067206,26.));
#10254=CARTESIAN_POINT('',(-161.178449552302,7.14584175412202,26.));
#10255=CARTESIAN_POINT('',(-185.901439459533,-8.93329762604786,25.5));
#10256=CARTESIAN_POINT('',(-185.901439459533,-8.93329762604785,26.5));
#10257=CARTESIAN_POINT('',(-167.525068015554,3.01817907067206,25.5));
#10258=CARTESIAN_POINT('',(-186.551775994077,-9.35625827207753,25.5));
#10259=CARTESIAN_POINT('',(-167.525068015554,3.01817907067206,26.5));
#10260=CARTESIAN_POINT('Origin',(-220.461456112766,20.2182542108855,26.5));
#10261=CARTESIAN_POINT('',(-173.687572799635,5.02049825314958,26.));
#10262=CARTESIAN_POINT('',(-189.015257471379,10.0007649006463,26.));
#10263=CARTESIAN_POINT('',(-173.687572799635,5.02049825314959,25.5));
#10264=CARTESIAN_POINT('',(-165.532874894637,2.37087628698631,25.5));
#10265=CARTESIAN_POINT('',(-173.687572799635,5.02049825314958,26.5));
#10266=CARTESIAN_POINT('Origin',(-135.891672503367,25.4643607720813,26.5));
#10267=CARTESIAN_POINT('',(-129.960950862752,24.7814796865242,26.));
#10268=CARTESIAN_POINT('',(-136.152029030554,25.4943390038532,26.));
#10269=CARTESIAN_POINT('',(-144.310919488322,26.4337781329105,26.));
#10270=CARTESIAN_POINT('',(-129.960950862752,24.7814796865242,25.5));
#10271=CARTESIAN_POINT('',(-129.960950862752,24.7814796865242,26.5));
#10272=CARTESIAN_POINT('',(-136.152029030554,25.4943390038532,25.5));
#10273=CARTESIAN_POINT('',(-144.02958061586,26.4013839309435,25.5));
#10274=CARTESIAN_POINT('',(-136.152029030554,25.4943390038532,26.5));
#10275=CARTESIAN_POINT('Origin',(-135.777285273838,26.4577970114648,26.5));
#10276=CARTESIAN_POINT('',(-144.776142099738,3.32193280328144,26.));
#10277=CARTESIAN_POINT('',(-140.210588667449,15.0598708867745,26.));
#10278=CARTESIAN_POINT('',(-144.776142099738,3.32193280328146,25.5));
#10279=CARTESIAN_POINT('',(-144.776142099738,3.32193280328146,25.5));
#10280=CARTESIAN_POINT('',(-144.776142099738,3.32193280328144,26.5));
#10281=CARTESIAN_POINT('Origin',(-123.896994217026,-10.1059791909342,26.5));
#10282=CARTESIAN_POINT('',(-124.766474692823,-9.54679414299659,26.));
#10283=CARTESIAN_POINT('',(-138.946427379089,-0.427305271950248,26.));
#10284=CARTESIAN_POINT('',(-124.766474692823,-9.54679414299658,25.5));
#10285=CARTESIAN_POINT('',(-124.766474692823,-9.54679414299659,26.5));
#10286=CARTESIAN_POINT('',(-144.776142099738,3.32193280328146,25.5));
#10287=CARTESIAN_POINT('',(-144.776142099738,3.32193280328144,26.5));
#10288=CARTESIAN_POINT('Origin',(-154.895564682902,-32.7625581096485,26.5));
#10289=CARTESIAN_POINT('',(-154.636781393077,-31.7603816176171,26.));
#10290=CARTESIAN_POINT('',(-148.681308321489,-8.69693298733409,26.));
#10291=CARTESIAN_POINT('',(-150.002451712172,-13.813255797964,26.));
#10292=CARTESIAN_POINT('',(-154.636781393077,-31.7603816176171,25.5));
#10293=CARTESIAN_POINT('',(-154.636781393077,-31.7603816176171,26.5));
#10294=CARTESIAN_POINT('',(-148.681308321489,-8.69693298733409,25.5));
#10295=CARTESIAN_POINT('',(-154.895564682902,-32.7625581096485,25.5));
#10296=CARTESIAN_POINT('',(-148.681308321489,-8.69693298733409,26.5));
#10297=CARTESIAN_POINT('Origin',(-155.,0.,26.5));
#10298=CARTESIAN_POINT('Origin',(-155.,0.,26.));
#10299=CARTESIAN_POINT('Origin',(-155.,0.,25.5));
#10300=CARTESIAN_POINT('',(-148.681308321489,-8.69693298733409,26.5));
#10301=CARTESIAN_POINT('Origin',(-155.,0.,26.5));
#10302=CARTESIAN_POINT('',(-161.900337975186,-8.24304820697235,26.));
#10303=CARTESIAN_POINT('Origin',(-155.,0.,26.));
#10304=CARTESIAN_POINT('',(-161.900337975186,-8.24304820697235,25.5));
#10305=CARTESIAN_POINT('Origin',(-155.,0.,25.5));
#10306=CARTESIAN_POINT('',(-161.900337975186,-8.24304820697235,26.5));
#10307=CARTESIAN_POINT('Origin',(-186.006568460908,-10.1945593789454,26.5));
#10308=CARTESIAN_POINT('',(-184.934610557907,-10.1077794145362,26.));
#10309=CARTESIAN_POINT('',(-169.885019220481,-8.88944518986297,26.));
#10310=CARTESIAN_POINT('',(-184.934610557907,-10.1077794145362,25.5));
#10311=CARTESIAN_POINT('',(-184.934610557907,-10.1077794145362,26.5));
#10312=CARTESIAN_POINT('',(-161.900337975186,-8.24304820697235,25.5));
#10313=CARTESIAN_POINT('',(-161.900337975186,-8.24304820697235,26.5));
#10314=CARTESIAN_POINT('Origin',(-155.,0.,26.5));
#10315=CARTESIAN_POINT('',(-165.223857900262,3.32193280328147,26.));
#10316=CARTESIAN_POINT('Origin',(-155.,0.,26.));
#10317=CARTESIAN_POINT('',(-165.223857900262,3.32193280328147,25.5));
#10318=CARTESIAN_POINT('Origin',(-155.,0.,25.5));
#10319=CARTESIAN_POINT('',(-165.223857900262,3.32193280328147,26.5));
#10320=CARTESIAN_POINT('Origin',(-165.223857900262,3.32193280328147,26.5));
#10321=CARTESIAN_POINT('',(-173.847970969446,25.4943390038532,26.));
#10322=CARTESIAN_POINT('',(-165.2899829196,3.49193878268283,26.));
#10323=CARTESIAN_POINT('',(-165.223857900262,3.32193280328147,26.5));
#10324=CARTESIAN_POINT('',(-173.847970969446,25.4943390038532,25.5));
#10325=CARTESIAN_POINT('',(-165.223857900262,3.32193280328147,25.5));
#10326=CARTESIAN_POINT('',(-173.847970969446,25.4943390038532,26.5));
#10327=CARTESIAN_POINT('Origin',(-220.038051888862,20.1758744877971,26.5));
#10328=CARTESIAN_POINT('',(-180.039049137248,24.7814796865242,26.));
#10329=CARTESIAN_POINT('',(-188.653942707793,23.7895349907685,26.));
#10330=CARTESIAN_POINT('',(-180.039049137248,24.7814796865242,25.5));
#10331=CARTESIAN_POINT('',(-189.217171376833,23.7246831517786,25.5));
#10332=CARTESIAN_POINT('',(-180.039049137248,24.7814796865242,26.5));
#10333=CARTESIAN_POINT('Origin',(-166.795085040656,-14.0902452814783,26.5));
#10334=CARTESIAN_POINT('',(-166.795085040656,-14.0902452814783,26.));
#10335=CARTESIAN_POINT('',(-162.574491681707,-35.1000236064675,26.));
#10336=CARTESIAN_POINT('',(-168.669144859239,-4.76132443846219,26.));
#10337=CARTESIAN_POINT('',(-166.795085040656,-14.0902452814783,25.5));
#10338=CARTESIAN_POINT('',(-166.795085040656,-14.0902452814783,26.5));
#10339=CARTESIAN_POINT('',(-162.574491681707,-35.1000236064674,25.5));
#10340=CARTESIAN_POINT('',(-162.372577634256,-36.1051356883139,25.5));
#10341=CARTESIAN_POINT('',(-162.574491681707,-35.1000236064675,26.5));
#10342=CARTESIAN_POINT('Origin',(-155.303686367465,-31.8496305711278,26.5));
#10343=CARTESIAN_POINT('',(-156.095280973988,-32.2035107102116,26.));
#10344=CARTESIAN_POINT('',(-147.811182901672,-28.500128001616,26.));
#10345=CARTESIAN_POINT('',(-156.095280973988,-32.2035107102116,25.5));
#10346=CARTESIAN_POINT('',(-149.314772283256,-29.172303399345,25.5));
#10347=CARTESIAN_POINT('',(-156.095280973988,-32.2035107102116,26.5));
#10348=CARTESIAN_POINT('Origin',(-155.303686367465,-31.8496305711278,26.5));
#10349=CARTESIAN_POINT('',(-171.599565492223,-39.1346574316461,26.));
#10350=CARTESIAN_POINT('',(-163.510418110542,-35.5184268801624,26.));
#10351=CARTESIAN_POINT('',(-147.811182901672,-28.500128001616,26.));
#10352=CARTESIAN_POINT('',(-171.599565492223,-39.1346574316461,25.5));
#10353=CARTESIAN_POINT('',(-171.599565492223,-39.1346574316461,26.5));
#10354=CARTESIAN_POINT('',(-163.510418110543,-35.5184268801624,25.5));
#10355=CARTESIAN_POINT('',(-149.314772283256,-29.172303399345,25.5));
#10356=CARTESIAN_POINT('',(-163.510418110542,-35.5184268801624,26.5));
#10357=CARTESIAN_POINT('Origin',(-167.775498105772,-14.2871976151796,26.5));
#10358=CARTESIAN_POINT('',(-167.613529935242,-15.0934622962623,26.));
#10359=CARTESIAN_POINT('',(-169.649557924355,-4.95827677216354,26.));
#10360=CARTESIAN_POINT('',(-167.613529935242,-15.0934622962623,25.5));
#10361=CARTESIAN_POINT('',(-163.352990699372,-36.3020880220152,25.5));
#10362=CARTESIAN_POINT('',(-167.613529935242,-15.0934622962623,26.5));
#10363=CARTESIAN_POINT('Origin',(-190.136896330886,-23.7352510683784,26.5));
#10364=CARTESIAN_POINT('',(-189.052775368601,-23.6085962463432,26.));
#10365=CARTESIAN_POINT('',(-174.659498483923,-21.9270699353959,26.));
#10366=CARTESIAN_POINT('',(-170.994057412384,-21.498846699478,26.));
#10367=CARTESIAN_POINT('',(-189.052775368601,-23.6085962463432,25.5));
#10368=CARTESIAN_POINT('',(-189.052775368601,-23.6085962463432,26.5));
#10369=CARTESIAN_POINT('',(-174.659498483923,-21.9270699353959,25.5));
#10370=CARTESIAN_POINT('',(-173.214003867542,-21.758196839349,25.5));
#10371=CARTESIAN_POINT('',(-174.659498483923,-21.9270699353959,26.5));
#10372=CARTESIAN_POINT('Origin',(-162.667133130973,-7.60115632428378,26.5));
#10373=CARTESIAN_POINT('',(-168.943382547856,-15.0986769802858,26.));
#10374=CARTESIAN_POINT('',(-157.324450420193,-1.21886152975504,26.));
#10375=CARTESIAN_POINT('',(-168.943382547856,-15.0986769802858,25.5));
#10376=CARTESIAN_POINT('',(-162.667133130973,-7.60115632428378,25.5));
#10377=CARTESIAN_POINT('',(-168.943382547856,-15.0986769802858,26.5));
#10378=CARTESIAN_POINT('Origin',(-193.054490612286,-33.3001684025296,26.5));
#10379=CARTESIAN_POINT('',(-191.90806696097,-32.9692630875217,26.));
#10380=CARTESIAN_POINT('',(-181.352558171402,-29.9225063697314,26.));
#10381=CARTESIAN_POINT('',(-170.029788632555,-26.6542864436049,26.));
#10382=CARTESIAN_POINT('',(-191.90806696097,-32.9692630875217,25.5));
#10383=CARTESIAN_POINT('',(-191.90806696097,-32.9692630875217,26.5));
#10384=CARTESIAN_POINT('',(-181.352558171402,-29.9225063697314,25.5));
#10385=CARTESIAN_POINT('',(-179.632922694428,-29.4261483972197,25.5));
#10386=CARTESIAN_POINT('',(-181.352558171402,-29.9225063697314,26.5));
#10387=CARTESIAN_POINT('Origin',(-162.667133130973,-7.60115632428378,26.5));
#10388=CARTESIAN_POINT('',(-175.59366021878,-23.0430066099804,26.));
#10389=CARTESIAN_POINT('',(-157.324450420193,-1.21886152975504,26.));
#10390=CARTESIAN_POINT('',(-175.59366021878,-23.0430066099804,25.5));
#10391=CARTESIAN_POINT('',(-162.667133130973,-7.60115632428378,25.5));
#10392=CARTESIAN_POINT('',(-175.59366021878,-23.0430066099804,26.5));
#10393=CARTESIAN_POINT('Origin',(-155.303686367465,-31.8496305711278,26.5));
#10394=CARTESIAN_POINT('',(-180.555171586278,-43.1382359098576,26.));
#10395=CARTESIAN_POINT('',(-172.563821977481,-39.5657255772646,26.));
#10396=CARTESIAN_POINT('',(-147.811182901672,-28.500128001616,26.));
#10397=CARTESIAN_POINT('',(-180.555171586278,-43.1382359098576,25.5));
#10398=CARTESIAN_POINT('',(-180.555171586278,-43.1382359098576,26.5));
#10399=CARTESIAN_POINT('',(-172.563821977481,-39.5657255772646,25.5));
#10400=CARTESIAN_POINT('',(-149.314772283256,-29.172303399345,25.5));
#10401=CARTESIAN_POINT('',(-172.563821977481,-39.5657255772646,26.5));
#10402=CARTESIAN_POINT('Origin',(-174.209715522785,-21.8507079176804,26.5));
#10403=CARTESIAN_POINT('',(-174.114989659436,-22.8702576612398,26.));
#10404=CARTESIAN_POINT('',(-175.488077140166,-8.09149566980324,26.));
#10405=CARTESIAN_POINT('',(-174.114989659436,-22.8702576612398,25.5));
#10406=CARTESIAN_POINT('',(-172.497564674706,-40.2788636122747,25.5));
#10407=CARTESIAN_POINT('',(-174.114989659436,-22.8702576612398,26.5));
#10408=CARTESIAN_POINT('Origin',(-195.972084893685,-42.8650857366807,26.5));
#10409=CARTESIAN_POINT('',(-194.701055864309,-42.1256794357277,26.));
#10410=CARTESIAN_POINT('',(-188.593899580066,-38.5729125569965,26.));
#10411=CARTESIAN_POINT('',(-169.679158119737,-27.5694825066794,26.));
#10412=CARTESIAN_POINT('',(-194.701055864309,-42.1256794357277,25.5));
#10413=CARTESIAN_POINT('',(-194.701055864309,-42.1256794357277,26.5));
#10414=CARTESIAN_POINT('',(-188.593899580066,-38.5729125569965,25.5));
#10415=CARTESIAN_POINT('',(-186.051841521314,-37.0940999550904,25.5));
#10416=CARTESIAN_POINT('',(-188.593899580066,-38.5729125569965,26.5));
#10417=CARTESIAN_POINT('Origin',(-162.667133130973,-7.60115632428378,26.5));
#10418=CARTESIAN_POINT('',(-182.50144017872,-31.2949449089025,26.));
#10419=CARTESIAN_POINT('',(-157.324450420193,-1.21886152975504,26.));
#10420=CARTESIAN_POINT('',(-182.50144017872,-31.2949449089025,25.5));
#10421=CARTESIAN_POINT('',(-162.667133130973,-7.60115632428378,25.5));
#10422=CARTESIAN_POINT('',(-182.50144017872,-31.2949449089025,26.5));
#10423=CARTESIAN_POINT('Origin',(-155.303686367465,-31.8496305711278,26.5));
#10424=CARTESIAN_POINT('',(-189.337108389182,-47.064176020651,26.));
#10425=CARTESIAN_POINT('',(-181.588500521136,-43.6001826995062,26.));
#10426=CARTESIAN_POINT('',(-147.811182901672,-28.500128001616,26.));
#10427=CARTESIAN_POINT('',(-189.337108389182,-47.064176020651,25.5));
#10428=CARTESIAN_POINT('',(-189.337108389182,-47.064176020651,26.5));
#10429=CARTESIAN_POINT('',(-181.588500521135,-43.6001826995062,25.5));
#10430=CARTESIAN_POINT('',(-149.314772283256,-29.172303399345,25.5));
#10431=CARTESIAN_POINT('',(-181.588500521136,-43.6001826995062,26.5));
#10432=CARTESIAN_POINT('Origin',(-180.63066851369,-29.3590419135924,26.5));
#10433=CARTESIAN_POINT('',(-180.726414249464,-30.7825989593111,26.));
#10434=CARTESIAN_POINT('',(-179.332643359069,-10.0598758521884,26.));
#10435=CARTESIAN_POINT('',(-180.726414249464,-30.7825989593111,25.5));
#10436=CARTESIAN_POINT('',(-181.628874223933,-44.2004628959455,25.5));
#10437=CARTESIAN_POINT('',(-180.726414249464,-30.7825989593111,26.5));
#10438=CARTESIAN_POINT('Origin',(-162.667133130973,-7.60115632428378,26.5));
#10439=CARTESIAN_POINT('',(-196.497201743164,-48.0140878963718,26.));
#10440=CARTESIAN_POINT('',(-190.481645210099,-40.8279873499731,26.));
#10441=CARTESIAN_POINT('',(-157.324450420193,-1.21886152975504,26.));
#10442=CARTESIAN_POINT('',(-196.497201743164,-48.0140878963718,25.5));
#10443=CARTESIAN_POINT('',(-196.497201743164,-48.0140878963718,26.5));
#10444=CARTESIAN_POINT('',(-190.481645210099,-40.8279873499731,25.5));
#10445=CARTESIAN_POINT('',(-162.667133130973,-7.60115632428378,25.5));
#10446=CARTESIAN_POINT('',(-190.481645210099,-40.8279873499731,26.5));
#10447=CARTESIAN_POINT('Origin',(-197.93318744167,-52.7217624989718,26.5));
#10448=CARTESIAN_POINT('',(-197.244834011527,-50.4650938120432,26.));
#10449=CARTESIAN_POINT('',(-197.292235622335,-50.6204932422431,26.));
#10450=CARTESIAN_POINT('',(-187.67645211431,-19.0965164701069,26.));
#10451=CARTESIAN_POINT('',(-197.244834011527,-50.4650938120432,25.5));
#10452=CARTESIAN_POINT('',(-197.244834011527,-50.4650938120432,26.5));
#10453=CARTESIAN_POINT('',(-197.292235622335,-50.6204932422431,25.5));
#10454=CARTESIAN_POINT('',(-188.725642853036,-22.5361388835632,25.5));
#10455=CARTESIAN_POINT('',(-197.292235622335,-50.6204932422431,26.5));
#10456=CARTESIAN_POINT('Origin',(-155.303686367465,-31.8496305711278,26.5));
#10457=CARTESIAN_POINT('',(-190.571892200321,-47.6161826452835,26.));
#10458=CARTESIAN_POINT('',(-147.811182901672,-28.500128001616,26.));
#10459=CARTESIAN_POINT('',(-190.571892200321,-47.6161826452835,25.5));
#10460=CARTESIAN_POINT('',(-149.314772283256,-29.172303399345,25.5));
#10461=CARTESIAN_POINT('',(-190.571892200321,-47.6161826452835,26.5));
#10462=CARTESIAN_POINT('Origin',(-187.219302049487,-14.1703337342273,26.5));
#10463=CARTESIAN_POINT('',(-186.17256270062,-14.1662292079756,26.));
#10464=CARTESIAN_POINT('',(-168.103509226741,-14.0953759392928,26.));
#10465=CARTESIAN_POINT('',(-171.067039422393,-14.1069966808832,26.));
#10466=CARTESIAN_POINT('',(-186.17256270062,-14.1662292079756,25.5));
#10467=CARTESIAN_POINT('',(-186.17256270062,-14.1662292079756,26.5));
#10468=CARTESIAN_POINT('',(-168.103509226741,-14.0953759392928,25.5));
#10469=CARTESIAN_POINT('',(-166.795085040656,-14.0902452814783,25.5));
#10470=CARTESIAN_POINT('',(-168.103509226741,-14.0953759392928,26.5));
#10471=CARTESIAN_POINT('Origin',(-162.667133130973,-7.60115632428378,26.5));
#10472=CARTESIAN_POINT('',(-164.200170727266,-9.43250181124256,26.));
#10473=CARTESIAN_POINT('',(-157.324450420193,-1.21886152975504,26.));
#10474=CARTESIAN_POINT('',(-164.200170727266,-9.43250181124255,25.5));
#10475=CARTESIAN_POINT('',(-162.667133130973,-7.60115632428378,25.5));
#10476=CARTESIAN_POINT('',(-164.200170727266,-9.43250181124256,26.5));
#10477=CARTESIAN_POINT('Origin',(-155.173054685662,-31.7912320457407,25.5));
#10478=CARTESIAN_POINT('',(-155.173054685662,-31.7912320457407,26.));
#10479=CARTESIAN_POINT('',(-153.954930824108,-31.7211565018787,26.));
#10480=CARTESIAN_POINT('',(-155.173054685662,-31.7912320457407,25.5));
#10481=CARTESIAN_POINT('',(-155.173054685662,-31.7912320457407,26.5));
#10482=CARTESIAN_POINT('',(-154.310345588127,-31.7416026023708,25.5));
#10483=CARTESIAN_POINT('Origin',(-185.141103971259,-9.63168554330199,25.5));
#10484=CARTESIAN_POINT('',(-185.141103971259,-9.631685543302,26.));
#10485=CARTESIAN_POINT('',(-185.916617575944,-7.84365139608629,26.));
#10486=CARTESIAN_POINT('',(-185.141103971259,-9.63168554330199,25.5));
#10487=CARTESIAN_POINT('',(-185.141103971259,-9.631685543302,26.5));
#10488=CARTESIAN_POINT('',(-184.5826620779,-10.9192363593408,25.5));
#10489=CARTESIAN_POINT('Origin',(-124.929099422703,-10.0473015968864,25.5));
#10490=CARTESIAN_POINT('',(-124.929099422703,-10.0473015968864,26.));
#10491=CARTESIAN_POINT('',(-123.758422322425,-6.44432795801172,26.));
#10492=CARTESIAN_POINT('',(-124.929099422703,-10.0473015968864,25.5));
#10493=CARTESIAN_POINT('',(-124.929099422703,-10.0473015968864,26.5));
#10494=CARTESIAN_POINT('',(-124.86419282793,-9.84753963869676,25.5));
#10495=CARTESIAN_POINT('Origin',(-154.895564682902,-32.7625581096485,25.5));
#10496=CARTESIAN_POINT('',(-154.895564682902,-32.7625581096485,26.));
#10497=CARTESIAN_POINT('',(-150.002451712172,-13.813255797964,26.));
#10498=CARTESIAN_POINT('',(-154.895564682902,-32.7625581096485,25.5));
#10499=CARTESIAN_POINT('',(-154.895564682902,-32.7625581096485,25.5));
#10500=CARTESIAN_POINT('',(-150.910970707782,-17.3316297261165,25.5));
#10501=CARTESIAN_POINT('Origin',(-89.8475608816086,21.1693107271807,26.5));
#10502=CARTESIAN_POINT('',(-89.8475608816086,21.1693107271807,26.));
#10503=CARTESIAN_POINT('',(-123.896994217026,-10.1059791909342,26.));
#10504=CARTESIAN_POINT('',(-110.874282339447,1.85572030283404,26.));
#10505=CARTESIAN_POINT('',(-89.8475608816086,21.1693107271807,25.5));
#10506=CARTESIAN_POINT('',(-89.8475608816086,21.1693107271807,26.5));
#10507=CARTESIAN_POINT('',(-123.896994217026,-10.1059791909342,25.5));
#10508=CARTESIAN_POINT('',(-127.810964664803,-13.7010628235838,25.5));
#10509=CARTESIAN_POINT('',(-123.896994217026,-10.1059791909342,25.5));
#10510=CARTESIAN_POINT('Origin',(-114.733578174876,-55.4219750021667,26.5));
#10511=CARTESIAN_POINT('',(-114.733578174876,-55.4219750021667,26.));
#10512=CARTESIAN_POINT('',(-143.510399094705,-39.186075367734,26.));
#10513=CARTESIAN_POINT('',(-114.733578174876,-55.4219750021667,25.5));
#10514=CARTESIAN_POINT('',(-114.733578174876,-55.4219750021667,26.5));
#10515=CARTESIAN_POINT('',(-160.396679963181,-29.6588255668188,25.5));
#10516=CARTESIAN_POINT('Origin',(-155.,58.0000008642673,26.5));
#10517=CARTESIAN_POINT('Origin',(-155.,58.0000008642673,26.));
#10518=CARTESIAN_POINT('Origin',(-155.,58.0000008642673,25.5));
#10519=CARTESIAN_POINT('',(-155.,55.500003144145,26.5));
#10520=CARTESIAN_POINT('Origin',(-155.,58.0000008642673,26.5));
#10521=CARTESIAN_POINT('',(-156.956250254009,56.4433783845673,26.));
#10522=CARTESIAN_POINT('Origin',(-155.,58.0000008642673,26.));
#10523=CARTESIAN_POINT('',(-156.956250254009,56.4433783845672,25.5));
#10524=CARTESIAN_POINT('Origin',(-155.,58.0000008642673,25.5));
#10525=CARTESIAN_POINT('',(-156.956250254009,56.4433783845673,26.5));
#10526=CARTESIAN_POINT('Origin',(-155.,58.0000008642673,26.5));
#10527=CARTESIAN_POINT('Origin',(-155.,58.0000008642673,26.));
#10528=CARTESIAN_POINT('',(-155.,60.5000009015203,26.5));
#10529=CARTESIAN_POINT('Origin',(-155.,58.0000008642673,25.5));
#10530=CARTESIAN_POINT('Origin',(-155.,68.5053285499721,26.5));
#10531=CARTESIAN_POINT('',(-155.,66.1001954233967,26.));
#10532=CARTESIAN_POINT('',(-155.,38.0976771037396,26.));
#10533=CARTESIAN_POINT('',(-155.,66.1001954233966,25.5));
#10534=CARTESIAN_POINT('',(-155.,68.5053285499721,25.5));
#10535=CARTESIAN_POINT('',(-155.,66.1001954233967,26.5));
#10536=CARTESIAN_POINT('Origin',(-154.,68.5053285499721,26.5));
#10537=CARTESIAN_POINT('',(-154.,60.5000009015203,26.));
#10538=CARTESIAN_POINT('',(-154.,38.0976771037396,26.));
#10539=CARTESIAN_POINT('',(-154.,60.5000009015203,25.5));
#10540=CARTESIAN_POINT('',(-154.,68.5053285499721,25.5));
#10541=CARTESIAN_POINT('',(-154.,60.5000009015203,26.5));
#10542=CARTESIAN_POINT('Origin',(-155.,60.5000009015203,26.));
#10543=CARTESIAN_POINT('',(-155.,60.5000009015203,26.));
#10544=CARTESIAN_POINT('',(-155.,60.5000009015203,25.5));
#10545=CARTESIAN_POINT('Origin',(-155.285627066298,0.257834922250706,25.5));
#10546=CARTESIAN_POINT('',(-114.733578174876,-55.4219750021667,25.5));
#10547=CARTESIAN_POINT('',(-135.777285273838,26.4577970114648,25.5));
#10548=CARTESIAN_POINT('',(-89.8475608816086,21.1693107271807,25.5));
#10549=CARTESIAN_POINT('',(-135.777285273838,26.4577970114648,25.5));
#10550=CARTESIAN_POINT('',(-157.,58.0000008642673,25.5));
#10551=CARTESIAN_POINT('Origin',(-155.,58.0000008642673,25.5));
#10552=CARTESIAN_POINT('',(-154.895564682902,-32.7625581096485,25.5));
#10553=CARTESIAN_POINT('',(-186.006568460908,-10.1945593789454,25.5));
#10554=CARTESIAN_POINT('',(-172.599613303634,5.7184610084333,25.5));
#10555=CARTESIAN_POINT('',(-165.223857900262,3.32193280328147,25.5));
#10556=CARTESIAN_POINT('',(-172.599613303634,5.7184610084333,25.5));
#10557=CARTESIAN_POINT('',(-137.400386696366,5.71846100843329,25.5));
#10558=CARTESIAN_POINT('',(-137.400386696366,5.71846100843329,25.5));
#10559=CARTESIAN_POINT('',(-89.8475608816086,21.1693107271807,25.5));
#10560=CARTESIAN_POINT('',(-148.681308321489,-8.6969329873341,25.5));
#10561=CARTESIAN_POINT('',(-145.249999631895,-1.19403067424856E-15,25.5));
#10562=CARTESIAN_POINT('Origin',(-155.,0.,25.5));
#10563=CARTESIAN_POINT('',(-158.223382090617,59.7669111850978,25.5));
#10564=CARTESIAN_POINT('',(-155.,55.500003144145,25.5));
#10565=CARTESIAN_POINT('',(-176.629982060508,18.7870367034813,25.5));
#10566=CARTESIAN_POINT('',(-155.,40.2423621951962,25.5));
#10567=CARTESIAN_POINT('',(-155.,55.500003144145,25.5));
#10568=CARTESIAN_POINT('',(-162.497882854432,50.8916944153434,25.5));
#10569=CARTESIAN_POINT('',(-143.721987287274,41.4308080873489,25.5));
#10570=CARTESIAN_POINT('',(-143.03075189546,39.9188082292711,25.5));
#10571=CARTESIAN_POINT('',(-143.24056421826,41.921597904542,25.5));
#10572=CARTESIAN_POINT('',(-162.648881349786,49.3691257294937,25.5));
#10573=CARTESIAN_POINT('',(-163.315548016453,50.3160003274658,25.5));
#10574=CARTESIAN_POINT('',(-176.629982060508,18.7870367034813,25.5));
#10575=CARTESIAN_POINT('',(-170.831096032906,31.4714492127081,25.5));
#10576=CARTESIAN_POINT('',(-176.629982060508,18.7870367034813,25.5));
#10577=CARTESIAN_POINT('',(-155.,18.5053285499721,25.5));
#10578=CARTESIAN_POINT('',(-154.,19.3243571652863,25.5));
#10579=CARTESIAN_POINT('',(-154.,55.500003144145,25.5));
#10580=CARTESIAN_POINT('',(-138.368903967094,32.1266721049594,25.5));
#10581=CARTESIAN_POINT('',(-155.,19.7979258858442,25.5));
#10582=CARTESIAN_POINT('',(-154.366369872052,19.2789646795294,25.5));
#10583=CARTESIAN_POINT('',(-155.,55.500003144145,25.5));
#10584=CARTESIAN_POINT('',(-139.59885017559,32.4119083007766,25.5));
#10585=CARTESIAN_POINT('',(-139.002534095043,32.9003082345166,25.5));
#10586=CARTESIAN_POINT('',(-143.03075189546,39.9188082292711,25.5));
#10587=CARTESIAN_POINT('',(-136.312427200365,5.02049825314958,25.5));
#10588=CARTESIAN_POINT('',(-89.5385438872336,20.2182542108855,25.5));
#10589=CARTESIAN_POINT('',(-137.400386696366,5.71846100843329,25.5));
#10590=CARTESIAN_POINT('',(-136.171053577139,6.11789555210152,25.5));
#10591=CARTESIAN_POINT('',(-136.468812536426,5.35490965782282,25.5));
#10592=CARTESIAN_POINT('',(-89.8475608816086,21.1693107271807,25.5));
#10593=CARTESIAN_POINT('',(-119.415226376328,-4.63153341388108,25.5));
#10594=CARTESIAN_POINT('',(-136.860417491793,6.56014578203504,25.5));
#10595=CARTESIAN_POINT('',(-113.479569408534,0.820521858038004,25.5));
#10596=CARTESIAN_POINT('',(-116.727239203149,12.4355738121075,25.5));
#10597=CARTESIAN_POINT('',(-117.579066326022,11.29905437216,25.5));
#10598=CARTESIAN_POINT('',(-89.8475608816086,21.1693107271807,25.5));
#10599=CARTESIAN_POINT('',(-104.830686228558,8.76474595883344,25.5));
#10600=CARTESIAN_POINT('',(-118.084411187567,12.8543459331352,25.5));
#10601=CARTESIAN_POINT('',(-113.479569408534,0.820521858038004,25.5));
#10602=CARTESIAN_POINT('',(-97.5803850485824,15.4243361248035,25.5));
#10603=CARTESIAN_POINT('',(-108.818623399907,15.9877166605199,25.5));
#10604=CARTESIAN_POINT('',(-113.479569408534,0.820521858038004,25.5));
#10605=CARTESIAN_POINT('',(-106.19903449917,15.8563948864021,25.5));
#10606=CARTESIAN_POINT('',(-108.241137436011,14.2103976164873,25.5));
#10607=CARTESIAN_POINT('',(-89.8475608816086,21.1693107271807,25.5));
#10608=CARTESIAN_POINT('',(-112.111862402144,2.07679630837988,25.5));
#10609=CARTESIAN_POINT('',(-127.444436072736,9.70396987762718,25.5));
#10610=CARTESIAN_POINT('',(-113.479569408534,0.820521858038004,25.5));
#10611=CARTESIAN_POINT('',(-126.531677096634,9.24991883002192,25.5));
#10612=CARTESIAN_POINT('',(-127.003230110498,8.3460775511453,25.5));
#10613=CARTESIAN_POINT('',(-89.8475608816086,21.1693107271807,25.5));
#10614=CARTESIAN_POINT('',(-131.346132984252,-32.5567549097057,25.5));
#10615=CARTESIAN_POINT('',(-114.733578174876,-55.4219750021667,25.5));
#10616=CARTESIAN_POINT('',(-132.690256260747,-32.0978229951218,25.5));
#10617=CARTESIAN_POINT('',(-125.756610937612,-41.9513736154791,25.5));
#10618=CARTESIAN_POINT('',(-115.542595169251,-56.0097602544592,25.5));
#10619=CARTESIAN_POINT('',(-123.44299744545,-50.5081154224315,25.5));
#10620=CARTESIAN_POINT('',(-124.839344636676,-41.5125807516409,25.5));
#10621=CARTESIAN_POINT('',(-127.03582557778,-40.0790665757114,25.5));
#10622=CARTESIAN_POINT('',(-114.733578174876,-55.4219750021667,25.5));
#10623=CARTESIAN_POINT('',(-122.586947788525,-49.8429169731886,25.5));
#10624=CARTESIAN_POINT('',(-122.477661920998,-50.2471033054104,25.5));
#10625=CARTESIAN_POINT('',(-141.53697063616,-39.1513027090012,25.5));
#10626=CARTESIAN_POINT('',(-137.405608843013,-24.2166018901751,25.5));
#10627=CARTESIAN_POINT('',(-114.733578174876,-55.4219750021667,25.5));
#10628=CARTESIAN_POINT('',(-138.410930876018,-24.0474306389513,25.5));
#10629=CARTESIAN_POINT('',(-139.771685963069,-40.1472773810599,25.5));
#10630=CARTESIAN_POINT('',(-141.53697063616,-39.1513027090012,25.5));
#10631=CARTESIAN_POINT('',(-139.872686390864,-40.8273080639148,25.5));
#10632=CARTESIAN_POINT('',(-121.73575581114,-25.8393975859552,25.5));
#10633=CARTESIAN_POINT('',(-126.500357857345,-2.27693077501816,25.5));
#10634=CARTESIAN_POINT('',(-138.244988266575,-23.0612952271689,25.5));
#10635=CARTESIAN_POINT('',(-148.40855024301,-35.2743533705859,25.5));
#10636=CARTESIAN_POINT('',(-141.53697063616,-39.1513027090012,25.5));
#10637=CARTESIAN_POINT('',(-148.603905807919,-36.0199830148836,25.5));
#10638=CARTESIAN_POINT('',(-210.519641606724,21.2718528088382,25.5));
#10639=CARTESIAN_POINT('',(-189.217171376833,23.7246831517786,25.5));
#10640=CARTESIAN_POINT('',(-201.758862563989,14.2103976164873,25.5));
#10641=CARTESIAN_POINT('',(-206.604488146272,15.7158523885029,25.5));
#10642=CARTESIAN_POINT('',(-165.532874894637,2.37087628698631,25.5));
#10643=CARTESIAN_POINT('',(-201.181376600093,15.9877166605199,25.5));
#10644=CARTESIAN_POINT('',(-200.771581195258,22.3942737348635,25.5));
#10645=CARTESIAN_POINT('',(-189.217171376833,23.7246831517786,25.5));
#10646=CARTESIAN_POINT('',(-193.516042383248,11.6847369878271,25.5));
#10647=CARTESIAN_POINT('',(-211.38596105646,14.4748981438148,25.5));
#10648=CARTESIAN_POINT('',(-201.131308792488,14.9889708396817,25.5));
#10649=CARTESIAN_POINT('',(-179.602416677592,-14.7191138469916,25.5));
#10650=CARTESIAN_POINT('',(-190.917942415838,23.5288512709758,25.5));
#10651=CARTESIAN_POINT('',(-189.217171376833,23.7246831517786,25.5));
#10652=CARTESIAN_POINT('',(-182.996769889502,8.3460775511453,25.5));
#10653=CARTESIAN_POINT('',(-184.746900527083,8.61389165889205,25.5));
#10654=CARTESIAN_POINT('',(-165.532874894637,2.37087628698631,25.5));
#10655=CARTESIAN_POINT('',(-182.555563927264,9.70396987762718,25.5));
#10656=CARTESIAN_POINT('',(-181.066339566357,24.6631943840058,25.5));
#10657=CARTESIAN_POINT('',(-189.217171376833,23.7246831517786,25.5));
#10658=CARTESIAN_POINT('',(-173.531187463574,5.35490965782283,25.5));
#10659=CARTESIAN_POINT('',(-197.099355682972,1.3522796085815,25.5));
#10660=CARTESIAN_POINT('',(-182.110178466585,8.80863095218277,25.5));
#10661=CARTESIAN_POINT('',(-179.602416677592,-14.7191138469916,25.5));
#10662=CARTESIAN_POINT('',(-185.24838754914,-11.1364525928601,25.5));
#10663=CARTESIAN_POINT('',(-188.725642853036,-22.5361388835632,25.5));
#10664=CARTESIAN_POINT('',(-161.819647314311,-9.23978739916233,25.5));
#10665=CARTESIAN_POINT('',(-167.634958361772,-15.0935463224713,25.5));
#10666=CARTESIAN_POINT('',(-173.214003867542,-21.758196839349,25.5));
#10667=CARTESIAN_POINT('',(-161.900337975186,-8.24304820697235,25.5));
#10668=CARTESIAN_POINT('',(-166.791163821204,-15.0902375934677,25.5));
#10669=CARTESIAN_POINT('',(-171.501853019463,-40.1863525339434,25.5));
#10670=CARTESIAN_POINT('',(-186.477961122363,-15.167434439484,25.5));
#10671=CARTESIAN_POINT('',(-166.791163821204,-15.0902375934677,25.5));
#10672=CARTESIAN_POINT('',(-188.725642853036,-22.5361388835632,25.5));
#10673=CARTESIAN_POINT('',(-180.781804701746,-30.7985869363908,25.5));
#10674=CARTESIAN_POINT('',(-186.051841521314,-37.0940999550904,25.5));
#10675=CARTESIAN_POINT('',(-161.900337975186,-8.24304820697235,25.5));
#10676=CARTESIAN_POINT('',(-179.355602524529,-30.3869259590764,25.5));
#10677=CARTESIAN_POINT('',(-186.051841521314,-37.0940999550904,25.5));
#10678=CARTESIAN_POINT('',(-192.256201557565,-34.1105727818864,25.5));
#10679=CARTESIAN_POINT('',(-179.355602524529,-30.3869259590764,25.5));
#10680=CARTESIAN_POINT('',(-188.725642853036,-22.5361388835632,25.5));
#10681=CARTESIAN_POINT('',(-195.130074831791,-43.5321570206708,25.5));
#10682=CARTESIAN_POINT('',(-185.548999512263,-37.9584782946701,25.5));
#10683=CARTESIAN_POINT('',(-188.725642853036,-22.5361388835632,25.5));
#10684=CARTESIAN_POINT('',(-187.826042574222,-39.2831215157455,25.5));
#10685=CARTESIAN_POINT('',(-187.001607805436,-36.7811398848834,25.5));
#10686=CARTESIAN_POINT('',(-187.939587151346,-39.349174748067,25.5));
#10687=CARTESIAN_POINT('',(-161.900337975186,-8.24304820697235,25.5));
#10688=CARTESIAN_POINT('',(-185.548999512263,-37.9584782946701,25.5));
#10689=CARTESIAN_POINT('',(-189.371229107738,-24.652601476618,25.5));
#10690=CARTESIAN_POINT('',(-173.097965856658,-22.7514416128213,25.5));
#10691=CARTESIAN_POINT('',(-188.725642853036,-22.5361388835632,25.5));
#10692=CARTESIAN_POINT('',(-174.148165602399,-22.8741335139334,25.5));
#10693=CARTESIAN_POINT('',(-179.632922694428,-29.4261483972197,25.5));
#10694=CARTESIAN_POINT('',(-161.900337975186,-8.24304820697235,25.5));
#10695=CARTESIAN_POINT('',(-173.097965856658,-22.7514416128213,25.5));
#10696=CARTESIAN_POINT('',(-180.631128404671,-44.2675693795729,25.5));
#10697=CARTESIAN_POINT('',(-162.675726756985,-9.16931691011408,25.5));
#10698=CARTESIAN_POINT('',(-155.857096927048,-33.0372501981198,25.5));
#10699=CARTESIAN_POINT('',(-161.900337975186,-8.24304820697235,25.5));
#10700=CARTESIAN_POINT('',(-189.823204564748,-5.33105439785446,25.5));
#10701=CARTESIAN_POINT('',(-172.599613303634,5.7184610084333,25.5));
#10702=CARTESIAN_POINT('',(-179.602416677592,-14.7191138469916,25.5));
#10703=CARTESIAN_POINT('',(-138.086525713542,23.2794002202355,25.5));
#10704=CARTESIAN_POINT('',(-145.708125319855,3.68443422041058,25.5));
#10705=CARTESIAN_POINT('',(-154.367242011585,9.97565075191329,25.5));
#10706=CARTESIAN_POINT('',(-164.678531092042,4.67851940411099,25.5));
#10707=CARTESIAN_POINT('Origin',(-155.,0.,25.5));
#10708=CARTESIAN_POINT('',(-164.291874680145,3.68443422041058,25.5));
#10709=CARTESIAN_POINT('',(-144.450444842587,-16.2215186043804,25.5));
#10710=CARTESIAN_POINT('',(-115.542595169251,-56.0097602544592,25.5));
#10711=CARTESIAN_POINT('',(-149.571255257171,-35.7665366832255,25.5));
#10712=CARTESIAN_POINT('',(-147.922238722949,-9.74170265914391,25.5));
#10713=CARTESIAN_POINT('',(-148.738069002928,-9.69532080028187,25.5));
#10714=CARTESIAN_POINT('',(-114.733578174876,-55.4219750021667,25.5));
#10715=CARTESIAN_POINT('',(-147.832598206316,50.4223082330443,25.5));
#10716=CARTESIAN_POINT('',(-143.03075189546,39.9188082292711,25.5));
#10717=CARTESIAN_POINT('',(-155.817665162021,39.0810226378498,25.5));
#10718=CARTESIAN_POINT('Origin',(-155.,68.5053285499721,26.5));
#10719=CARTESIAN_POINT('',(-135.777285273838,26.4577970114648,26.));
#10720=CARTESIAN_POINT('',(-143.50178506712,43.3542735655898,26.));
#10721=CARTESIAN_POINT('',(-135.777285273838,26.4577970114648,26.5));
#10722=CARTESIAN_POINT('Origin',(-154.06560808239,48.861575296351,26.5));
#10723=CARTESIAN_POINT('',(-147.272429872241,31.0438944923392,26.));
#10724=CARTESIAN_POINT('Origin',(-173.313248315037,26.0420196106421,26.5));
#10725=CARTESIAN_POINT('',(-175.200105884836,21.9147303955135,26.));
#10726=CARTESIAN_POINT('Origin',(-155.,38.5053285499721,26.5));
#10727=CARTESIAN_POINT('',(-162.648881349786,49.3691257294937,26.));
#10728=CARTESIAN_POINT('',(-147.747233278535,28.2041376896143,26.));
#10729=CARTESIAN_POINT('',(-162.648881349786,49.3691257294937,26.5));
#10730=CARTESIAN_POINT('Origin',(-147.502117145568,50.8916944153434,26.5));
#10731=CARTESIAN_POINT('',(-147.832598206316,50.4223082330443,26.));
#10732=CARTESIAN_POINT('',(-158.912657875259,34.6851676662387,26.));
#10733=CARTESIAN_POINT('',(-147.832598206316,50.4223082330443,26.5));
#10734=CARTESIAN_POINT('Origin',(-154.182334837979,39.0810226378498,26.5));
#10735=CARTESIAN_POINT('',(-155.,40.2423621951962,26.));
#10736=CARTESIAN_POINT('',(-146.929568116514,28.7798317774919,26.));
#10737=CARTESIAN_POINT('',(-155.,40.2423621951962,26.5));
#10738=CARTESIAN_POINT('Origin',(-155.,55.500003144145,26.5));
#10739=CARTESIAN_POINT('',(-155.,31.5950144008261,26.));
#10740=CARTESIAN_POINT('Origin',(-155.909466411125,68.0895511491495,26.5));
#10741=CARTESIAN_POINT('',(-144.411251478245,42.9384961647671,26.));
#10742=CARTESIAN_POINT('Origin',(-155.,18.5053285499721,26.5));
#10743=CARTESIAN_POINT('',(-170.831096032906,31.4714492127081,26.));
#10744=CARTESIAN_POINT('',(-152.3491738048,16.3342260418787,26.));
#10745=CARTESIAN_POINT('',(-170.831096032906,31.4714492127081,26.5));
#10746=CARTESIAN_POINT('Origin',(-154.366369872052,19.2789646795294,26.5));
#10747=CARTESIAN_POINT('',(-155.,19.7979258858441,26.));
#10748=CARTESIAN_POINT('',(-151.715543676851,17.1078621714359,26.));
#10749=CARTESIAN_POINT('',(-155.,19.7979258858441,26.5));
#10750=CARTESIAN_POINT('Origin',(-138.368903967094,32.1266721049594,26.5));
#10751=CARTESIAN_POINT('',(-154.,19.3243571652863,26.));
#10752=CARTESIAN_POINT('',(-149.335278178748,23.1448978193723,26.));
#10753=CARTESIAN_POINT('',(-154.,19.3243571652863,26.5));
#10754=CARTESIAN_POINT('Origin',(-139.002534095043,32.9003082345166,26.5));
#10755=CARTESIAN_POINT('',(-139.59885017559,32.4119083007766,26.));
#10756=CARTESIAN_POINT('',(-149.968908306696,23.9185339489295,26.));
#10757=CARTESIAN_POINT('',(-139.59885017559,32.4119083007766,26.5));
#10758=CARTESIAN_POINT('Origin',(-155.,55.500003144145,26.5));
#10759=CARTESIAN_POINT('',(-155.,31.5950144008261,26.));
#10760=CARTESIAN_POINT('Origin',(-155.909466411125,68.0895511491495,26.5));
#10761=CARTESIAN_POINT('',(-144.411251478245,42.9384961647671,26.));
#10762=CARTESIAN_POINT('Origin',(-143.24056421826,41.921597904542,26.5));
#10763=CARTESIAN_POINT('',(-143.721987287274,41.4308080873489,26.));
#10764=CARTESIAN_POINT('',(-154.680084975414,30.2595055318551,26.));
#10765=CARTESIAN_POINT('',(-143.721987287274,41.4308080873489,26.5));
#10766=CARTESIAN_POINT('Origin',(-173.313248315037,26.0420196106421,26.5));
#10767=CARTESIAN_POINT('',(-175.200105884836,21.9147303955135,26.));
#10768=CARTESIAN_POINT('Origin',(-173.313248315037,26.0420196106421,26.5));
#10769=CARTESIAN_POINT('',(-175.200105884836,21.9147303955135,26.));
#10770=CARTESIAN_POINT('Origin',(-155.909466411125,68.0895511491495,26.5));
#10771=CARTESIAN_POINT('',(-144.411251478245,42.9384961647671,26.));
#10772=CARTESIAN_POINT('Origin',(-137.400386696366,5.71846100843329,26.5));
#10773=CARTESIAN_POINT('',(-137.400386696366,5.71846100843329,26.));
#10774=CARTESIAN_POINT('',(-138.229593613311,3.5936779873485,26.));
#10775=CARTESIAN_POINT('',(-137.400386696366,5.71846100843329,26.5));
#10776=CARTESIAN_POINT('Origin',(-119.306427838451,-5.88942460208144,26.5));
#10777=CARTESIAN_POINT('',(-136.312427200365,5.02049825314959,26.));
#10778=CARTESIAN_POINT('',(-135.035505118231,4.20130961790707,26.));
#10779=CARTESIAN_POINT('',(-136.312427200365,5.02049825314959,26.5));
#10780=CARTESIAN_POINT('Origin',(-136.468812536426,5.35490965782282,26.5));
#10781=CARTESIAN_POINT('',(-136.171053577139,6.11789555210152,26.));
#10782=CARTESIAN_POINT('',(-137.29801945337,3.23012663673803,26.));
#10783=CARTESIAN_POINT('',(-136.171053577139,6.11789555210152,26.5));
#10784=CARTESIAN_POINT('Origin',(-118.766458633878,-5.04773982847969,26.5));
#10785=CARTESIAN_POINT('',(-119.415226376328,-4.63153341388109,26.));
#10786=CARTESIAN_POINT('',(-134.495535913658,5.04299439150882,26.));
#10787=CARTESIAN_POINT('',(-119.415226376328,-4.63153341388109,26.5));
#10788=CARTESIAN_POINT('Origin',(-135.777285273838,26.4577970114648,26.5));
#10789=CARTESIAN_POINT('',(-144.196532258792,27.4272143722941,26.));
#10790=CARTESIAN_POINT('Origin',(-144.776142099738,3.32193280328146,26.5));
#10791=CARTESIAN_POINT('',(-148.758050132061,2.02813245499185,26.));
#10792=CARTESIAN_POINT('Origin',(-90.5240292648401,21.9057824011017,26.5));
#10793=CARTESIAN_POINT('',(-111.550750722679,2.5921919767551,26.));
#10794=CARTESIAN_POINT('Origin',(-127.003230110498,8.3460775511453,26.5));
#10795=CARTESIAN_POINT('',(-126.531677096634,9.24991883002193,26.));
#10796=CARTESIAN_POINT('',(-130.132785732331,2.34755464409745,26.));
#10797=CARTESIAN_POINT('',(-126.531677096634,9.24991883002193,26.5));
#10798=CARTESIAN_POINT('Origin',(-111.496325638562,1.7705981556785,26.5));
#10799=CARTESIAN_POINT('',(-112.111862402144,2.07679630837988,26.));
#10800=CARTESIAN_POINT('',(-130.11353767824,11.031711824707,26.));
#10801=CARTESIAN_POINT('',(-112.111862402144,2.07679630837988,26.5));
#10802=CARTESIAN_POINT('Origin',(-144.776142099738,3.32193280328146,26.5));
#10803=CARTESIAN_POINT('',(-148.758050132061,2.02813245499185,26.));
#10804=CARTESIAN_POINT('Origin',(-90.5240292648401,21.9057824011017,26.5));
#10805=CARTESIAN_POINT('',(-111.550750722679,2.5921919767551,26.));
#10806=CARTESIAN_POINT('Origin',(-117.579066326022,11.29905437216,26.5));
#10807=CARTESIAN_POINT('',(-116.727239203149,12.4355738121075,26.));
#10808=CARTESIAN_POINT('',(-125.175151045374,1.16425387189397,26.));
#10809=CARTESIAN_POINT('',(-116.727239203149,12.4355738121075,26.5));
#10810=CARTESIAN_POINT('Origin',(-104.282149177134,8.59548809975254,26.5));
#10811=CARTESIAN_POINT('',(-104.830686228558,8.76474595883344,26.));
#10812=CARTESIAN_POINT('',(-127.308978312674,15.7006996634604,26.));
#10813=CARTESIAN_POINT('',(-104.830686228558,8.76474595883344,26.5));
#10814=CARTESIAN_POINT('Origin',(-144.776142099738,3.32193280328146,26.5));
#10815=CARTESIAN_POINT('',(-148.758050132061,2.02813245499185,26.));
#10816=CARTESIAN_POINT('Origin',(-90.5240292648401,21.9057824011017,26.5));
#10817=CARTESIAN_POINT('',(-111.550750722679,2.5921919767551,26.));
#10818=CARTESIAN_POINT('Origin',(-108.241137436011,14.2103976164873,26.5));
#10819=CARTESIAN_POINT('',(-106.19903449917,15.8563948864021,26.));
#10820=CARTESIAN_POINT('',(-124.006109405094,1.50334923354012,26.));
#10821=CARTESIAN_POINT('',(-106.19903449917,15.8563948864021,26.5));
#10822=CARTESIAN_POINT('Origin',(-97.1622098132146,15.4033727157033,26.5));
#10823=CARTESIAN_POINT('',(-97.5803850485824,15.4243361248035,26.));
#10824=CARTESIAN_POINT('',(-125.815758431521,16.8397946055142,26.));
#10825=CARTESIAN_POINT('',(-97.5803850485824,15.4243361248035,26.5));
#10826=CARTESIAN_POINT('Origin',(-144.776142099738,3.32193280328146,26.5));
#10827=CARTESIAN_POINT('',(-148.758050132061,2.02813245499185,26.));
#10828=CARTESIAN_POINT('Origin',(-90.5240292648401,21.9057824011017,26.5));
#10829=CARTESIAN_POINT('',(-111.550750722679,2.5921919767551,26.));
#10830=CARTESIAN_POINT('Origin',(-127.03582557778,-40.0790665757114,26.5));
#10831=CARTESIAN_POINT('',(-124.839344636676,-41.5125807516409,26.));
#10832=CARTESIAN_POINT('',(-147.773103877834,-26.5450623159748,26.));
#10833=CARTESIAN_POINT('',(-124.839344636676,-41.5125807516409,26.5));
#10834=CARTESIAN_POINT('Origin',(-123.44299744545,-50.5081154224315,26.5));
#10835=CARTESIAN_POINT('',(-125.756610937612,-41.9513736154791,26.));
#10836=CARTESIAN_POINT('',(-131.849870567116,-19.4158681868459,26.));
#10837=CARTESIAN_POINT('',(-125.756610937612,-41.9513736154791,26.5));
#10838=CARTESIAN_POINT('Origin',(-122.477661920998,-50.2471033054104,26.5));
#10839=CARTESIAN_POINT('',(-122.586947788525,-49.8429169731886,26.));
#10840=CARTESIAN_POINT('',(-130.884535042664,-19.1548560698249,26.));
#10841=CARTESIAN_POINT('',(-122.586947788525,-49.8429169731886,26.5));
#10842=CARTESIAN_POINT('Origin',(-148.681308321489,-8.69693298733409,26.5));
#10843=CARTESIAN_POINT('',(-153.669066413757,-1.83187292545299,26.));
#10844=CARTESIAN_POINT('Origin',(-114.242192216902,-54.5510330751094,26.5));
#10845=CARTESIAN_POINT('',(-143.019013136732,-38.3151334406766,26.));
#10846=CARTESIAN_POINT('Origin',(-132.690256260747,-32.0978229951218,26.5));
#10847=CARTESIAN_POINT('',(-131.346132984251,-32.5567549097057,26.));
#10848=CARTESIAN_POINT('',(-148.763798850678,-26.6097388261037,26.));
#10849=CARTESIAN_POINT('',(-131.346132984251,-32.5567549097057,26.5));
#10850=CARTESIAN_POINT('Origin',(-148.681308321489,-8.69693298733409,26.5));
#10851=CARTESIAN_POINT('',(-153.669066413757,-1.83187292545299,26.));
#10852=CARTESIAN_POINT('Origin',(-149.490325315864,-9.28471823962657,26.5));
#10853=CARTESIAN_POINT('',(-154.478083408132,-2.41965817774547,26.));
#10854=CARTESIAN_POINT('Origin',(-138.410930876018,-24.0474306389513,26.5));
#10855=CARTESIAN_POINT('',(-137.405608843013,-24.2166018901751,26.));
#10856=CARTESIAN_POINT('',(-149.073847820433,-22.2531210128202,26.));
#10857=CARTESIAN_POINT('',(-137.405608843013,-24.2166018901751,26.5));
#10858=CARTESIAN_POINT('Origin',(-138.244988266575,-23.0612952271689,26.5));
#10859=CARTESIAN_POINT('',(-121.73575581114,-25.8393975859552,26.));
#10860=CARTESIAN_POINT('',(-148.90790521099,-21.2669856010378,26.));
#10861=CARTESIAN_POINT('',(-121.73575581114,-25.8393975859552,26.5));
#10862=CARTESIAN_POINT('Origin',(-139.872686390864,-40.8273080639148,26.5));
#10863=CARTESIAN_POINT('',(-139.771685963069,-40.1472773810599,26.));
#10864=CARTESIAN_POINT('',(-136.510718529695,-18.1913514617056,26.));
#10865=CARTESIAN_POINT('',(-139.771685963069,-40.1472773810599,26.5));
#10866=CARTESIAN_POINT('Origin',(-124.87715582388,-10.3041791517064,26.5));
#10867=CARTESIAN_POINT('',(-127.216666066524,1.26544028588605,26.));
#10868=CARTESIAN_POINT('Origin',(-148.681308321489,-8.69693298733409,26.5));
#10869=CARTESIAN_POINT('',(-153.669066413757,-1.83187292545299,26.));
#10870=CARTESIAN_POINT('Origin',(-114.242192216902,-54.5510330751094,26.5));
#10871=CARTESIAN_POINT('',(-143.019013136732,-38.3151334406766,26.));
#10872=CARTESIAN_POINT('Origin',(-154.,55.500003144145,26.5));
#10873=CARTESIAN_POINT('',(-154.,31.5950144008261,26.));
#10874=CARTESIAN_POINT('Origin',(-155.,55.500003144145,26.));
#10875=CARTESIAN_POINT('',(-155.,55.500003144145,26.));
#10876=CARTESIAN_POINT('Origin',(-144.776142099738,3.32193280328146,26.5));
#10877=CARTESIAN_POINT('',(-148.758050132061,2.02813245499185,26.));
#10878=CARTESIAN_POINT('Origin',(-144.467125105363,2.37087628698631,26.5));
#10879=CARTESIAN_POINT('',(-148.449033137686,1.0770759386967,26.));
#10880=CARTESIAN_POINT('Origin',(-148.681308321489,-8.6969329873341,26.5));
#10881=CARTESIAN_POINT('',(-152.294793153378,-8.4914979261628,26.));
#10882=CARTESIAN_POINT('Origin',(-148.738069002928,-9.69532080028187,26.5));
#10883=CARTESIAN_POINT('',(-147.922238722949,-9.74170265914391,26.));
#10884=CARTESIAN_POINT('',(-152.351553834816,-9.48988573911057,26.));
#10885=CARTESIAN_POINT('',(-147.922238722949,-9.74170265914391,26.5));
#10886=CARTESIAN_POINT('Origin',(-149.571255257171,-35.7665366832255,26.5));
#10887=CARTESIAN_POINT('',(-144.450444842587,-16.2215186043804,26.));
#10888=CARTESIAN_POINT('',(-144.418464980866,-16.0994584371621,26.));
#10889=CARTESIAN_POINT('',(-144.450444842587,-16.2215186043804,26.5));
#10890=CARTESIAN_POINT('Origin',(-148.603905807919,-36.0199830148836,26.5));
#10891=CARTESIAN_POINT('',(-148.40855024301,-35.2743533705859,26.));
#10892=CARTESIAN_POINT('',(-143.451115531614,-16.3529047688202,26.));
#10893=CARTESIAN_POINT('',(-148.40855024301,-35.2743533705859,26.5));
#10894=CARTESIAN_POINT('Origin',(-123.896994217026,-10.1059791909342,26.5));
#10895=CARTESIAN_POINT('',(-126.236504459671,1.46364024665831,26.));
#10896=CARTESIAN_POINT('Origin',(-114.242192216902,-54.5510330751094,26.5));
#10897=CARTESIAN_POINT('',(-143.019013136732,-38.3151334406766,26.));
#10898=CARTESIAN_POINT('Origin',(-136.709268493955,26.8202984285939,26.5));
#10899=CARTESIAN_POINT('',(-138.086525713542,23.2794002202355,26.));
#10900=CARTESIAN_POINT('',(-141.142571887566,15.4223723039036,26.));
#10901=CARTESIAN_POINT('',(-138.086525713542,23.2794002202355,26.5));
#10902=CARTESIAN_POINT('Origin',(-164.291874680145,3.68443422041058,26.5));
#10903=CARTESIAN_POINT('',(-164.678531092042,4.67851940411099,26.));
#10904=CARTESIAN_POINT('',(-164.357999699484,3.85444019981195,26.));
#10905=CARTESIAN_POINT('',(-164.678531092042,4.67851940411099,26.5));
#10906=CARTESIAN_POINT('Origin',(-154.367242011585,9.97565075191329,26.5));
#10907=CARTESIAN_POINT('',(-155.116898951358,9.36307032662032,26.));
#10908=CARTESIAN_POINT('Origin',(-155.,0.,26.5));
#10909=CARTESIAN_POINT('Origin',(-155.,0.,26.));
#10910=CARTESIAN_POINT('Origin',(-210.845630496057,21.5346097992834,26.5));
#10911=CARTESIAN_POINT('',(-210.519641606724,21.2718528088382,26.));
#10912=CARTESIAN_POINT('',(-190.53727456094,5.16545532493819,26.));
#10913=CARTESIAN_POINT('',(-210.519641606724,21.2718528088382,26.5));
#10914=CARTESIAN_POINT('Origin',(-201.131308792488,14.9889708396817,26.5));
#10915=CARTESIAN_POINT('',(-211.38596105646,14.4748981438148,26.));
#10916=CARTESIAN_POINT('',(-178.305966967528,16.1332207570844,26.));
#10917=CARTESIAN_POINT('',(-211.38596105646,14.4748981438148,26.5));
#10918=CARTESIAN_POINT('Origin',(-201.181376600093,15.9877166605199,26.5));
#10919=CARTESIAN_POINT('',(-206.604488146272,15.7158523885029,26.));
#10920=CARTESIAN_POINT('',(-178.356034775133,17.1319665779225,26.));
#10921=CARTESIAN_POINT('',(-206.604488146272,15.7158523885029,26.5));
#10922=CARTESIAN_POINT('Origin',(-220.038051888862,20.1758744877971,26.5));
#10923=CARTESIAN_POINT('',(-188.653942707793,23.7895349907685,26.));
#10924=CARTESIAN_POINT('Origin',(-220.461456112766,20.2182542108855,26.5));
#10925=CARTESIAN_POINT('',(-189.015257471379,10.0007649006463,26.));
#10926=CARTESIAN_POINT('Origin',(-185.330100077677,-9.45808770502437,26.5));
#10927=CARTESIAN_POINT('',(-181.37631394858,-13.0897430763079,26.));
#10928=CARTESIAN_POINT('Origin',(-201.111608204642,22.8961705403711,26.5));
#10929=CARTESIAN_POINT('',(-200.771581195258,22.3942737348635,26.));
#10930=CARTESIAN_POINT('',(-190.327932785666,6.97892839476106,26.));
#10931=CARTESIAN_POINT('',(-200.771581195258,22.3942737348635,26.5));
#10932=CARTESIAN_POINT('Origin',(-220.038051888862,20.1758744877971,26.5));
#10933=CARTESIAN_POINT('',(-188.653942707793,23.7895349907685,26.));
#10934=CARTESIAN_POINT('Origin',(-191.235943359801,24.1383742120348,26.5));
#10935=CARTESIAN_POINT('',(-190.917942415838,23.5288512709758,26.));
#10936=CARTESIAN_POINT('',(-183.986801002819,10.2437029745422,26.));
#10937=CARTESIAN_POINT('',(-190.917942415838,23.5288512709758,26.5));
#10938=CARTESIAN_POINT('Origin',(-182.110178466585,8.80863095218277,26.5));
#10939=CARTESIAN_POINT('',(-197.099355682972,1.3522796085815,26.));
#10940=CARTESIAN_POINT('',(-171.467021643994,14.1030587602369,26.));
#10941=CARTESIAN_POINT('',(-197.099355682972,1.3522796085815,26.5));
#10942=CARTESIAN_POINT('Origin',(-182.555563927264,9.70396987762718,26.5));
#10943=CARTESIAN_POINT('',(-184.746900527083,8.61389165889206,26.));
#10944=CARTESIAN_POINT('',(-171.912407104673,14.9983976856813,26.));
#10945=CARTESIAN_POINT('',(-184.746900527083,8.61389165889206,26.5));
#10946=CARTESIAN_POINT('Origin',(-220.038051888862,20.1758744877971,26.5));
#10947=CARTESIAN_POINT('',(-188.653942707793,23.7895349907685,26.));
#10948=CARTESIAN_POINT('Origin',(-220.461456112766,20.2182542108855,26.5));
#10949=CARTESIAN_POINT('',(-189.015257471379,10.0007649006463,26.));
#10950=CARTESIAN_POINT('Origin',(-185.330100077677,-9.45808770502437,26.5));
#10951=CARTESIAN_POINT('',(-181.37631394858,-13.0897430763079,26.));
#10952=CARTESIAN_POINT('Origin',(-181.34656370299,25.381248557759,26.5));
#10953=CARTESIAN_POINT('',(-181.066339566357,24.6631943840058,26.));
#10954=CARTESIAN_POINT('',(-176.609668666338,13.2432960867061,26.));
#10955=CARTESIAN_POINT('',(-181.066339566357,24.6631943840058,26.5));
#10956=CARTESIAN_POINT('Origin',(-172.599613303634,5.7184610084333,26.5));
#10957=CARTESIAN_POINT('',(-189.823204564748,-5.33105439785445,26.));
#10958=CARTESIAN_POINT('',(-165.917515452812,10.0052524231644,26.));
#10959=CARTESIAN_POINT('',(-189.823204564748,-5.33105439785445,26.5));
#10960=CARTESIAN_POINT('Origin',(-180.41498954305,25.7447999083694,26.5));
#10961=CARTESIAN_POINT('',(-172.599613303634,5.71846100843329,26.));
#10962=CARTESIAN_POINT('',(-175.678094506397,13.6068474373166,26.));
#10963=CARTESIAN_POINT('',(-172.599613303634,5.71846100843329,26.5));
#10964=CARTESIAN_POINT('Origin',(-220.038051888862,20.1758744877971,26.5));
#10965=CARTESIAN_POINT('',(-188.653942707793,23.7895349907685,26.));
#10966=CARTESIAN_POINT('Origin',(-185.330100077677,-9.45808770502437,26.5));
#10967=CARTESIAN_POINT('',(-181.37631394858,-13.0897430763079,26.));
#10968=CARTESIAN_POINT('Origin',(-162.861870219331,-8.51774029544367,26.5));
#10969=CARTESIAN_POINT('',(-162.675726756985,-9.16931691011404,26.));
#10970=CARTESIAN_POINT('',(-164.705699112674,-2.06360125015091,26.));
#10971=CARTESIAN_POINT('',(-162.675726756985,-9.16931691011404,26.5));
#10972=CARTESIAN_POINT('Origin',(-148.681308321489,-8.69693298733409,26.5));
#10973=CARTESIAN_POINT('',(-153.669066413757,-1.83187292545299,26.));
#10974=CARTESIAN_POINT('Origin',(-149.490325315864,-9.28471823962657,26.5));
#10975=CARTESIAN_POINT('',(-154.478083408132,-2.41965817774547,26.));
#10976=CARTESIAN_POINT('Origin',(-161.900337975186,-8.24304820697235,26.5));
#10977=CARTESIAN_POINT('',(-163.744166868528,-1.78890916167959,26.));
#10978=CARTESIAN_POINT('Origin',(-161.900337975186,-8.24304820697235,26.5));
#10979=CARTESIAN_POINT('',(-156.557655264406,-1.86075341244361,26.));
#10980=CARTESIAN_POINT('Origin',(-155.,0.,26.5));
#10981=CARTESIAN_POINT('',(-145.249999631895,1.19403067424856E-15,26.));
#10982=CARTESIAN_POINT('',(-145.249999631895,-1.19403067424856E-15,26.5));
#10983=CARTESIAN_POINT('Origin',(-155.,0.,26.));
#10984=CARTESIAN_POINT('Origin',(-187.215380830035,-15.1703260462167,26.5));
#10985=CARTESIAN_POINT('',(-167.634958361772,-15.0935463224713,26.));
#10986=CARTESIAN_POINT('',(-171.063118202941,-15.1069889928726,26.));
#10987=CARTESIAN_POINT('',(-167.634958361772,-15.0935463224713,26.5));
#10988=CARTESIAN_POINT('Origin',(-187.215380830035,-15.1703260462167,26.5));
#10989=CARTESIAN_POINT('',(-186.477961122363,-15.167434439484,26.));
#10990=CARTESIAN_POINT('',(-171.063118202941,-15.1069889928726,26.));
#10991=CARTESIAN_POINT('',(-186.477961122363,-15.167434439484,26.5));
#10992=CARTESIAN_POINT('Origin',(-161.900337975186,-8.24304820697235,26.5));
#10993=CARTESIAN_POINT('',(-173.214003867542,-21.758196839349,26.));
#10994=CARTESIAN_POINT('',(-156.557655264406,-1.86075341244361,26.));
#10995=CARTESIAN_POINT('',(-173.214003867542,-21.758196839349,26.5));
#10996=CARTESIAN_POINT('Origin',(-197.93318744167,-52.7217624989718,26.5));
#10997=CARTESIAN_POINT('',(-187.67645211431,-19.0965164701069,26.));
#10998=CARTESIAN_POINT('Origin',(-190.020858320002,-24.7284958418507,26.5));
#10999=CARTESIAN_POINT('',(-189.371229107738,-24.652601476618,26.));
#11000=CARTESIAN_POINT('',(-170.878019401499,-22.4920914729503,26.));
#11001=CARTESIAN_POINT('',(-189.371229107738,-24.652601476618,26.5));
#11002=CARTESIAN_POINT('Origin',(-190.020858320002,-24.7284958418507,26.5));
#11003=CARTESIAN_POINT('',(-174.148165602399,-22.8741335139334,26.));
#11004=CARTESIAN_POINT('',(-170.878019401499,-22.4920914729503,26.));
#11005=CARTESIAN_POINT('',(-174.148165602399,-22.8741335139334,26.5));
#11006=CARTESIAN_POINT('Origin',(-173.214003867542,-21.758196839349,26.5));
#11007=CARTESIAN_POINT('',(-174.492365484923,-7.99898459147186,26.));
#11008=CARTESIAN_POINT('Origin',(-161.900337975186,-8.24304820697235,26.5));
#11009=CARTESIAN_POINT('',(-179.632922694428,-29.4261483972197,26.));
#11010=CARTESIAN_POINT('',(-156.557655264406,-1.86075341244361,26.));
#11011=CARTESIAN_POINT('',(-179.632922694428,-29.4261483972197,26.5));
#11012=CARTESIAN_POINT('Origin',(-197.93318744167,-52.7217624989718,26.5));
#11013=CARTESIAN_POINT('',(-187.67645211431,-19.0965164701069,26.));
#11014=CARTESIAN_POINT('Origin',(-192.777170442387,-34.2609459643863,26.5));
#11015=CARTESIAN_POINT('',(-192.256201557565,-34.1105727818864,26.));
#11016=CARTESIAN_POINT('',(-169.752468462656,-27.6150640054617,26.));
#11017=CARTESIAN_POINT('',(-192.256201557565,-34.1105727818864,26.5));
#11018=CARTESIAN_POINT('Origin',(-179.632922694428,-29.4261483972197,26.5));
#11019=CARTESIAN_POINT('',(-178.334897539807,-10.1269823358157,26.));
#11020=CARTESIAN_POINT('Origin',(-192.777170442387,-34.2609459643863,26.5));
#11021=CARTESIAN_POINT('',(-180.781804701746,-30.7985869363908,26.));
#11022=CARTESIAN_POINT('',(-169.752468462656,-27.6150640054617,26.));
#11023=CARTESIAN_POINT('',(-180.781804701746,-30.7985869363908,26.5));
#11024=CARTESIAN_POINT('Origin',(-161.900337975186,-8.24304820697235,26.5));
#11025=CARTESIAN_POINT('',(-186.051841521314,-37.0940999550904,26.));
#11026=CARTESIAN_POINT('',(-156.557655264406,-1.86075341244361,26.));
#11027=CARTESIAN_POINT('',(-186.051841521314,-37.0940999550904,26.5));
#11028=CARTESIAN_POINT('Origin',(-197.93318744167,-52.7217624989718,26.5));
#11029=CARTESIAN_POINT('',(-187.67645211431,-19.0965164701069,26.));
#11030=CARTESIAN_POINT('Origin',(-186.051841521314,-37.0940999550904,26.5));
#11031=CARTESIAN_POINT('',(-177.875378020878,-12.2802975075844,26.));
#11032=CARTESIAN_POINT('Origin',(-195.469242884635,-43.7294640762604,26.5));
#11033=CARTESIAN_POINT('',(-195.130074831791,-43.5321570206708,26.));
#11034=CARTESIAN_POINT('',(-169.176316110687,-28.433860846259,26.));
#11035=CARTESIAN_POINT('',(-195.130074831791,-43.5321570206708,26.5));
#11036=CARTESIAN_POINT('Origin',(-187.001607805436,-36.7811398848834,26.5));
#11037=CARTESIAN_POINT('',(-187.826042574222,-39.2831215157455,26.));
#11038=CARTESIAN_POINT('',(-178.825144305,-11.9673374373775,26.));
#11039=CARTESIAN_POINT('',(-187.826042574222,-39.2831215157455,26.5));
#11040=CARTESIAN_POINT('Origin',(-195.469242884635,-43.7294640762604,26.5));
#11041=CARTESIAN_POINT('',(-187.939587151346,-39.349174748067,26.));
#11042=CARTESIAN_POINT('',(-169.176316110687,-28.433860846259,26.));
#11043=CARTESIAN_POINT('',(-187.939587151346,-39.349174748067,26.5));
#11044=CARTESIAN_POINT('Origin',(-161.900337975186,-8.24304820697235,26.5));
#11045=CARTESIAN_POINT('',(-156.557655264406,-1.86075341244361,26.));
#11046=CARTESIAN_POINT('Origin',(-197.93318744167,-52.7217624989718,26.5));
#11047=CARTESIAN_POINT('',(-187.67645211431,-19.0965164701069,26.));
#11048=CARTESIAN_POINT('Origin',(-165.223857900262,3.32193280328147,26.5));
#11049=CARTESIAN_POINT('',(-160.633242019133,6.30754064725413,26.));
#11050=CARTESIAN_POINT('Origin',(-220.152439118391,21.1693107271807,26.5));
#11051=CARTESIAN_POINT('',(-188.706240477004,10.9518214169415,26.));
#11052=CARTESIAN_POINT('Origin',(-185.925877800033,-11.1912985711354,26.5));
#11053=CARTESIAN_POINT('',(-185.24838754914,-11.1364525928601,26.));
#11054=CARTESIAN_POINT('',(-169.804328559606,-9.88618438205295,26.));
#11055=CARTESIAN_POINT('',(-185.24838754914,-11.1364525928601,26.5));
#11056=CARTESIAN_POINT('Origin',(-197.93318744167,-52.7217624989718,26.5));
#11057=CARTESIAN_POINT('',(-187.67645211431,-19.0965164701069,26.));
#11058=CARTESIAN_POINT('Origin',(-155.,7.69002565750713,26.));
#11059=CARTESIAN_POINT('Origin',(-155.,7.69002565750713,26.));
#11060=CARTESIAN_POINT('Origin',(-155.,7.69002565750713,26.));
#11061=CARTESIAN_POINT('Origin',(-155.,7.69002565750713,26.));
#11062=CARTESIAN_POINT('Origin',(-155.,7.69002565750713,26.));
#11063=CARTESIAN_POINT('Origin',(-155.,7.69002565750713,26.));
#11064=CARTESIAN_POINT('Origin',(-155.,7.69002565750713,26.));
#11065=CARTESIAN_POINT('Origin',(-155.,7.69002565750713,26.));
#11066=CARTESIAN_POINT('Origin',(-155.,7.69002565750713,26.));
#11067=CARTESIAN_POINT('Origin',(-155.,7.69002565750713,26.));
#11068=CARTESIAN_POINT('',(-163.750000368105,-1.07156599433383E-15,26.));
#11069=CARTESIAN_POINT('Origin',(-155.,0.,26.));
#11070=CARTESIAN_POINT('Origin',(-155.,7.69002565750713,26.));
#11071=CARTESIAN_POINT('Origin',(-155.,7.69002565750713,26.));
#11072=CARTESIAN_POINT('Origin',(-155.,7.69002565750713,26.));
#11073=CARTESIAN_POINT('Origin',(-155.,7.69002565750713,26.));
#11074=CARTESIAN_POINT('Origin',(-155.,7.69002565750713,26.));
#11075=CARTESIAN_POINT('Origin',(-155.,7.69002565750713,26.));
#11076=CARTESIAN_POINT('Origin',(-155.,7.69002565750713,26.));
#11077=CARTESIAN_POINT('Origin',(-155.,7.69002565750713,26.));
#11078=CARTESIAN_POINT('Origin',(-155.,7.69002565750713,26.));
#11079=CARTESIAN_POINT('Origin',(-155.,7.69002565750713,26.));
#11080=CARTESIAN_POINT('Origin',(-155.,7.69002565750713,26.));
#11081=CARTESIAN_POINT('Origin',(-155.,7.69002565750713,26.));
#11082=CARTESIAN_POINT('Origin',(-155.,7.69002565750713,26.));
#11083=CARTESIAN_POINT('Origin',(-155.,7.69002565750713,26.));
#11084=CARTESIAN_POINT('Origin',(-155.,7.69002565750713,26.));
#11085=CARTESIAN_POINT('Origin',(-155.,7.69002565750713,26.));
#11086=CARTESIAN_POINT('Origin',(-155.,7.69002565750713,26.));
#11087=CARTESIAN_POINT('Origin',(-155.,7.69002565750713,26.));
#11088=CARTESIAN_POINT('Origin',(-155.,7.69002565750713,26.));
#11089=CARTESIAN_POINT('Origin',(-155.,7.69002565750713,26.));
#11090=CARTESIAN_POINT('Origin',(-155.,7.69002565750713,26.));
#11091=CARTESIAN_POINT('Origin',(-155.,7.69002565750713,26.));
#11092=CARTESIAN_POINT('Origin',(-155.,7.69002565750713,26.));
#11093=CARTESIAN_POINT('Origin',(-155.,7.69002565750713,26.));
#11094=CARTESIAN_POINT('Origin',(-155.,7.69002565750713,26.));
#11095=CARTESIAN_POINT('Origin',(-155.,7.69002565750713,26.));
#11096=CARTESIAN_POINT('Origin',(-155.,7.69002565750713,26.));
#11097=CARTESIAN_POINT('Origin',(-155.,7.69002565750713,26.));
#11098=CARTESIAN_POINT('Origin',(-155.,7.69002565750713,26.));
#11099=CARTESIAN_POINT('Origin',(-155.,7.69002565750713,26.));
#11100=CARTESIAN_POINT('Origin',(-155.,7.69002565750713,26.));
#11101=CARTESIAN_POINT('Origin',(-155.,7.69002565750713,26.));
#11102=CARTESIAN_POINT('Origin',(-155.,7.69002565750713,26.));
#11103=CARTESIAN_POINT('Origin',(-155.,7.69002565750713,26.));
#11104=CARTESIAN_POINT('Origin',(-155.,7.69002565750713,26.));
#11105=CARTESIAN_POINT('Origin',(-155.,7.69002565750713,26.));
#11106=CARTESIAN_POINT('Origin',(-155.,7.69002565750713,26.));
#11107=CARTESIAN_POINT('Origin',(-155.,7.69002565750713,26.));
#11108=CARTESIAN_POINT('Origin',(-155.,7.69002565750713,26.));
#11109=CARTESIAN_POINT('Origin',(-155.,7.69002565750713,26.));
#11110=CARTESIAN_POINT('Origin',(-155.,7.69002565750713,26.));
#11111=CARTESIAN_POINT('Origin',(-155.,7.69002565750713,26.));
#11112=CARTESIAN_POINT('Origin',(-155.,7.69002565750713,26.));
#11113=CARTESIAN_POINT('Origin',(-155.,7.69002565750713,26.));
#11114=CARTESIAN_POINT('Origin',(-155.,7.69002565750713,26.));
#11115=CARTESIAN_POINT('Origin',(-155.,7.69002565750713,26.));
#11116=CARTESIAN_POINT('',(-78.4104732186737,24.8854457764106,26.));
#11117=CARTESIAN_POINT('',(-132.402862513652,31.1022914906107,26.));
#11118=CARTESIAN_POINT('',(-132.402862513652,31.1022914906107,26.));
#11119=CARTESIAN_POINT('',(-155.,80.5309941828497,26.));
#11120=CARTESIAN_POINT('',(-132.402862513652,31.1022914906107,26.));
#11121=CARTESIAN_POINT('',(-177.597137486348,31.1022914906107,26.));
#11122=CARTESIAN_POINT('',(-155.,80.5309941828497,26.));
#11123=CARTESIAN_POINT('',(-231.589526781326,24.8854457764106,26.));
#11124=CARTESIAN_POINT('',(-177.597137486348,31.1022914906107,26.));
#11125=CARTESIAN_POINT('',(-191.707592484464,-11.7471479393898,26.));
#11126=CARTESIAN_POINT('',(-231.589526781326,24.8854457764106,26.));
#11127=CARTESIAN_POINT('',(-206.876896938835,-61.4775522137755,26.));
#11128=CARTESIAN_POINT('',(-191.707592484464,-11.7471479393898,26.));
#11129=CARTESIAN_POINT('',(-155.156652975647,-38.3561628355273,26.));
#11130=CARTESIAN_POINT('',(-206.876896938835,-61.4775522137755,26.));
#11131=CARTESIAN_POINT('',(-107.66506926687,-65.1509428678354,26.));
#11132=CARTESIAN_POINT('',(-107.66506926687,-65.1509428678354,26.));
#11133=CARTESIAN_POINT('',(-118.437063498635,-11.8800182214067,26.));
#11134=CARTESIAN_POINT('',(-107.66506926687,-65.1509428678354,26.));
#11135=CARTESIAN_POINT('',(-78.4104732186737,24.8854457764106,26.));
#11136=CARTESIAN_POINT('Origin',(-155.,7.69002565750713,26.));
#11137=CARTESIAN_POINT('Origin',(-155.,7.69002565750713,26.));
#11138=CARTESIAN_POINT('Origin',(-143.396709008092,29.0966827976337,21.5));
#11139=CARTESIAN_POINT('',(-87.4457561194919,22.9059739764102,23.));
#11140=CARTESIAN_POINT('',(-134.427516169763,28.3155948031232,23.));
#11141=CARTESIAN_POINT('',(-143.407260477225,29.3495495075068,23.));
#11142=CARTESIAN_POINT('',(-87.5029497342567,22.4092558567184,20.));
#11143=CARTESIAN_POINT('',(-87.4457561194919,22.9059739764102,23.));
#11144=CARTESIAN_POINT('',(-134.764958445782,27.8511453552086,20.));
#11145=CARTESIAN_POINT('',(-143.425305815474,28.8483237377878,20.));
#11146=CARTESIAN_POINT('',(-134.764958445782,27.8511453552086,20.));
#11147=CARTESIAN_POINT('Origin',(-177.596826127876,23.286289890961,21.5));
#11148=CARTESIAN_POINT('',(-155.909466411125,71.3262390773703,23.));
#11149=CARTESIAN_POINT('',(-175.572483830237,28.3155948031232,23.));
#11150=CARTESIAN_POINT('',(-177.693923259124,23.6751840929879,23.));
#11151=CARTESIAN_POINT('',(-155.454733205563,71.118350376959,20.));
#11152=CARTESIAN_POINT('',(-155.909466411125,71.3262390773703,23.));
#11153=CARTESIAN_POINT('',(-175.235041554218,27.8511453552086,20.));
#11154=CARTESIAN_POINT('',(-177.369459525095,23.1823455407553,20.));
#11155=CARTESIAN_POINT('',(-175.235041554218,27.8511453552086,20.));
#11156=CARTESIAN_POINT('Origin',(-183.528706267824,-14.8467348161689,21.5));
#11157=CARTESIAN_POINT('',(-223.11632503421,21.1760660631056,23.));
#11158=CARTESIAN_POINT('',(-188.28697807033,-10.8155948031232,23.));
#11159=CARTESIAN_POINT('',(-183.869455519754,-14.8732041362389,23.));
#11160=CARTESIAN_POINT('',(-222.778090842594,21.5443019000661,20.));
#11161=CARTESIAN_POINT('',(-223.11632503421,21.1760660631056,23.));
#11162=CARTESIAN_POINT('',(-187.716875667975,-10.6603359470787,20.));
#11163=CARTESIAN_POINT('',(-183.359589172016,-14.6626168976887,20.));
#11164=CARTESIAN_POINT('',(-187.716875667975,-10.6603359470787,20.));
#11165=CARTESIAN_POINT('Origin',(-191.04389556066,-20.7106264996573,21.5));
#11166=CARTESIAN_POINT('',(-200.965368594543,-54.0936331853506,20.));
#11167=CARTESIAN_POINT('',(-190.804772627306,-20.7835663566923,20.));
#11168=CARTESIAN_POINT('',(-201.44361446125,-53.9477534712806,23.));
#11169=CARTESIAN_POINT('',(-200.965368594543,-54.0936331853506,20.));
#11170=CARTESIAN_POINT('',(-191.18687913389,-20.3225074424158,23.));
#11171=CARTESIAN_POINT('Origin',(-222.439856650978,21.9125377370267,21.5));
#11172=CARTESIAN_POINT('',(-222.554243880508,22.9059739764102,23.));
#11173=CARTESIAN_POINT('Origin',(-222.439856650978,21.9125377370267,23.));
#11174=CARTESIAN_POINT('',(-222.497050265743,22.4092558567184,20.));
#11175=CARTESIAN_POINT('',(-222.554243880508,22.9059739764102,23.));
#11176=CARTESIAN_POINT('Origin',(-222.439856650978,21.9125377370267,20.));
#11177=CARTESIAN_POINT('Origin',(-200.487122727835,-54.2395128994206,21.5));
#11178=CARTESIAN_POINT('',(-200.283061885554,-54.695976668681,20.));
#11179=CARTESIAN_POINT('',(-200.079001043272,-55.1524404379413,23.));
#11180=CARTESIAN_POINT('',(-200.283061885554,-54.695976668681,20.));
#11181=CARTESIAN_POINT('Origin',(-200.487122727835,-54.2395128994206,23.));
#11182=CARTESIAN_POINT('Origin',(-200.487122727835,-54.2395128994206,20.));
#11183=CARTESIAN_POINT('Origin',(-191.180686168573,26.2667677695084,21.5));
#11184=CARTESIAN_POINT('',(-191.15208936119,26.0184087096625,20.));
#11185=CARTESIAN_POINT('',(-191.170134699439,26.5196344793815,23.));
#11186=CARTESIAN_POINT('Origin',(-147.277545063708,-31.2738539763264,21.5));
#11187=CARTESIAN_POINT('',(-155.,-35.,23.));
#11188=CARTESIAN_POINT('',(-147.047157191095,-31.4447040238332,23.));
#11189=CARTESIAN_POINT('',(-154.973891170726,-34.4406395274121,20.));
#11190=CARTESIAN_POINT('',(-147.379575484848,-31.0456220916962,20.));
#11191=CARTESIAN_POINT('',(-154.973891170726,-34.4406395274121,20.));
#11192=CARTESIAN_POINT('Origin',(-142.31779959095,-41.8682595376065,21.5));
#11193=CARTESIAN_POINT('',(-113.565569372261,-57.8032395388292,20.));
#11194=CARTESIAN_POINT('',(-142.194953101457,-41.6505240558421,20.));
#11195=CARTESIAN_POINT('',(-113.811262351248,-58.2387105023579,23.));
#11196=CARTESIAN_POINT('',(-113.565569372261,-57.8032395388292,20.));
#11197=CARTESIAN_POINT('',(-142.588083271078,-42.0028108679251,23.));
#11198=CARTESIAN_POINT('Origin',(-155.,70.9104616765477,21.5));
#11199=CARTESIAN_POINT('',(-154.090533588875,71.3262390773703,23.));
#11200=CARTESIAN_POINT('Origin',(-155.,70.9104616765477,23.));
#11201=CARTESIAN_POINT('',(-154.545266794437,71.118350376959,20.));
#11202=CARTESIAN_POINT('',(-154.090533588875,71.3262390773703,23.));
#11203=CARTESIAN_POINT('Origin',(-155.,70.9104616765477,20.));
#11204=CARTESIAN_POINT('Origin',(-113.319876393275,-57.3677685753005,21.5));
#11205=CARTESIAN_POINT('',(-112.829795589848,-57.2686685949143,20.));
#11206=CARTESIAN_POINT('',(-112.339714786421,-57.1695686145282,23.));
#11207=CARTESIAN_POINT('',(-112.829795589848,-57.2686685949143,20.));
#11208=CARTESIAN_POINT('Origin',(-113.319876393275,-57.3677685753005,23.));
#11209=CARTESIAN_POINT('Origin',(-113.319876393275,-57.3677685753005,20.));
#11210=CARTESIAN_POINT('Origin',(-142.689415787242,45.786289890961,21.5));
#11211=CARTESIAN_POINT('',(-142.916782390024,45.6823455407553,20.));
#11212=CARTESIAN_POINT('',(-142.592318655995,46.1751840929879,23.));
#11213=CARTESIAN_POINT('Origin',(-124.342470881322,0.926511000144193,21.5));
#11214=CARTESIAN_POINT('',(-121.71302192967,-10.8155948031232,23.));
#11215=CARTESIAN_POINT('',(-124.164356709139,1.30703240133609,23.));
#11216=CARTESIAN_POINT('',(-122.259015001509,-10.6381909000759,20.));
#11217=CARTESIAN_POINT('',(-124.587511283036,0.876961009951127,20.));
#11218=CARTESIAN_POINT('',(-122.259015001509,-10.6381909000759,20.));
#11219=CARTESIAN_POINT('Origin',(-108.251145675559,1.88894495882897,21.5));
#11220=CARTESIAN_POINT('',(-87.2219091574058,21.5443019000661,20.));
#11221=CARTESIAN_POINT('',(-108.420262771367,2.07306287730923,20.));
#11222=CARTESIAN_POINT('',(-86.88367496579,21.1760660631056,23.));
#11223=CARTESIAN_POINT('',(-87.2219091574058,21.5443019000661,20.));
#11224=CARTESIAN_POINT('',(-107.910396423629,1.86247563875896,23.));
#11225=CARTESIAN_POINT('Origin',(-87.5601433490216,21.9125377370266,21.5));
#11226=CARTESIAN_POINT('Origin',(-87.5601433490216,21.9125377370266,23.));
#11227=CARTESIAN_POINT('Origin',(-87.5601433490216,21.9125377370266,20.));
#11228=CARTESIAN_POINT('Origin',(-155.,7.00101632734446,20.));
#11229=CARTESIAN_POINT('',(-136.789612101893,25.064448667721,20.));
#11230=CARTESIAN_POINT('',(-155.,64.8976288601089,20.));
#11231=CARTESIAN_POINT('',(-136.789612101893,25.064448667721,20.));
#11232=CARTESIAN_POINT('',(-173.210387898107,25.064448667721,20.));
#11233=CARTESIAN_POINT('',(-155.,64.8976288601089,20.));
#11234=CARTESIAN_POINT('',(-216.721312819511,20.0544702124117,20.));
#11235=CARTESIAN_POINT('',(-173.210387898107,25.064448667721,20.));
#11236=CARTESIAN_POINT('',(-184.296261253841,-9.72878281081212,20.));
#11237=CARTESIAN_POINT('',(-216.721312819511,20.0544702124117,20.));
#11238=CARTESIAN_POINT('',(-196.49351384596,-49.7157383279488,20.));
#11239=CARTESIAN_POINT('',(-184.296261253841,-9.72878281081212,20.));
#11240=CARTESIAN_POINT('',(-154.817238195079,-31.0844766918848,20.));
#11241=CARTESIAN_POINT('',(-196.49351384596,-49.7157383279488,20.));
#11242=CARTESIAN_POINT('',(-116.854130847278,-52.5032846424662,20.));
#11243=CARTESIAN_POINT('',(-116.854130847278,-52.5032846424661,20.));
#11244=CARTESIAN_POINT('',(-125.534973432544,-9.57376748179242,20.));
#11245=CARTESIAN_POINT('',(-116.854130847278,-52.5032846424661,20.));
#11246=CARTESIAN_POINT('',(-93.278687180489,20.0544702124117,20.));
#11247=CARTESIAN_POINT('',(-93.278687180489,20.0544702124117,20.));
#11248=CARTESIAN_POINT('',(-136.789612101893,25.064448667721,20.));
#11249=CARTESIAN_POINT('Origin',(-155.,0.,25.5));
#11250=CARTESIAN_POINT('',(-162.750000368105,9.4910131441909E-16,25.));
#11251=CARTESIAN_POINT('',(-163.250000368105,-1.01033365437646E-15,25.5));
#11252=CARTESIAN_POINT('Origin',(-155.,0.,25.));
#11253=CARTESIAN_POINT('Origin',(-155.,0.,23.));
#11254=CARTESIAN_POINT('',(-162.750000368105,-9.4910131441909E-16,11.5));
#11255=CARTESIAN_POINT('',(-162.750000368105,-9.4910131441909E-16,23.));
#11256=CARTESIAN_POINT('Origin',(-155.,0.,11.5));
#11257=CARTESIAN_POINT('Origin',(-155.,7.69002565750713,26.));
#11258=CARTESIAN_POINT('Origin',(-155.,0.,23.));
#11259=CARTESIAN_POINT('',(-168.249999703839,-1.62265697260103E-15,11.5));
#11260=CARTESIAN_POINT('Origin',(-155.,0.,11.5));
#11261=CARTESIAN_POINT('',(-168.249999703839,-1.62265697260103E-15,23.));
#11262=CARTESIAN_POINT('',(-168.249999703839,1.62265697260103E-15,23.));
#11263=CARTESIAN_POINT('Origin',(-155.,0.,23.));
#11264=CARTESIAN_POINT('Origin',(-155.,0.,11.5));
#11265=CARTESIAN_POINT('Origin',(-93.278687180489,20.0544702124117,23.));
#11266=CARTESIAN_POINT('',(-136.789612101893,25.064448667721,23.));
#11267=CARTESIAN_POINT('',(-93.278687180489,20.0544702124117,23.));
#11268=CARTESIAN_POINT('',(-123.033023634265,23.4804737932299,23.));
#11269=CARTESIAN_POINT('',(-136.789612101893,25.064448667721,23.));
#11270=CARTESIAN_POINT('',(-93.278687180489,20.0544702124117,23.));
#11271=CARTESIAN_POINT('Origin',(-125.534973432544,-9.57376748179242,23.));
#11272=CARTESIAN_POINT('',(-125.534973432544,-9.57376748179242,23.));
#11273=CARTESIAN_POINT('',(-129.225339902339,-12.9634650462117,23.));
#11274=CARTESIAN_POINT('',(-125.534973432544,-9.57376748179242,23.));
#11275=CARTESIAN_POINT('Origin',(-116.854130847278,-52.5032846424661,23.));
#11276=CARTESIAN_POINT('',(-116.854130847278,-52.5032846424661,23.));
#11277=CARTESIAN_POINT('',(-123.450193979937,-19.8836624496869,23.));
#11278=CARTESIAN_POINT('',(-116.854130847278,-52.5032846424661,23.));
#11279=CARTESIAN_POINT('Origin',(-154.817238195079,-31.0844766918848,23.));
#11280=CARTESIAN_POINT('',(-154.817238195079,-31.0844766918848,23.));
#11281=CARTESIAN_POINT('',(-163.183689636327,-26.3641197673,23.));
#11282=CARTESIAN_POINT('',(-154.817238195079,-31.0844766918848,23.));
#11283=CARTESIAN_POINT('Origin',(-196.49351384596,-49.7157383279488,23.));
#11284=CARTESIAN_POINT('',(-196.49351384596,-49.7157383279488,23.));
#11285=CARTESIAN_POINT('',(-168.50812706206,-37.2049499953963,23.));
#11286=CARTESIAN_POINT('',(-196.49351384596,-49.7157383279488,23.));
#11287=CARTESIAN_POINT('Origin',(-184.296261253841,-9.72878281081212,23.));
#11288=CARTESIAN_POINT('',(-184.296261253841,-9.72878281081212,23.));
#11289=CARTESIAN_POINT('',(-180.618866087042,2.3270335169379,23.));
#11290=CARTESIAN_POINT('',(-184.296261253841,-9.72878281081212,23.));
#11291=CARTESIAN_POINT('Origin',(-216.721312819511,20.0544702124117,23.));
#11292=CARTESIAN_POINT('',(-216.721312819511,20.0544702124117,23.));
#11293=CARTESIAN_POINT('',(-196.902803223689,1.85065380089036,23.));
#11294=CARTESIAN_POINT('',(-216.721312819511,20.0544702124117,23.));
#11295=CARTESIAN_POINT('Origin',(-173.210387898107,25.064448667721,23.));
#11296=CARTESIAN_POINT('',(-173.210387898107,25.064448667721,23.));
#11297=CARTESIAN_POINT('',(-165.211513905033,25.9854630208845,23.));
#11298=CARTESIAN_POINT('',(-173.210387898107,25.064448667721,23.));
#11299=CARTESIAN_POINT('Origin',(-155.,64.8976288601089,23.));
#11300=CARTESIAN_POINT('',(-155.,64.8976288601089,23.));
#11301=CARTESIAN_POINT('',(-165.816115124536,41.2385906700412,23.));
#11302=CARTESIAN_POINT('',(-155.,64.8976288601089,23.));
#11303=CARTESIAN_POINT('Origin',(-136.789612101893,25.064448667721,23.));
#11304=CARTESIAN_POINT('',(-135.078690926411,21.3220005738472,23.));
#11305=CARTESIAN_POINT('Origin',(-155.,7.69002565750713,23.));
#11306=CARTESIAN_POINT('',(-132.402862513652,31.1022914906107,23.));
#11307=CARTESIAN_POINT('',(-78.4104732186737,24.8854457764106,23.));
#11308=CARTESIAN_POINT('',(-132.402862513652,31.1022914906107,23.));
#11309=CARTESIAN_POINT('',(-118.437063498635,-11.8800182214067,23.));
#11310=CARTESIAN_POINT('',(-78.4104732186737,24.8854457764106,23.));
#11311=CARTESIAN_POINT('',(-107.66506926687,-65.1509428678354,23.));
#11312=CARTESIAN_POINT('',(-107.66506926687,-65.1509428678354,23.));
#11313=CARTESIAN_POINT('',(-155.156652975647,-38.3561628355273,23.));
#11314=CARTESIAN_POINT('',(-107.66506926687,-65.1509428678354,23.));
#11315=CARTESIAN_POINT('',(-206.876896938835,-61.4775522137755,23.));
#11316=CARTESIAN_POINT('',(-206.876896938835,-61.4775522137755,23.));
#11317=CARTESIAN_POINT('',(-191.707592484464,-11.7471479393898,23.));
#11318=CARTESIAN_POINT('',(-191.707592484464,-11.7471479393898,23.));
#11319=CARTESIAN_POINT('',(-231.589526781326,24.8854457764106,23.));
#11320=CARTESIAN_POINT('',(-231.589526781326,24.8854457764106,23.));
#11321=CARTESIAN_POINT('',(-177.597137486348,31.1022914906107,23.));
#11322=CARTESIAN_POINT('',(-177.597137486348,31.1022914906107,23.));
#11323=CARTESIAN_POINT('',(-155.,80.5309941828497,23.));
#11324=CARTESIAN_POINT('',(-155.,80.5309941828497,23.));
#11325=CARTESIAN_POINT('',(-132.402862513652,31.1022914906107,23.));
#11326=CARTESIAN_POINT('Origin',(-155.,58.0000008642673,23.));
#11327=CARTESIAN_POINT('',(-157.,58.0000008642673,23.));
#11328=CARTESIAN_POINT('',(-157.,58.0000008642673,23.));
#11329=CARTESIAN_POINT('Origin',(-155.,58.0000008642673,23.));
#11330=CARTESIAN_POINT('Origin',(-118.437063498635,-11.8800182214067,23.));
#11331=CARTESIAN_POINT('',(-78.4104732186737,24.8854457764106,23.));
#11332=CARTESIAN_POINT('',(-118.437063498635,-11.8800182214067,23.));
#11333=CARTESIAN_POINT('Origin',(-107.66506926687,-65.1509428678354,23.));
#11334=CARTESIAN_POINT('',(-107.66506926687,-65.1509428678354,23.));
#11335=CARTESIAN_POINT('Origin',(-155.156652975647,-38.3561628355273,23.));
#11336=CARTESIAN_POINT('',(-155.156652975647,-38.3561628355273,23.));
#11337=CARTESIAN_POINT('Origin',(-206.876896938835,-61.4775522137755,23.));
#11338=CARTESIAN_POINT('',(-206.876896938835,-61.4775522137755,23.));
#11339=CARTESIAN_POINT('Origin',(-191.707592484464,-11.7471479393898,23.));
#11340=CARTESIAN_POINT('',(-191.707592484464,-11.7471479393898,23.));
#11341=CARTESIAN_POINT('Origin',(-231.589526781326,24.8854457764106,23.));
#11342=CARTESIAN_POINT('',(-231.589526781326,24.8854457764106,23.));
#11343=CARTESIAN_POINT('Origin',(-177.597137486348,31.1022914906107,23.));
#11344=CARTESIAN_POINT('',(-177.597137486348,31.1022914906107,23.));
#11345=CARTESIAN_POINT('Origin',(-155.,80.5309941828497,23.));
#11346=CARTESIAN_POINT('',(-155.,80.5309941828497,23.));
#11347=CARTESIAN_POINT('Origin',(-132.402862513652,31.1022914906107,23.));
#11348=CARTESIAN_POINT('',(-132.402862513652,31.1022914906107,23.));
#11349=CARTESIAN_POINT('Origin',(-78.4104732186737,24.8854457764106,23.));
#11350=CARTESIAN_POINT('Origin',(-155.,7.69002565750713,23.));
#11351=UNCERTAINTY_MEASURE_WITH_UNIT(LENGTH_MEASURE(0.01),#11355,
'DISTANCE_ACCURACY_VALUE',
'Maximum model space distance between geometric entities at asserted c
onnectivities');
#11352=UNCERTAINTY_MEASURE_WITH_UNIT(LENGTH_MEASURE(0.01),#11355,
'DISTANCE_ACCURACY_VALUE',
'Maximum model space distance between geometric entities at asserted c
onnectivities');
#11353=(
GEOMETRIC_REPRESENTATION_CONTEXT(3)
GLOBAL_UNCERTAINTY_ASSIGNED_CONTEXT((#11351))
GLOBAL_UNIT_ASSIGNED_CONTEXT((#11355,#11357,#11358))
REPRESENTATION_CONTEXT('','3D')
);
#11354=(
GEOMETRIC_REPRESENTATION_CONTEXT(3)
GLOBAL_UNCERTAINTY_ASSIGNED_CONTEXT((#11352))
GLOBAL_UNIT_ASSIGNED_CONTEXT((#11355,#11357,#11358))
REPRESENTATION_CONTEXT('','3D')
);
#11355=(
LENGTH_UNIT()
NAMED_UNIT(*)
SI_UNIT(.MILLI.,.METRE.)
);
#11356=(
LENGTH_UNIT()
NAMED_UNIT(*)
SI_UNIT($,.METRE.)
);
#11357=(
NAMED_UNIT(*)
PLANE_ANGLE_UNIT()
SI_UNIT($,.RADIAN.)
);
#11358=(
NAMED_UNIT(*)
SI_UNIT($,.STERADIAN.)
SOLID_ANGLE_UNIT()
);
#11359=SHAPE_DEFINITION_REPRESENTATION(#11360,#11361);
#11360=PRODUCT_DEFINITION_SHAPE('',$,#11363);
#11361=SHAPE_REPRESENTATION('',(#7100),#11353);
#11362=PRODUCT_DEFINITION_CONTEXT('part definition',#11367,'design');
#11363=PRODUCT_DEFINITION('Mini humidifer case_Star',
'Mini humidifer case_Star v3',#11364,#11362);
#11364=PRODUCT_DEFINITION_FORMATION('',$,#11369);
#11365=PRODUCT_RELATED_PRODUCT_CATEGORY('Mini humidifer case_Star v3',
'Mini humidifer case_Star v3',(#11369));
#11366=APPLICATION_PROTOCOL_DEFINITION('international standard',
'automotive_design',2009,#11367);
#11367=APPLICATION_CONTEXT(
'Core Data for Automotive Mechanical Design Process');
#11368=PRODUCT_CONTEXT('part definition',#11367,'mechanical');
#11369=PRODUCT('Mini humidifer case_Star','Mini humidifer case_Star v3',
$,(#11368));
#11370=PRESENTATION_STYLE_ASSIGNMENT((#11372));
#11371=PRESENTATION_STYLE_ASSIGNMENT((#11373));
#11372=SURFACE_STYLE_USAGE(.BOTH.,#11374);
#11373=SURFACE_STYLE_USAGE(.BOTH.,#11375);
#11374=SURFACE_SIDE_STYLE('',(#11376));
#11375=SURFACE_SIDE_STYLE('',(#11377));
#11376=SURFACE_STYLE_FILL_AREA(#11378);
#11377=SURFACE_STYLE_FILL_AREA(#11379);
#11378=FILL_AREA_STYLE('Steel - Satin',(#11380));
#11379=FILL_AREA_STYLE('Plastic - Matte (Blue)',(#11381));
#11380=FILL_AREA_STYLE_COLOUR('Steel - Satin',#11382);
#11381=FILL_AREA_STYLE_COLOUR('Plastic - Matte (Blue)',#11383);
#11382=COLOUR_RGB('Steel - Satin',0.627450980392157,0.627450980392157,0.627450980392157);
#11383=COLOUR_RGB('Plastic - Matte (Blue)',0.188235294117647,0.231372549019608,
0.588235294117647);
ENDSEC;
END-ISO-10303-21;
