ISO-10303-21;
HEADER;
/* Generated by software containing ST-Developer
 * from STEP Tools, Inc. (www.steptools.com) 
 */

FILE_DESCRIPTION(
/* description */ (''),
/* implementation_level */ '2;1');

FILE_NAME(
/* name */ 'Mini humidifer case.step',
/* time_stamp */ '2026-03-13T21:39:26-07:00',
/* author */ (''),
/* organization */ (''),
/* preprocessor_version */ 'ST-DEVELOPER v20.1',
/* originating_system */ 'Autodesk Translation Framework v14.24.0.0',
/* authorisation */ '');

FILE_SCHEMA (('AUTOMOTIVE_DESIGN { 1 0 10303 214 3 1 1 }'));
ENDSEC;

DATA;
#10=MECHANICAL_DESIGN_GEOMETRIC_PRESENTATION_REPRESENTATION('',(#14,#15,
#16,#17),#2195);
#11=SHAPE_REPRESENTATION_RELATIONSHIP('SRR','None',#2202,#12);
#12=ADVANCED_BREP_SHAPE_REPRESENTATION('',(#18,#19,#20,#21),#2194);
#13=CONICAL_SURFACE('',#1356,10.25,0.785398163397448);
#14=STYLED_ITEM('',(#2212),#18);
#15=STYLED_ITEM('',(#2211),#19);
#16=STYLED_ITEM('',(#2211),#20);
#17=STYLED_ITEM('',(#2212),#21);
#18=MANIFOLD_SOLID_BREP('Body2',#1273);
#19=MANIFOLD_SOLID_BREP('Body5',#1274);
#20=MANIFOLD_SOLID_BREP('Body7',#1275);
#21=MANIFOLD_SOLID_BREP('Body3',#1276);
#22=CYLINDRICAL_SURFACE('',#1295,4.6);
#23=CYLINDRICAL_SURFACE('',#1302,37.5);
#24=CYLINDRICAL_SURFACE('',#1308,4.6);
#25=CYLINDRICAL_SURFACE('',#1318,0.100000000000016);
#26=CYLINDRICAL_SURFACE('',#1331,1.6);
#27=CYLINDRICAL_SURFACE('',#1332,4.);
#28=CYLINDRICAL_SURFACE('',#1333,1.6);
#29=CYLINDRICAL_SURFACE('',#1335,1.);
#30=CYLINDRICAL_SURFACE('',#1337,40.5);
#31=CYLINDRICAL_SURFACE('',#1338,10.25);
#32=CYLINDRICAL_SURFACE('',#1341,13.25);
#33=CYLINDRICAL_SURFACE('',#1351,10.);
#34=CYLINDRICAL_SURFACE('',#1359,7.75);
#35=CYLINDRICAL_SURFACE('',#1365,13.25);
#36=CYLINDRICAL_SURFACE('',#1388,37.);
#37=CYLINDRICAL_SURFACE('',#1394,1.6);
#38=CYLINDRICAL_SURFACE('',#1396,1.6);
#39=CYLINDRICAL_SURFACE('',#1398,2.75);
#40=CYLINDRICAL_SURFACE('',#1401,34.);
#41=CYLINDRICAL_SURFACE('',#1403,4.6);
#42=CYLINDRICAL_SURFACE('',#1405,34.);
#43=CYLINDRICAL_SURFACE('',#1407,4.6);
#44=CYLINDRICAL_SURFACE('',#1409,34.);
#45=CYLINDRICAL_SURFACE('',#1412,2.75);
#46=CYLINDRICAL_SURFACE('',#1418,1.5);
#47=CYLINDRICAL_SURFACE('',#1426,2.25);
#48=CYLINDRICAL_SURFACE('',#1428,1.);
#49=CYLINDRICAL_SURFACE('',#1430,40.5);
#50=FACE_BOUND('',#140,.T.);
#51=FACE_BOUND('',#146,.T.);
#52=FACE_BOUND('',#152,.T.);
#53=FACE_BOUND('',#154,.T.);
#54=FACE_BOUND('',#159,.T.);
#55=FACE_BOUND('',#161,.T.);
#56=FACE_BOUND('',#162,.T.);
#57=FACE_BOUND('',#163,.T.);
#58=FACE_BOUND('',#188,.T.);
#59=FACE_BOUND('',#189,.T.);
#60=FACE_BOUND('',#192,.T.);
#61=FACE_BOUND('',#194,.T.);
#62=FACE_BOUND('',#199,.T.);
#63=FACE_BOUND('',#217,.T.);
#64=FACE_BOUND('',#219,.T.);
#65=FACE_BOUND('',#220,.T.);
#66=FACE_OUTER_BOUND('',#139,.T.);
#67=FACE_OUTER_BOUND('',#141,.T.);
#68=FACE_OUTER_BOUND('',#142,.T.);
#69=FACE_OUTER_BOUND('',#143,.T.);
#70=FACE_OUTER_BOUND('',#144,.T.);
#71=FACE_OUTER_BOUND('',#145,.T.);
#72=FACE_OUTER_BOUND('',#147,.T.);
#73=FACE_OUTER_BOUND('',#148,.T.);
#74=FACE_OUTER_BOUND('',#149,.T.);
#75=FACE_OUTER_BOUND('',#150,.T.);
#76=FACE_OUTER_BOUND('',#151,.T.);
#77=FACE_OUTER_BOUND('',#153,.T.);
#78=FACE_OUTER_BOUND('',#155,.T.);
#79=FACE_OUTER_BOUND('',#156,.T.);
#80=FACE_OUTER_BOUND('',#157,.T.);
#81=FACE_OUTER_BOUND('',#158,.T.);
#82=FACE_OUTER_BOUND('',#160,.T.);
#83=FACE_OUTER_BOUND('',#164,.T.);
#84=FACE_OUTER_BOUND('',#165,.T.);
#85=FACE_OUTER_BOUND('',#166,.T.);
#86=FACE_OUTER_BOUND('',#167,.T.);
#87=FACE_OUTER_BOUND('',#168,.T.);
#88=FACE_OUTER_BOUND('',#169,.T.);
#89=FACE_OUTER_BOUND('',#170,.T.);
#90=FACE_OUTER_BOUND('',#171,.T.);
#91=FACE_OUTER_BOUND('',#172,.T.);
#92=FACE_OUTER_BOUND('',#173,.T.);
#93=FACE_OUTER_BOUND('',#174,.T.);
#94=FACE_OUTER_BOUND('',#175,.T.);
#95=FACE_OUTER_BOUND('',#176,.T.);
#96=FACE_OUTER_BOUND('',#177,.T.);
#97=FACE_OUTER_BOUND('',#178,.T.);
#98=FACE_OUTER_BOUND('',#179,.T.);
#99=FACE_OUTER_BOUND('',#180,.T.);
#100=FACE_OUTER_BOUND('',#181,.T.);
#101=FACE_OUTER_BOUND('',#182,.T.);
#102=FACE_OUTER_BOUND('',#183,.T.);
#103=FACE_OUTER_BOUND('',#184,.T.);
#104=FACE_OUTER_BOUND('',#185,.T.);
#105=FACE_OUTER_BOUND('',#186,.T.);
#106=FACE_OUTER_BOUND('',#187,.T.);
#107=FACE_OUTER_BOUND('',#190,.T.);
#108=FACE_OUTER_BOUND('',#191,.T.);
#109=FACE_OUTER_BOUND('',#193,.T.);
#110=FACE_OUTER_BOUND('',#195,.T.);
#111=FACE_OUTER_BOUND('',#196,.T.);
#112=FACE_OUTER_BOUND('',#197,.T.);
#113=FACE_OUTER_BOUND('',#198,.T.);
#114=FACE_OUTER_BOUND('',#200,.T.);
#115=FACE_OUTER_BOUND('',#201,.T.);
#116=FACE_OUTER_BOUND('',#202,.T.);
#117=FACE_OUTER_BOUND('',#203,.T.);
#118=FACE_OUTER_BOUND('',#204,.T.);
#119=FACE_OUTER_BOUND('',#205,.T.);
#120=FACE_OUTER_BOUND('',#206,.T.);
#121=FACE_OUTER_BOUND('',#207,.T.);
#122=FACE_OUTER_BOUND('',#208,.T.);
#123=FACE_OUTER_BOUND('',#209,.T.);
#124=FACE_OUTER_BOUND('',#210,.T.);
#125=FACE_OUTER_BOUND('',#211,.T.);
#126=FACE_OUTER_BOUND('',#212,.T.);
#127=FACE_OUTER_BOUND('',#213,.T.);
#128=FACE_OUTER_BOUND('',#214,.T.);
#129=FACE_OUTER_BOUND('',#215,.T.);
#130=FACE_OUTER_BOUND('',#216,.T.);
#131=FACE_OUTER_BOUND('',#218,.T.);
#132=FACE_OUTER_BOUND('',#221,.T.);
#133=FACE_OUTER_BOUND('',#222,.T.);
#134=FACE_OUTER_BOUND('',#223,.T.);
#135=FACE_OUTER_BOUND('',#224,.T.);
#136=FACE_OUTER_BOUND('',#225,.T.);
#137=FACE_OUTER_BOUND('',#226,.T.);
#138=FACE_OUTER_BOUND('',#227,.T.);
#139=EDGE_LOOP('',(#804,#805,#806,#807));
#140=EDGE_LOOP('',(#808));
#141=EDGE_LOOP('',(#809,#810,#811,#812));
#142=EDGE_LOOP('',(#813,#814,#815,#816));
#143=EDGE_LOOP('',(#817,#818,#819,#820));
#144=EDGE_LOOP('',(#821,#822,#823,#824));
#145=EDGE_LOOP('',(#825,#826,#827,#828));
#146=EDGE_LOOP('',(#829));
#147=EDGE_LOOP('',(#830,#831,#832,#833,#834,#835,#836,#837,#838,#839,#840,
#841));
#148=EDGE_LOOP('',(#842,#843,#844,#845));
#149=EDGE_LOOP('',(#846,#847,#848,#849));
#150=EDGE_LOOP('',(#850,#851,#852,#853));
#151=EDGE_LOOP('',(#854,#855,#856,#857));
#152=EDGE_LOOP('',(#858));
#153=EDGE_LOOP('',(#859,#860,#861,#862,#863,#864,#865,#866,#867,#868,#869,
#870));
#154=EDGE_LOOP('',(#871,#872,#873,#874));
#155=EDGE_LOOP('',(#875,#876,#877,#878));
#156=EDGE_LOOP('',(#879,#880,#881,#882));
#157=EDGE_LOOP('',(#883,#884,#885,#886));
#158=EDGE_LOOP('',(#887,#888,#889,#890));
#159=EDGE_LOOP('',(#891,#892,#893,#894));
#160=EDGE_LOOP('',(#895,#896,#897,#898));
#161=EDGE_LOOP('',(#899));
#162=EDGE_LOOP('',(#900));
#163=EDGE_LOOP('',(#901));
#164=EDGE_LOOP('',(#902,#903,#904,#905));
#165=EDGE_LOOP('',(#906,#907,#908,#909));
#166=EDGE_LOOP('',(#910,#911,#912,#913));
#167=EDGE_LOOP('',(#914,#915,#916,#917));
#168=EDGE_LOOP('',(#918,#919,#920,#921));
#169=EDGE_LOOP('',(#922,#923,#924,#925));
#170=EDGE_LOOP('',(#926,#927,#928,#929));
#171=EDGE_LOOP('',(#930,#931,#932,#933));
#172=EDGE_LOOP('',(#934,#935,#936,#937,#938,#939));
#173=EDGE_LOOP('',(#940,#941,#942,#943));
#174=EDGE_LOOP('',(#944,#945,#946,#947,#948,#949));
#175=EDGE_LOOP('',(#950,#951,#952,#953));
#176=EDGE_LOOP('',(#954,#955,#956,#957));
#177=EDGE_LOOP('',(#958,#959,#960,#961));
#178=EDGE_LOOP('',(#962,#963,#964,#965));
#179=EDGE_LOOP('',(#966,#967,#968,#969));
#180=EDGE_LOOP('',(#970,#971,#972,#973));
#181=EDGE_LOOP('',(#974,#975,#976,#977));
#182=EDGE_LOOP('',(#978,#979,#980,#981));
#183=EDGE_LOOP('',(#982));
#184=EDGE_LOOP('',(#983));
#185=EDGE_LOOP('',(#984,#985,#986,#987));
#186=EDGE_LOOP('',(#988,#989,#990,#991));
#187=EDGE_LOOP('',(#992,#993,#994,#995));
#188=EDGE_LOOP('',(#996));
#189=EDGE_LOOP('',(#997));
#190=EDGE_LOOP('',(#998,#999,#1000,#1001));
#191=EDGE_LOOP('',(#1002));
#192=EDGE_LOOP('',(#1003));
#193=EDGE_LOOP('',(#1004,#1005));
#194=EDGE_LOOP('',(#1006));
#195=EDGE_LOOP('',(#1007,#1008,#1009,#1010,#1011,#1012,#1013,#1014,#1015,
#1016,#1017,#1018,#1019,#1020,#1021));
#196=EDGE_LOOP('',(#1022,#1023,#1024,#1025));
#197=EDGE_LOOP('',(#1026,#1027,#1028,#1029,#1030,#1031,#1032,#1033,#1034,
#1035,#1036,#1037));
#198=EDGE_LOOP('',(#1038,#1039));
#199=EDGE_LOOP('',(#1040));
#200=EDGE_LOOP('',(#1041,#1042,#1043,#1044));
#201=EDGE_LOOP('',(#1045,#1046,#1047,#1048));
#202=EDGE_LOOP('',(#1049,#1050,#1051,#1052));
#203=EDGE_LOOP('',(#1053,#1054,#1055,#1056));
#204=EDGE_LOOP('',(#1057,#1058,#1059,#1060));
#205=EDGE_LOOP('',(#1061,#1062,#1063,#1064,#1065,#1066,#1067,#1068));
#206=EDGE_LOOP('',(#1069,#1070,#1071,#1072));
#207=EDGE_LOOP('',(#1073,#1074,#1075,#1076,#1077,#1078,#1079,#1080));
#208=EDGE_LOOP('',(#1081,#1082,#1083,#1084));
#209=EDGE_LOOP('',(#1085,#1086,#1087,#1088));
#210=EDGE_LOOP('',(#1089,#1090,#1091,#1092));
#211=EDGE_LOOP('',(#1093,#1094,#1095,#1096));
#212=EDGE_LOOP('',(#1097,#1098,#1099,#1100));
#213=EDGE_LOOP('',(#1101,#1102,#1103,#1104));
#214=EDGE_LOOP('',(#1105,#1106,#1107,#1108));
#215=EDGE_LOOP('',(#1109,#1110,#1111,#1112));
#216=EDGE_LOOP('',(#1113,#1114,#1115,#1116));
#217=EDGE_LOOP('',(#1117,#1118,#1119,#1120));
#218=EDGE_LOOP('',(#1121,#1122,#1123,#1124,#1125,#1126,#1127,#1128,#1129,
#1130,#1131));
#219=EDGE_LOOP('',(#1132));
#220=EDGE_LOOP('',(#1133));
#221=EDGE_LOOP('',(#1134));
#222=EDGE_LOOP('',(#1135,#1136,#1137,#1138));
#223=EDGE_LOOP('',(#1139,#1140,#1141,#1142));
#224=EDGE_LOOP('',(#1143,#1144,#1145,#1146));
#225=EDGE_LOOP('',(#1147,#1148,#1149,#1150));
#226=EDGE_LOOP('',(#1151,#1152,#1153,#1154));
#227=EDGE_LOOP('',(#1155));
#228=LINE('',#1831,#335);
#229=LINE('',#1833,#336);
#230=LINE('',#1834,#337);
#231=LINE('',#1840,#338);
#232=LINE('',#1841,#339);
#233=LINE('',#1842,#340);
#234=LINE('',#1846,#341);
#235=LINE('',#1848,#342);
#236=LINE('',#1850,#343);
#237=LINE('',#1851,#344);
#238=LINE('',#1857,#345);
#239=LINE('',#1860,#346);
#240=LINE('',#1862,#347);
#241=LINE('',#1863,#348);
#242=LINE('',#1872,#349);
#243=LINE('',#1876,#350);
#244=LINE('',#1880,#351);
#245=LINE('',#1884,#352);
#246=LINE('',#1891,#353);
#247=LINE('',#1894,#354);
#248=LINE('',#1896,#355);
#249=LINE('',#1897,#356);
#250=LINE('',#1899,#357);
#251=LINE('',#1900,#358);
#252=LINE('',#1906,#359);
#253=LINE('',#1909,#360);
#254=LINE('',#1911,#361);
#255=LINE('',#1913,#362);
#256=LINE('',#1917,#363);
#257=LINE('',#1920,#364);
#258=LINE('',#1922,#365);
#259=LINE('',#1924,#366);
#260=LINE('',#1930,#367);
#261=LINE('',#1933,#368);
#262=LINE('',#1939,#369);
#263=LINE('',#1942,#370);
#264=LINE('',#1950,#371);
#265=LINE('',#1952,#372);
#266=LINE('',#1954,#373);
#267=LINE('',#1956,#374);
#268=LINE('',#1957,#375);
#269=LINE('',#1959,#376);
#270=LINE('',#1961,#377);
#271=LINE('',#1965,#378);
#272=LINE('',#1968,#379);
#273=LINE('',#1971,#380);
#274=LINE('',#1972,#381);
#275=LINE('',#1976,#382);
#276=LINE('',#1978,#383);
#277=LINE('',#1983,#384);
#278=LINE('',#1985,#385);
#279=LINE('',#1987,#386);
#280=LINE('',#1988,#387);
#281=LINE('',#1991,#388);
#282=LINE('',#1993,#389);
#283=LINE('',#1994,#390);
#284=LINE('',#1997,#391);
#285=LINE('',#1999,#392);
#286=LINE('',#2000,#393);
#287=LINE('',#2002,#394);
#288=LINE('',#2003,#395);
#289=LINE('',#2010,#396);
#290=LINE('',#2018,#397);
#291=LINE('',#2023,#398);
#292=LINE('',#2029,#399);
#293=LINE('',#2032,#400);
#294=LINE('',#2039,#401);
#295=LINE('',#2056,#402);
#296=LINE('',#2060,#403);
#297=LINE('',#2062,#404);
#298=LINE('',#2066,#405);
#299=LINE('',#2074,#406);
#300=LINE('',#2078,#407);
#301=LINE('',#2093,#408);
#302=LINE('',#2095,#409);
#303=LINE('',#2098,#410);
#304=LINE('',#2099,#411);
#305=LINE('',#2100,#412);
#306=LINE('',#2101,#413);
#307=LINE('',#2108,#414);
#308=LINE('',#2112,#415);
#309=LINE('',#2118,#416);
#310=LINE('',#2119,#417);
#311=LINE('',#2122,#418);
#312=LINE('',#2123,#419);
#313=LINE('',#2127,#420);
#314=LINE('',#2131,#421);
#315=LINE('',#2135,#422);
#316=LINE('',#2139,#423);
#317=LINE('',#2143,#424);
#318=LINE('',#2146,#425);
#319=LINE('',#2147,#426);
#320=LINE('',#2151,#427);
#321=LINE('',#2154,#428);
#322=LINE('',#2155,#429);
#323=LINE('',#2157,#430);
#324=LINE('',#2160,#431);
#325=LINE('',#2161,#432);
#326=LINE('',#2164,#433);
#327=LINE('',#2165,#434);
#328=LINE('',#2173,#435);
#329=LINE('',#2176,#436);
#330=LINE('',#2182,#437);
#331=LINE('',#2184,#438);
#332=LINE('',#2185,#439);
#333=LINE('',#2187,#440);
#334=LINE('',#2189,#441);
#335=VECTOR('',#1438,10.);
#336=VECTOR('',#1439,10.);
#337=VECTOR('',#1440,10.);
#338=VECTOR('',#1445,10.);
#339=VECTOR('',#1446,10.);
#340=VECTOR('',#1447,10.);
#341=VECTOR('',#1450,10.);
#342=VECTOR('',#1451,10.);
#343=VECTOR('',#1452,10.);
#344=VECTOR('',#1453,10.);
#345=VECTOR('',#1460,10.);
#346=VECTOR('',#1463,10.);
#347=VECTOR('',#1464,10.);
#348=VECTOR('',#1465,10.);
#349=VECTOR('',#1476,10.);
#350=VECTOR('',#1479,10.);
#351=VECTOR('',#1482,10.);
#352=VECTOR('',#1485,10.);
#353=VECTOR('',#1492,10.);
#354=VECTOR('',#1495,10.);
#355=VECTOR('',#1498,10.);
#356=VECTOR('',#1499,10.);
#357=VECTOR('',#1502,10.);
#358=VECTOR('',#1503,10.);
#359=VECTOR('',#1510,10.);
#360=VECTOR('',#1513,10.);
#361=VECTOR('',#1514,10.);
#362=VECTOR('',#1515,10.);
#363=VECTOR('',#1520,10.);
#364=VECTOR('',#1523,10.);
#365=VECTOR('',#1526,10.);
#366=VECTOR('',#1529,10.);
#367=VECTOR('',#1534,10.);
#368=VECTOR('',#1537,10.);
#369=VECTOR('',#1542,10.);
#370=VECTOR('',#1545,10.);
#371=VECTOR('',#1554,1.6);
#372=VECTOR('',#1557,4.);
#373=VECTOR('',#1560,1.6);
#374=VECTOR('',#1563,10.);
#375=VECTOR('',#1564,10.);
#376=VECTOR('',#1567,10.);
#377=VECTOR('',#1570,10.);
#378=VECTOR('',#1575,10.);
#379=VECTOR('',#1578,10.);
#380=VECTOR('',#1581,10.);
#381=VECTOR('',#1582,10.);
#382=VECTOR('',#1587,10.);
#383=VECTOR('',#1590,10.);
#384=VECTOR('',#1595,10.);
#385=VECTOR('',#1596,10.);
#386=VECTOR('',#1597,10.);
#387=VECTOR('',#1598,10.);
#388=VECTOR('',#1601,10.);
#389=VECTOR('',#1602,10.);
#390=VECTOR('',#1603,10.);
#391=VECTOR('',#1606,10.);
#392=VECTOR('',#1607,10.);
#393=VECTOR('',#1608,10.);
#394=VECTOR('',#1611,10.);
#395=VECTOR('',#1612,10.);
#396=VECTOR('',#1621,10.);
#397=VECTOR('',#1632,10.25);
#398=VECTOR('',#1639,7.75);
#399=VECTOR('',#1644,10.);
#400=VECTOR('',#1647,10.);
#401=VECTOR('',#1654,13.25);
#402=VECTOR('',#1673,10.);
#403=VECTOR('',#1676,10.);
#404=VECTOR('',#1677,10.);
#405=VECTOR('',#1680,10.);
#406=VECTOR('',#1687,10.);
#407=VECTOR('',#1690,10.);
#408=VECTOR('',#1707,10.);
#409=VECTOR('',#1708,10.);
#410=VECTOR('',#1711,10.);
#411=VECTOR('',#1712,10.);
#412=VECTOR('',#1713,10.);
#413=VECTOR('',#1714,10.);
#414=VECTOR('',#1723,1.6);
#415=VECTOR('',#1728,1.6);
#416=VECTOR('',#1735,10.);
#417=VECTOR('',#1736,10.);
#418=VECTOR('',#1739,10.);
#419=VECTOR('',#1740,10.);
#420=VECTOR('',#1745,10.);
#421=VECTOR('',#1750,10.);
#422=VECTOR('',#1755,10.);
#423=VECTOR('',#1760,10.);
#424=VECTOR('',#1765,10.);
#425=VECTOR('',#1768,10.);
#426=VECTOR('',#1769,10.);
#427=VECTOR('',#1774,10.);
#428=VECTOR('',#1777,10.);
#429=VECTOR('',#1778,10.);
#430=VECTOR('',#1781,10.);
#431=VECTOR('',#1784,10.);
#432=VECTOR('',#1785,10.);
#433=VECTOR('',#1788,10.);
#434=VECTOR('',#1789,10.);
#435=VECTOR('',#1798,10.);
#436=VECTOR('',#1801,10.);
#437=VECTOR('',#1810,2.25);
#438=VECTOR('',#1813,10.);
#439=VECTOR('',#1814,10.);
#440=VECTOR('',#1817,10.);
#441=VECTOR('',#1820,10.);
#442=CIRCLE('',#1291,10.25);
#443=CIRCLE('',#1292,4.);
#444=CIRCLE('',#1296,4.6);
#445=CIRCLE('',#1297,4.6);
#446=CIRCLE('',#1300,37.5);
#447=CIRCLE('',#1301,1.6);
#448=CIRCLE('',#1303,37.5);
#449=CIRCLE('',#1304,37.5);
#450=CIRCLE('',#1305,37.5);
#451=CIRCLE('',#1306,37.5);
#452=CIRCLE('',#1307,37.5);
#453=CIRCLE('',#1309,4.6);
#454=CIRCLE('',#1310,4.6);
#455=CIRCLE('',#1314,1.6);
#456=CIRCLE('',#1316,0.100000000000016);
#457=CIRCLE('',#1317,13.25);
#458=CIRCLE('',#1319,0.100000000000016);
#459=CIRCLE('',#1323,40.5);
#460=CIRCLE('',#1324,1.);
#461=CIRCLE('',#1326,40.5);
#462=CIRCLE('',#1327,1.);
#463=CIRCLE('',#1328,1.6);
#464=CIRCLE('',#1329,4.);
#465=CIRCLE('',#1330,1.6);
#466=CIRCLE('',#1339,10.25);
#467=CIRCLE('',#1342,13.25);
#468=CIRCLE('',#1352,10.);
#469=CIRCLE('',#1353,10.);
#470=CIRCLE('',#1357,7.75);
#471=CIRCLE('',#1358,12.75);
#472=CIRCLE('',#1360,7.75);
#473=CIRCLE('',#1362,40.5);
#474=CIRCLE('',#1363,1.);
#475=CIRCLE('',#1364,2.25);
#476=CIRCLE('',#1366,13.25);
#477=CIRCLE('',#1367,13.25);
#478=CIRCLE('',#1370,37.);
#479=CIRCLE('',#1371,4.6);
#480=CIRCLE('',#1372,1.6);
#481=CIRCLE('',#1374,4.6);
#482=CIRCLE('',#1375,34.);
#483=CIRCLE('',#1376,2.75);
#484=CIRCLE('',#1377,2.75);
#485=CIRCLE('',#1378,34.);
#486=CIRCLE('',#1379,4.6);
#487=CIRCLE('',#1380,37.);
#488=CIRCLE('',#1381,1.5);
#489=CIRCLE('',#1382,37.);
#490=CIRCLE('',#1384,4.6);
#491=CIRCLE('',#1385,37.);
#492=CIRCLE('',#1386,4.6);
#493=CIRCLE('',#1387,34.);
#494=CIRCLE('',#1389,37.);
#495=CIRCLE('',#1390,37.);
#496=CIRCLE('',#1392,4.6);
#497=CIRCLE('',#1393,1.6);
#498=CIRCLE('',#1395,1.6);
#499=CIRCLE('',#1397,1.6);
#500=CIRCLE('',#1399,2.75);
#501=CIRCLE('',#1402,34.);
#502=CIRCLE('',#1404,4.6);
#503=CIRCLE('',#1406,34.);
#504=CIRCLE('',#1408,4.6);
#505=CIRCLE('',#1410,34.);
#506=CIRCLE('',#1413,2.75);
#507=CIRCLE('',#1419,1.5);
#508=CIRCLE('',#1421,40.5);
#509=CIRCLE('',#1422,1.);
#510=CIRCLE('',#1424,2.25);
#511=VERTEX_POINT('',#1827);
#512=VERTEX_POINT('',#1828);
#513=VERTEX_POINT('',#1830);
#514=VERTEX_POINT('',#1832);
#515=VERTEX_POINT('',#1835);
#516=VERTEX_POINT('',#1838);
#517=VERTEX_POINT('',#1839);
#518=VERTEX_POINT('',#1844);
#519=VERTEX_POINT('',#1845);
#520=VERTEX_POINT('',#1847);
#521=VERTEX_POINT('',#1849);
#522=VERTEX_POINT('',#1853);
#523=VERTEX_POINT('',#1855);
#524=VERTEX_POINT('',#1859);
#525=VERTEX_POINT('',#1861);
#526=VERTEX_POINT('',#1866);
#527=VERTEX_POINT('',#1869);
#528=VERTEX_POINT('',#1871);
#529=VERTEX_POINT('',#1873);
#530=VERTEX_POINT('',#1875);
#531=VERTEX_POINT('',#1877);
#532=VERTEX_POINT('',#1879);
#533=VERTEX_POINT('',#1881);
#534=VERTEX_POINT('',#1883);
#535=VERTEX_POINT('',#1887);
#536=VERTEX_POINT('',#1888);
#537=VERTEX_POINT('',#1890);
#538=VERTEX_POINT('',#1892);
#539=VERTEX_POINT('',#1902);
#540=VERTEX_POINT('',#1905);
#541=VERTEX_POINT('',#1907);
#542=VERTEX_POINT('',#1910);
#543=VERTEX_POINT('',#1912);
#544=VERTEX_POINT('',#1916);
#545=VERTEX_POINT('',#1918);
#546=VERTEX_POINT('',#1926);
#547=VERTEX_POINT('',#1927);
#548=VERTEX_POINT('',#1929);
#549=VERTEX_POINT('',#1931);
#550=VERTEX_POINT('',#1935);
#551=VERTEX_POINT('',#1936);
#552=VERTEX_POINT('',#1938);
#553=VERTEX_POINT('',#1940);
#554=VERTEX_POINT('',#1943);
#555=VERTEX_POINT('',#1945);
#556=VERTEX_POINT('',#1947);
#557=VERTEX_POINT('',#1964);
#558=VERTEX_POINT('',#1966);
#559=VERTEX_POINT('',#1970);
#560=VERTEX_POINT('',#1974);
#561=VERTEX_POINT('',#1981);
#562=VERTEX_POINT('',#1982);
#563=VERTEX_POINT('',#1984);
#564=VERTEX_POINT('',#1986);
#565=VERTEX_POINT('',#1990);
#566=VERTEX_POINT('',#1992);
#567=VERTEX_POINT('',#1996);
#568=VERTEX_POINT('',#1998);
#569=VERTEX_POINT('',#2007);
#570=VERTEX_POINT('',#2009);
#571=VERTEX_POINT('',#2015);
#572=VERTEX_POINT('',#2017);
#573=VERTEX_POINT('',#2021);
#574=VERTEX_POINT('',#2025);
#575=VERTEX_POINT('',#2026);
#576=VERTEX_POINT('',#2028);
#577=VERTEX_POINT('',#2030);
#578=VERTEX_POINT('',#2033);
#579=VERTEX_POINT('',#2036);
#580=VERTEX_POINT('',#2038);
#581=VERTEX_POINT('',#2043);
#582=VERTEX_POINT('',#2044);
#583=VERTEX_POINT('',#2047);
#584=VERTEX_POINT('',#2050);
#585=VERTEX_POINT('',#2051);
#586=VERTEX_POINT('',#2053);
#587=VERTEX_POINT('',#2055);
#588=VERTEX_POINT('',#2057);
#589=VERTEX_POINT('',#2059);
#590=VERTEX_POINT('',#2061);
#591=VERTEX_POINT('',#2063);
#592=VERTEX_POINT('',#2065);
#593=VERTEX_POINT('',#2067);
#594=VERTEX_POINT('',#2069);
#595=VERTEX_POINT('',#2071);
#596=VERTEX_POINT('',#2073);
#597=VERTEX_POINT('',#2075);
#598=VERTEX_POINT('',#2077);
#599=VERTEX_POINT('',#2081);
#600=VERTEX_POINT('',#2082);
#601=VERTEX_POINT('',#2084);
#602=VERTEX_POINT('',#2086);
#603=VERTEX_POINT('',#2090);
#604=VERTEX_POINT('',#2091);
#605=VERTEX_POINT('',#2094);
#606=VERTEX_POINT('',#2096);
#607=VERTEX_POINT('',#2104);
#608=VERTEX_POINT('',#2107);
#609=VERTEX_POINT('',#2111);
#610=VERTEX_POINT('',#2115);
#611=VERTEX_POINT('',#2116);
#612=VERTEX_POINT('',#2121);
#613=VERTEX_POINT('',#2125);
#614=VERTEX_POINT('',#2129);
#615=VERTEX_POINT('',#2133);
#616=VERTEX_POINT('',#2137);
#617=VERTEX_POINT('',#2141);
#618=VERTEX_POINT('',#2145);
#619=VERTEX_POINT('',#2149);
#620=VERTEX_POINT('',#2153);
#621=VERTEX_POINT('',#2159);
#622=VERTEX_POINT('',#2163);
#623=VERTEX_POINT('',#2169);
#624=VERTEX_POINT('',#2170);
#625=VERTEX_POINT('',#2172);
#626=VERTEX_POINT('',#2174);
#627=VERTEX_POINT('',#2178);
#628=EDGE_CURVE('',#511,#512,#442,.T.);
#629=EDGE_CURVE('',#512,#513,#228,.T.);
#630=EDGE_CURVE('',#513,#514,#229,.T.);
#631=EDGE_CURVE('',#514,#511,#230,.T.);
#632=EDGE_CURVE('',#515,#515,#443,.T.);
#633=EDGE_CURVE('',#516,#517,#231,.T.);
#634=EDGE_CURVE('',#516,#514,#232,.T.);
#635=EDGE_CURVE('',#517,#513,#233,.T.);
#636=EDGE_CURVE('',#518,#519,#234,.T.);
#637=EDGE_CURVE('',#520,#518,#235,.T.);
#638=EDGE_CURVE('',#521,#520,#236,.T.);
#639=EDGE_CURVE('',#519,#521,#237,.T.);
#640=EDGE_CURVE('',#519,#522,#444,.T.);
#641=EDGE_CURVE('',#523,#521,#445,.T.);
#642=EDGE_CURVE('',#522,#523,#238,.T.);
#643=EDGE_CURVE('',#522,#524,#239,.T.);
#644=EDGE_CURVE('',#525,#523,#240,.T.);
#645=EDGE_CURVE('',#524,#525,#241,.T.);
#646=EDGE_CURVE('',#525,#520,#446,.T.);
#647=EDGE_CURVE('',#526,#526,#447,.T.);
#648=EDGE_CURVE('',#527,#518,#448,.T.);
#649=EDGE_CURVE('',#527,#528,#242,.T.);
#650=EDGE_CURVE('',#529,#528,#449,.T.);
#651=EDGE_CURVE('',#530,#529,#243,.T.);
#652=EDGE_CURVE('',#531,#530,#450,.T.);
#653=EDGE_CURVE('',#531,#532,#244,.T.);
#654=EDGE_CURVE('',#532,#533,#451,.T.);
#655=EDGE_CURVE('',#533,#534,#245,.T.);
#656=EDGE_CURVE('',#524,#534,#452,.T.);
#657=EDGE_CURVE('',#535,#536,#453,.T.);
#658=EDGE_CURVE('',#535,#537,#246,.T.);
#659=EDGE_CURVE('',#538,#537,#454,.T.);
#660=EDGE_CURVE('',#536,#538,#247,.T.);
#661=EDGE_CURVE('',#536,#531,#248,.T.);
#662=EDGE_CURVE('',#532,#538,#249,.T.);
#663=EDGE_CURVE('',#534,#535,#250,.T.);
#664=EDGE_CURVE('',#537,#533,#251,.T.);
#665=EDGE_CURVE('',#539,#539,#455,.T.);
#666=EDGE_CURVE('',#530,#540,#252,.T.);
#667=EDGE_CURVE('',#540,#541,#456,.T.);
#668=EDGE_CURVE('',#541,#527,#253,.T.);
#669=EDGE_CURVE('',#542,#516,#254,.T.);
#670=EDGE_CURVE('',#517,#543,#255,.T.);
#671=EDGE_CURVE('',#543,#542,#457,.T.);
#672=EDGE_CURVE('',#540,#544,#256,.T.);
#673=EDGE_CURVE('',#545,#544,#458,.T.);
#674=EDGE_CURVE('',#541,#545,#257,.T.);
#675=EDGE_CURVE('',#544,#529,#258,.T.);
#676=EDGE_CURVE('',#528,#545,#259,.T.);
#677=EDGE_CURVE('',#546,#547,#459,.T.);
#678=EDGE_CURVE('',#547,#548,#260,.T.);
#679=EDGE_CURVE('',#548,#549,#460,.T.);
#680=EDGE_CURVE('',#549,#546,#261,.T.);
#681=EDGE_CURVE('',#550,#551,#461,.T.);
#682=EDGE_CURVE('',#550,#552,#262,.T.);
#683=EDGE_CURVE('',#553,#552,#462,.T.);
#684=EDGE_CURVE('',#553,#551,#263,.T.);
#685=EDGE_CURVE('',#554,#554,#463,.T.);
#686=EDGE_CURVE('',#555,#555,#464,.T.);
#687=EDGE_CURVE('',#556,#556,#465,.T.);
#688=EDGE_CURVE('',#539,#554,#264,.T.);
#689=EDGE_CURVE('',#515,#555,#265,.T.);
#690=EDGE_CURVE('',#526,#556,#266,.T.);
#691=EDGE_CURVE('',#550,#546,#267,.T.);
#692=EDGE_CURVE('',#552,#549,#268,.T.);
#693=EDGE_CURVE('',#553,#548,#269,.T.);
#694=EDGE_CURVE('',#551,#547,#270,.T.);
#695=EDGE_CURVE('',#511,#557,#271,.T.);
#696=EDGE_CURVE('',#558,#557,#466,.T.);
#697=EDGE_CURVE('',#512,#558,#272,.T.);
#698=EDGE_CURVE('',#559,#558,#273,.T.);
#699=EDGE_CURVE('',#543,#559,#274,.T.);
#700=EDGE_CURVE('',#560,#559,#467,.T.);
#701=EDGE_CURVE('',#542,#560,#275,.T.);
#702=EDGE_CURVE('',#557,#560,#276,.T.);
#703=EDGE_CURVE('',#561,#562,#277,.T.);
#704=EDGE_CURVE('',#561,#563,#278,.T.);
#705=EDGE_CURVE('',#564,#563,#279,.T.);
#706=EDGE_CURVE('',#562,#564,#280,.T.);
#707=EDGE_CURVE('',#562,#565,#281,.T.);
#708=EDGE_CURVE('',#566,#564,#282,.T.);
#709=EDGE_CURVE('',#565,#566,#283,.T.);
#710=EDGE_CURVE('',#565,#567,#284,.T.);
#711=EDGE_CURVE('',#568,#566,#285,.T.);
#712=EDGE_CURVE('',#567,#568,#286,.T.);
#713=EDGE_CURVE('',#567,#561,#287,.T.);
#714=EDGE_CURVE('',#563,#568,#288,.T.);
#715=EDGE_CURVE('',#569,#569,#468,.T.);
#716=EDGE_CURVE('',#569,#570,#289,.T.);
#717=EDGE_CURVE('',#570,#570,#469,.T.);
#718=EDGE_CURVE('',#571,#571,#470,.T.);
#719=EDGE_CURVE('',#571,#572,#290,.T.);
#720=EDGE_CURVE('',#572,#572,#471,.T.);
#721=EDGE_CURVE('',#573,#573,#472,.T.);
#722=EDGE_CURVE('',#573,#571,#291,.T.);
#723=EDGE_CURVE('',#574,#575,#473,.T.);
#724=EDGE_CURVE('',#574,#576,#292,.T.);
#725=EDGE_CURVE('',#577,#576,#474,.T.);
#726=EDGE_CURVE('',#577,#575,#293,.T.);
#727=EDGE_CURVE('',#578,#578,#475,.T.);
#728=EDGE_CURVE('',#579,#579,#476,.T.);
#729=EDGE_CURVE('',#579,#580,#294,.T.);
#730=EDGE_CURVE('',#580,#580,#477,.T.);
#731=EDGE_CURVE('',#581,#582,#478,.T.);
#732=EDGE_CURVE('',#582,#581,#479,.T.);
#733=EDGE_CURVE('',#583,#583,#480,.T.);
#734=EDGE_CURVE('',#584,#585,#481,.T.);
#735=EDGE_CURVE('',#585,#586,#482,.T.);
#736=EDGE_CURVE('',#586,#587,#295,.T.);
#737=EDGE_CURVE('',#587,#588,#483,.T.);
#738=EDGE_CURVE('',#588,#589,#296,.T.);
#739=EDGE_CURVE('',#589,#590,#297,.T.);
#740=EDGE_CURVE('',#590,#591,#484,.T.);
#741=EDGE_CURVE('',#591,#592,#298,.T.);
#742=EDGE_CURVE('',#592,#593,#485,.T.);
#743=EDGE_CURVE('',#593,#594,#486,.T.);
#744=EDGE_CURVE('',#594,#595,#487,.T.);
#745=EDGE_CURVE('',#595,#596,#299,.T.);
#746=EDGE_CURVE('',#596,#597,#488,.T.);
#747=EDGE_CURVE('',#597,#598,#300,.T.);
#748=EDGE_CURVE('',#598,#584,#489,.T.);
#749=EDGE_CURVE('',#599,#600,#490,.T.);
#750=EDGE_CURVE('',#600,#601,#491,.T.);
#751=EDGE_CURVE('',#601,#602,#492,.T.);
#752=EDGE_CURVE('',#602,#599,#493,.T.);
#753=EDGE_CURVE('',#603,#604,#494,.T.);
#754=EDGE_CURVE('',#603,#595,#301,.T.);
#755=EDGE_CURVE('',#594,#605,#302,.T.);
#756=EDGE_CURVE('',#606,#605,#495,.T.);
#757=EDGE_CURVE('',#601,#606,#303,.T.);
#758=EDGE_CURVE('',#600,#582,#304,.T.);
#759=EDGE_CURVE('',#584,#581,#305,.T.);
#760=EDGE_CURVE('',#604,#598,#306,.T.);
#761=EDGE_CURVE('',#605,#606,#496,.T.);
#762=EDGE_CURVE('',#607,#607,#497,.T.);
#763=EDGE_CURVE('',#583,#608,#307,.T.);
#764=EDGE_CURVE('',#608,#608,#498,.T.);
#765=EDGE_CURVE('',#607,#609,#308,.T.);
#766=EDGE_CURVE('',#609,#609,#499,.T.);
#767=EDGE_CURVE('',#610,#611,#500,.T.);
#768=EDGE_CURVE('',#610,#588,#309,.T.);
#769=EDGE_CURVE('',#611,#587,#310,.T.);
#770=EDGE_CURVE('',#611,#612,#311,.T.);
#771=EDGE_CURVE('',#612,#586,#312,.T.);
#772=EDGE_CURVE('',#612,#613,#501,.T.);
#773=EDGE_CURVE('',#613,#585,#313,.T.);
#774=EDGE_CURVE('',#613,#614,#502,.T.);
#775=EDGE_CURVE('',#614,#599,#314,.T.);
#776=EDGE_CURVE('',#614,#615,#503,.T.);
#777=EDGE_CURVE('',#615,#602,#315,.T.);
#778=EDGE_CURVE('',#615,#616,#504,.T.);
#779=EDGE_CURVE('',#616,#593,#316,.T.);
#780=EDGE_CURVE('',#616,#617,#505,.T.);
#781=EDGE_CURVE('',#617,#592,#317,.T.);
#782=EDGE_CURVE('',#617,#618,#318,.T.);
#783=EDGE_CURVE('',#618,#591,#319,.T.);
#784=EDGE_CURVE('',#618,#619,#506,.T.);
#785=EDGE_CURVE('',#619,#590,#320,.T.);
#786=EDGE_CURVE('',#619,#620,#321,.T.);
#787=EDGE_CURVE('',#620,#589,#322,.T.);
#788=EDGE_CURVE('',#620,#610,#323,.T.);
#789=EDGE_CURVE('',#621,#603,#324,.T.);
#790=EDGE_CURVE('',#621,#596,#325,.T.);
#791=EDGE_CURVE('',#604,#622,#326,.T.);
#792=EDGE_CURVE('',#622,#597,#327,.T.);
#793=EDGE_CURVE('',#622,#621,#507,.T.);
#794=EDGE_CURVE('',#623,#624,#508,.T.);
#795=EDGE_CURVE('',#624,#625,#328,.T.);
#796=EDGE_CURVE('',#625,#626,#509,.T.);
#797=EDGE_CURVE('',#626,#623,#329,.T.);
#798=EDGE_CURVE('',#627,#627,#510,.T.);
#799=EDGE_CURVE('',#578,#627,#330,.T.);
#800=EDGE_CURVE('',#574,#623,#331,.T.);
#801=EDGE_CURVE('',#576,#626,#332,.T.);
#802=EDGE_CURVE('',#577,#625,#333,.T.);
#803=EDGE_CURVE('',#575,#624,#334,.T.);
#804=ORIENTED_EDGE('',*,*,#628,.T.);
#805=ORIENTED_EDGE('',*,*,#629,.T.);
#806=ORIENTED_EDGE('',*,*,#630,.T.);
#807=ORIENTED_EDGE('',*,*,#631,.T.);
#808=ORIENTED_EDGE('',*,*,#632,.T.);
#809=ORIENTED_EDGE('',*,*,#633,.F.);
#810=ORIENTED_EDGE('',*,*,#634,.T.);
#811=ORIENTED_EDGE('',*,*,#630,.F.);
#812=ORIENTED_EDGE('',*,*,#635,.F.);
#813=ORIENTED_EDGE('',*,*,#636,.F.);
#814=ORIENTED_EDGE('',*,*,#637,.F.);
#815=ORIENTED_EDGE('',*,*,#638,.F.);
#816=ORIENTED_EDGE('',*,*,#639,.F.);
#817=ORIENTED_EDGE('',*,*,#640,.F.);
#818=ORIENTED_EDGE('',*,*,#639,.T.);
#819=ORIENTED_EDGE('',*,*,#641,.F.);
#820=ORIENTED_EDGE('',*,*,#642,.F.);
#821=ORIENTED_EDGE('',*,*,#643,.F.);
#822=ORIENTED_EDGE('',*,*,#642,.T.);
#823=ORIENTED_EDGE('',*,*,#644,.F.);
#824=ORIENTED_EDGE('',*,*,#645,.F.);
#825=ORIENTED_EDGE('',*,*,#646,.F.);
#826=ORIENTED_EDGE('',*,*,#644,.T.);
#827=ORIENTED_EDGE('',*,*,#641,.T.);
#828=ORIENTED_EDGE('',*,*,#638,.T.);
#829=ORIENTED_EDGE('',*,*,#647,.T.);
#830=ORIENTED_EDGE('',*,*,#645,.T.);
#831=ORIENTED_EDGE('',*,*,#646,.T.);
#832=ORIENTED_EDGE('',*,*,#637,.T.);
#833=ORIENTED_EDGE('',*,*,#648,.F.);
#834=ORIENTED_EDGE('',*,*,#649,.T.);
#835=ORIENTED_EDGE('',*,*,#650,.F.);
#836=ORIENTED_EDGE('',*,*,#651,.F.);
#837=ORIENTED_EDGE('',*,*,#652,.F.);
#838=ORIENTED_EDGE('',*,*,#653,.T.);
#839=ORIENTED_EDGE('',*,*,#654,.T.);
#840=ORIENTED_EDGE('',*,*,#655,.T.);
#841=ORIENTED_EDGE('',*,*,#656,.F.);
#842=ORIENTED_EDGE('',*,*,#657,.F.);
#843=ORIENTED_EDGE('',*,*,#658,.T.);
#844=ORIENTED_EDGE('',*,*,#659,.F.);
#845=ORIENTED_EDGE('',*,*,#660,.F.);
#846=ORIENTED_EDGE('',*,*,#661,.F.);
#847=ORIENTED_EDGE('',*,*,#660,.T.);
#848=ORIENTED_EDGE('',*,*,#662,.F.);
#849=ORIENTED_EDGE('',*,*,#653,.F.);
#850=ORIENTED_EDGE('',*,*,#663,.F.);
#851=ORIENTED_EDGE('',*,*,#655,.F.);
#852=ORIENTED_EDGE('',*,*,#664,.F.);
#853=ORIENTED_EDGE('',*,*,#658,.F.);
#854=ORIENTED_EDGE('',*,*,#664,.T.);
#855=ORIENTED_EDGE('',*,*,#654,.F.);
#856=ORIENTED_EDGE('',*,*,#662,.T.);
#857=ORIENTED_EDGE('',*,*,#659,.T.);
#858=ORIENTED_EDGE('',*,*,#665,.T.);
#859=ORIENTED_EDGE('',*,*,#643,.T.);
#860=ORIENTED_EDGE('',*,*,#656,.T.);
#861=ORIENTED_EDGE('',*,*,#663,.T.);
#862=ORIENTED_EDGE('',*,*,#657,.T.);
#863=ORIENTED_EDGE('',*,*,#661,.T.);
#864=ORIENTED_EDGE('',*,*,#652,.T.);
#865=ORIENTED_EDGE('',*,*,#666,.T.);
#866=ORIENTED_EDGE('',*,*,#667,.T.);
#867=ORIENTED_EDGE('',*,*,#668,.T.);
#868=ORIENTED_EDGE('',*,*,#648,.T.);
#869=ORIENTED_EDGE('',*,*,#636,.T.);
#870=ORIENTED_EDGE('',*,*,#640,.T.);
#871=ORIENTED_EDGE('',*,*,#669,.T.);
#872=ORIENTED_EDGE('',*,*,#633,.T.);
#873=ORIENTED_EDGE('',*,*,#670,.T.);
#874=ORIENTED_EDGE('',*,*,#671,.T.);
#875=ORIENTED_EDGE('',*,*,#667,.F.);
#876=ORIENTED_EDGE('',*,*,#672,.T.);
#877=ORIENTED_EDGE('',*,*,#673,.F.);
#878=ORIENTED_EDGE('',*,*,#674,.F.);
#879=ORIENTED_EDGE('',*,*,#666,.F.);
#880=ORIENTED_EDGE('',*,*,#651,.T.);
#881=ORIENTED_EDGE('',*,*,#675,.F.);
#882=ORIENTED_EDGE('',*,*,#672,.F.);
#883=ORIENTED_EDGE('',*,*,#668,.F.);
#884=ORIENTED_EDGE('',*,*,#674,.T.);
#885=ORIENTED_EDGE('',*,*,#676,.F.);
#886=ORIENTED_EDGE('',*,*,#649,.F.);
#887=ORIENTED_EDGE('',*,*,#677,.T.);
#888=ORIENTED_EDGE('',*,*,#678,.T.);
#889=ORIENTED_EDGE('',*,*,#679,.T.);
#890=ORIENTED_EDGE('',*,*,#680,.T.);
#891=ORIENTED_EDGE('',*,*,#673,.T.);
#892=ORIENTED_EDGE('',*,*,#675,.T.);
#893=ORIENTED_EDGE('',*,*,#650,.T.);
#894=ORIENTED_EDGE('',*,*,#676,.T.);
#895=ORIENTED_EDGE('',*,*,#681,.F.);
#896=ORIENTED_EDGE('',*,*,#682,.T.);
#897=ORIENTED_EDGE('',*,*,#683,.F.);
#898=ORIENTED_EDGE('',*,*,#684,.T.);
#899=ORIENTED_EDGE('',*,*,#685,.F.);
#900=ORIENTED_EDGE('',*,*,#686,.F.);
#901=ORIENTED_EDGE('',*,*,#687,.F.);
#902=ORIENTED_EDGE('',*,*,#665,.F.);
#903=ORIENTED_EDGE('',*,*,#688,.T.);
#904=ORIENTED_EDGE('',*,*,#685,.T.);
#905=ORIENTED_EDGE('',*,*,#688,.F.);
#906=ORIENTED_EDGE('',*,*,#632,.F.);
#907=ORIENTED_EDGE('',*,*,#689,.T.);
#908=ORIENTED_EDGE('',*,*,#686,.T.);
#909=ORIENTED_EDGE('',*,*,#689,.F.);
#910=ORIENTED_EDGE('',*,*,#647,.F.);
#911=ORIENTED_EDGE('',*,*,#690,.T.);
#912=ORIENTED_EDGE('',*,*,#687,.T.);
#913=ORIENTED_EDGE('',*,*,#690,.F.);
#914=ORIENTED_EDGE('',*,*,#682,.F.);
#915=ORIENTED_EDGE('',*,*,#691,.T.);
#916=ORIENTED_EDGE('',*,*,#680,.F.);
#917=ORIENTED_EDGE('',*,*,#692,.F.);
#918=ORIENTED_EDGE('',*,*,#683,.T.);
#919=ORIENTED_EDGE('',*,*,#692,.T.);
#920=ORIENTED_EDGE('',*,*,#679,.F.);
#921=ORIENTED_EDGE('',*,*,#693,.F.);
#922=ORIENTED_EDGE('',*,*,#684,.F.);
#923=ORIENTED_EDGE('',*,*,#693,.T.);
#924=ORIENTED_EDGE('',*,*,#678,.F.);
#925=ORIENTED_EDGE('',*,*,#694,.F.);
#926=ORIENTED_EDGE('',*,*,#681,.T.);
#927=ORIENTED_EDGE('',*,*,#694,.T.);
#928=ORIENTED_EDGE('',*,*,#677,.F.);
#929=ORIENTED_EDGE('',*,*,#691,.F.);
#930=ORIENTED_EDGE('',*,*,#628,.F.);
#931=ORIENTED_EDGE('',*,*,#695,.T.);
#932=ORIENTED_EDGE('',*,*,#696,.F.);
#933=ORIENTED_EDGE('',*,*,#697,.F.);
#934=ORIENTED_EDGE('',*,*,#697,.T.);
#935=ORIENTED_EDGE('',*,*,#698,.F.);
#936=ORIENTED_EDGE('',*,*,#699,.F.);
#937=ORIENTED_EDGE('',*,*,#670,.F.);
#938=ORIENTED_EDGE('',*,*,#635,.T.);
#939=ORIENTED_EDGE('',*,*,#629,.F.);
#940=ORIENTED_EDGE('',*,*,#699,.T.);
#941=ORIENTED_EDGE('',*,*,#700,.F.);
#942=ORIENTED_EDGE('',*,*,#701,.F.);
#943=ORIENTED_EDGE('',*,*,#671,.F.);
#944=ORIENTED_EDGE('',*,*,#701,.T.);
#945=ORIENTED_EDGE('',*,*,#702,.F.);
#946=ORIENTED_EDGE('',*,*,#695,.F.);
#947=ORIENTED_EDGE('',*,*,#631,.F.);
#948=ORIENTED_EDGE('',*,*,#634,.F.);
#949=ORIENTED_EDGE('',*,*,#669,.F.);
#950=ORIENTED_EDGE('',*,*,#702,.T.);
#951=ORIENTED_EDGE('',*,*,#700,.T.);
#952=ORIENTED_EDGE('',*,*,#698,.T.);
#953=ORIENTED_EDGE('',*,*,#696,.T.);
#954=ORIENTED_EDGE('',*,*,#703,.F.);
#955=ORIENTED_EDGE('',*,*,#704,.T.);
#956=ORIENTED_EDGE('',*,*,#705,.F.);
#957=ORIENTED_EDGE('',*,*,#706,.F.);
#958=ORIENTED_EDGE('',*,*,#707,.F.);
#959=ORIENTED_EDGE('',*,*,#706,.T.);
#960=ORIENTED_EDGE('',*,*,#708,.F.);
#961=ORIENTED_EDGE('',*,*,#709,.F.);
#962=ORIENTED_EDGE('',*,*,#710,.F.);
#963=ORIENTED_EDGE('',*,*,#709,.T.);
#964=ORIENTED_EDGE('',*,*,#711,.F.);
#965=ORIENTED_EDGE('',*,*,#712,.F.);
#966=ORIENTED_EDGE('',*,*,#713,.F.);
#967=ORIENTED_EDGE('',*,*,#712,.T.);
#968=ORIENTED_EDGE('',*,*,#714,.F.);
#969=ORIENTED_EDGE('',*,*,#704,.F.);
#970=ORIENTED_EDGE('',*,*,#714,.T.);
#971=ORIENTED_EDGE('',*,*,#711,.T.);
#972=ORIENTED_EDGE('',*,*,#708,.T.);
#973=ORIENTED_EDGE('',*,*,#705,.T.);
#974=ORIENTED_EDGE('',*,*,#713,.T.);
#975=ORIENTED_EDGE('',*,*,#703,.T.);
#976=ORIENTED_EDGE('',*,*,#707,.T.);
#977=ORIENTED_EDGE('',*,*,#710,.T.);
#978=ORIENTED_EDGE('',*,*,#715,.F.);
#979=ORIENTED_EDGE('',*,*,#716,.T.);
#980=ORIENTED_EDGE('',*,*,#717,.T.);
#981=ORIENTED_EDGE('',*,*,#716,.F.);
#982=ORIENTED_EDGE('',*,*,#715,.T.);
#983=ORIENTED_EDGE('',*,*,#717,.F.);
#984=ORIENTED_EDGE('',*,*,#718,.T.);
#985=ORIENTED_EDGE('',*,*,#719,.T.);
#986=ORIENTED_EDGE('',*,*,#720,.T.);
#987=ORIENTED_EDGE('',*,*,#719,.F.);
#988=ORIENTED_EDGE('',*,*,#721,.F.);
#989=ORIENTED_EDGE('',*,*,#722,.T.);
#990=ORIENTED_EDGE('',*,*,#718,.F.);
#991=ORIENTED_EDGE('',*,*,#722,.F.);
#992=ORIENTED_EDGE('',*,*,#723,.F.);
#993=ORIENTED_EDGE('',*,*,#724,.T.);
#994=ORIENTED_EDGE('',*,*,#725,.F.);
#995=ORIENTED_EDGE('',*,*,#726,.T.);
#996=ORIENTED_EDGE('',*,*,#727,.T.);
#997=ORIENTED_EDGE('',*,*,#720,.F.);
#998=ORIENTED_EDGE('',*,*,#728,.F.);
#999=ORIENTED_EDGE('',*,*,#729,.T.);
#1000=ORIENTED_EDGE('',*,*,#730,.F.);
#1001=ORIENTED_EDGE('',*,*,#729,.F.);
#1002=ORIENTED_EDGE('',*,*,#728,.T.);
#1003=ORIENTED_EDGE('',*,*,#721,.T.);
#1004=ORIENTED_EDGE('',*,*,#731,.T.);
#1005=ORIENTED_EDGE('',*,*,#732,.T.);
#1006=ORIENTED_EDGE('',*,*,#733,.T.);
#1007=ORIENTED_EDGE('',*,*,#734,.T.);
#1008=ORIENTED_EDGE('',*,*,#735,.T.);
#1009=ORIENTED_EDGE('',*,*,#736,.T.);
#1010=ORIENTED_EDGE('',*,*,#737,.T.);
#1011=ORIENTED_EDGE('',*,*,#738,.T.);
#1012=ORIENTED_EDGE('',*,*,#739,.T.);
#1013=ORIENTED_EDGE('',*,*,#740,.T.);
#1014=ORIENTED_EDGE('',*,*,#741,.T.);
#1015=ORIENTED_EDGE('',*,*,#742,.T.);
#1016=ORIENTED_EDGE('',*,*,#743,.T.);
#1017=ORIENTED_EDGE('',*,*,#744,.T.);
#1018=ORIENTED_EDGE('',*,*,#745,.T.);
#1019=ORIENTED_EDGE('',*,*,#746,.T.);
#1020=ORIENTED_EDGE('',*,*,#747,.T.);
#1021=ORIENTED_EDGE('',*,*,#748,.T.);
#1022=ORIENTED_EDGE('',*,*,#749,.T.);
#1023=ORIENTED_EDGE('',*,*,#750,.T.);
#1024=ORIENTED_EDGE('',*,*,#751,.T.);
#1025=ORIENTED_EDGE('',*,*,#752,.T.);
#1026=ORIENTED_EDGE('',*,*,#753,.F.);
#1027=ORIENTED_EDGE('',*,*,#754,.T.);
#1028=ORIENTED_EDGE('',*,*,#744,.F.);
#1029=ORIENTED_EDGE('',*,*,#755,.T.);
#1030=ORIENTED_EDGE('',*,*,#756,.F.);
#1031=ORIENTED_EDGE('',*,*,#757,.F.);
#1032=ORIENTED_EDGE('',*,*,#750,.F.);
#1033=ORIENTED_EDGE('',*,*,#758,.T.);
#1034=ORIENTED_EDGE('',*,*,#731,.F.);
#1035=ORIENTED_EDGE('',*,*,#759,.F.);
#1036=ORIENTED_EDGE('',*,*,#748,.F.);
#1037=ORIENTED_EDGE('',*,*,#760,.F.);
#1038=ORIENTED_EDGE('',*,*,#761,.T.);
#1039=ORIENTED_EDGE('',*,*,#756,.T.);
#1040=ORIENTED_EDGE('',*,*,#762,.T.);
#1041=ORIENTED_EDGE('',*,*,#733,.F.);
#1042=ORIENTED_EDGE('',*,*,#763,.T.);
#1043=ORIENTED_EDGE('',*,*,#764,.F.);
#1044=ORIENTED_EDGE('',*,*,#763,.F.);
#1045=ORIENTED_EDGE('',*,*,#762,.F.);
#1046=ORIENTED_EDGE('',*,*,#765,.T.);
#1047=ORIENTED_EDGE('',*,*,#766,.F.);
#1048=ORIENTED_EDGE('',*,*,#765,.F.);
#1049=ORIENTED_EDGE('',*,*,#767,.F.);
#1050=ORIENTED_EDGE('',*,*,#768,.T.);
#1051=ORIENTED_EDGE('',*,*,#737,.F.);
#1052=ORIENTED_EDGE('',*,*,#769,.F.);
#1053=ORIENTED_EDGE('',*,*,#770,.F.);
#1054=ORIENTED_EDGE('',*,*,#769,.T.);
#1055=ORIENTED_EDGE('',*,*,#736,.F.);
#1056=ORIENTED_EDGE('',*,*,#771,.F.);
#1057=ORIENTED_EDGE('',*,*,#772,.F.);
#1058=ORIENTED_EDGE('',*,*,#771,.T.);
#1059=ORIENTED_EDGE('',*,*,#735,.F.);
#1060=ORIENTED_EDGE('',*,*,#773,.F.);
#1061=ORIENTED_EDGE('',*,*,#774,.F.);
#1062=ORIENTED_EDGE('',*,*,#773,.T.);
#1063=ORIENTED_EDGE('',*,*,#734,.F.);
#1064=ORIENTED_EDGE('',*,*,#759,.T.);
#1065=ORIENTED_EDGE('',*,*,#732,.F.);
#1066=ORIENTED_EDGE('',*,*,#758,.F.);
#1067=ORIENTED_EDGE('',*,*,#749,.F.);
#1068=ORIENTED_EDGE('',*,*,#775,.F.);
#1069=ORIENTED_EDGE('',*,*,#776,.F.);
#1070=ORIENTED_EDGE('',*,*,#775,.T.);
#1071=ORIENTED_EDGE('',*,*,#752,.F.);
#1072=ORIENTED_EDGE('',*,*,#777,.F.);
#1073=ORIENTED_EDGE('',*,*,#778,.F.);
#1074=ORIENTED_EDGE('',*,*,#777,.T.);
#1075=ORIENTED_EDGE('',*,*,#751,.F.);
#1076=ORIENTED_EDGE('',*,*,#757,.T.);
#1077=ORIENTED_EDGE('',*,*,#761,.F.);
#1078=ORIENTED_EDGE('',*,*,#755,.F.);
#1079=ORIENTED_EDGE('',*,*,#743,.F.);
#1080=ORIENTED_EDGE('',*,*,#779,.F.);
#1081=ORIENTED_EDGE('',*,*,#780,.F.);
#1082=ORIENTED_EDGE('',*,*,#779,.T.);
#1083=ORIENTED_EDGE('',*,*,#742,.F.);
#1084=ORIENTED_EDGE('',*,*,#781,.F.);
#1085=ORIENTED_EDGE('',*,*,#782,.F.);
#1086=ORIENTED_EDGE('',*,*,#781,.T.);
#1087=ORIENTED_EDGE('',*,*,#741,.F.);
#1088=ORIENTED_EDGE('',*,*,#783,.F.);
#1089=ORIENTED_EDGE('',*,*,#784,.F.);
#1090=ORIENTED_EDGE('',*,*,#783,.T.);
#1091=ORIENTED_EDGE('',*,*,#740,.F.);
#1092=ORIENTED_EDGE('',*,*,#785,.F.);
#1093=ORIENTED_EDGE('',*,*,#786,.F.);
#1094=ORIENTED_EDGE('',*,*,#785,.T.);
#1095=ORIENTED_EDGE('',*,*,#739,.F.);
#1096=ORIENTED_EDGE('',*,*,#787,.F.);
#1097=ORIENTED_EDGE('',*,*,#788,.F.);
#1098=ORIENTED_EDGE('',*,*,#787,.T.);
#1099=ORIENTED_EDGE('',*,*,#738,.F.);
#1100=ORIENTED_EDGE('',*,*,#768,.F.);
#1101=ORIENTED_EDGE('',*,*,#789,.F.);
#1102=ORIENTED_EDGE('',*,*,#790,.T.);
#1103=ORIENTED_EDGE('',*,*,#745,.F.);
#1104=ORIENTED_EDGE('',*,*,#754,.F.);
#1105=ORIENTED_EDGE('',*,*,#791,.F.);
#1106=ORIENTED_EDGE('',*,*,#760,.T.);
#1107=ORIENTED_EDGE('',*,*,#747,.F.);
#1108=ORIENTED_EDGE('',*,*,#792,.F.);
#1109=ORIENTED_EDGE('',*,*,#793,.F.);
#1110=ORIENTED_EDGE('',*,*,#792,.T.);
#1111=ORIENTED_EDGE('',*,*,#746,.F.);
#1112=ORIENTED_EDGE('',*,*,#790,.F.);
#1113=ORIENTED_EDGE('',*,*,#794,.T.);
#1114=ORIENTED_EDGE('',*,*,#795,.T.);
#1115=ORIENTED_EDGE('',*,*,#796,.T.);
#1116=ORIENTED_EDGE('',*,*,#797,.T.);
#1117=ORIENTED_EDGE('',*,*,#789,.T.);
#1118=ORIENTED_EDGE('',*,*,#753,.T.);
#1119=ORIENTED_EDGE('',*,*,#791,.T.);
#1120=ORIENTED_EDGE('',*,*,#793,.T.);
#1121=ORIENTED_EDGE('',*,*,#767,.T.);
#1122=ORIENTED_EDGE('',*,*,#770,.T.);
#1123=ORIENTED_EDGE('',*,*,#772,.T.);
#1124=ORIENTED_EDGE('',*,*,#774,.T.);
#1125=ORIENTED_EDGE('',*,*,#776,.T.);
#1126=ORIENTED_EDGE('',*,*,#778,.T.);
#1127=ORIENTED_EDGE('',*,*,#780,.T.);
#1128=ORIENTED_EDGE('',*,*,#782,.T.);
#1129=ORIENTED_EDGE('',*,*,#784,.T.);
#1130=ORIENTED_EDGE('',*,*,#786,.T.);
#1131=ORIENTED_EDGE('',*,*,#788,.T.);
#1132=ORIENTED_EDGE('',*,*,#730,.T.);
#1133=ORIENTED_EDGE('',*,*,#798,.T.);
#1134=ORIENTED_EDGE('',*,*,#766,.T.);
#1135=ORIENTED_EDGE('',*,*,#727,.F.);
#1136=ORIENTED_EDGE('',*,*,#799,.T.);
#1137=ORIENTED_EDGE('',*,*,#798,.F.);
#1138=ORIENTED_EDGE('',*,*,#799,.F.);
#1139=ORIENTED_EDGE('',*,*,#724,.F.);
#1140=ORIENTED_EDGE('',*,*,#800,.T.);
#1141=ORIENTED_EDGE('',*,*,#797,.F.);
#1142=ORIENTED_EDGE('',*,*,#801,.F.);
#1143=ORIENTED_EDGE('',*,*,#725,.T.);
#1144=ORIENTED_EDGE('',*,*,#801,.T.);
#1145=ORIENTED_EDGE('',*,*,#796,.F.);
#1146=ORIENTED_EDGE('',*,*,#802,.F.);
#1147=ORIENTED_EDGE('',*,*,#726,.F.);
#1148=ORIENTED_EDGE('',*,*,#802,.T.);
#1149=ORIENTED_EDGE('',*,*,#795,.F.);
#1150=ORIENTED_EDGE('',*,*,#803,.F.);
#1151=ORIENTED_EDGE('',*,*,#723,.T.);
#1152=ORIENTED_EDGE('',*,*,#803,.T.);
#1153=ORIENTED_EDGE('',*,*,#794,.F.);
#1154=ORIENTED_EDGE('',*,*,#800,.F.);
#1155=ORIENTED_EDGE('',*,*,#764,.T.);
#1156=PLANE('',#1290);
#1157=PLANE('',#1293);
#1158=PLANE('',#1294);
#1159=PLANE('',#1298);
#1160=PLANE('',#1299);
#1161=PLANE('',#1311);
#1162=PLANE('',#1312);
#1163=PLANE('',#1313);
#1164=PLANE('',#1315);
#1165=PLANE('',#1320);
#1166=PLANE('',#1321);
#1167=PLANE('',#1322);
#1168=PLANE('',#1325);
#1169=PLANE('',#1334);
#1170=PLANE('',#1336);
#1171=PLANE('',#1340);
#1172=PLANE('',#1343);
#1173=PLANE('',#1344);
#1174=PLANE('',#1345);
#1175=PLANE('',#1346);
#1176=PLANE('',#1347);
#1177=PLANE('',#1348);
#1178=PLANE('',#1349);
#1179=PLANE('',#1350);
#1180=PLANE('',#1354);
#1181=PLANE('',#1355);
#1182=PLANE('',#1361);
#1183=PLANE('',#1368);
#1184=PLANE('',#1369);
#1185=PLANE('',#1373);
#1186=PLANE('',#1383);
#1187=PLANE('',#1391);
#1188=PLANE('',#1400);
#1189=PLANE('',#1411);
#1190=PLANE('',#1414);
#1191=PLANE('',#1415);
#1192=PLANE('',#1416);
#1193=PLANE('',#1417);
#1194=PLANE('',#1420);
#1195=PLANE('',#1423);
#1196=PLANE('',#1425);
#1197=PLANE('',#1427);
#1198=PLANE('',#1429);
#1199=PLANE('',#1431);
#1200=ADVANCED_FACE('',(#66,#50),#1156,.T.);
#1201=ADVANCED_FACE('',(#67),#1157,.T.);
#1202=ADVANCED_FACE('',(#68),#1158,.T.);
#1203=ADVANCED_FACE('',(#69),#22,.T.);
#1204=ADVANCED_FACE('',(#70),#1159,.T.);
#1205=ADVANCED_FACE('',(#71,#51),#1160,.T.);
#1206=ADVANCED_FACE('',(#72),#23,.F.);
#1207=ADVANCED_FACE('',(#73),#24,.T.);
#1208=ADVANCED_FACE('',(#74),#1161,.T.);
#1209=ADVANCED_FACE('',(#75),#1162,.T.);
#1210=ADVANCED_FACE('',(#76,#52),#1163,.T.);
#1211=ADVANCED_FACE('',(#77,#53),#1164,.T.);
#1212=ADVANCED_FACE('',(#78),#25,.F.);
#1213=ADVANCED_FACE('',(#79),#1165,.T.);
#1214=ADVANCED_FACE('',(#80),#1166,.T.);
#1215=ADVANCED_FACE('',(#81,#54),#1167,.T.);
#1216=ADVANCED_FACE('',(#82,#55,#56,#57),#1168,.F.);
#1217=ADVANCED_FACE('',(#83),#26,.F.);
#1218=ADVANCED_FACE('',(#84),#27,.F.);
#1219=ADVANCED_FACE('',(#85),#28,.F.);
#1220=ADVANCED_FACE('',(#86),#1169,.T.);
#1221=ADVANCED_FACE('',(#87),#29,.T.);
#1222=ADVANCED_FACE('',(#88),#1170,.T.);
#1223=ADVANCED_FACE('',(#89),#30,.T.);
#1224=ADVANCED_FACE('',(#90),#31,.F.);
#1225=ADVANCED_FACE('',(#91),#1171,.T.);
#1226=ADVANCED_FACE('',(#92),#32,.T.);
#1227=ADVANCED_FACE('',(#93),#1172,.T.);
#1228=ADVANCED_FACE('',(#94),#1173,.T.);
#1229=ADVANCED_FACE('',(#95),#1174,.T.);
#1230=ADVANCED_FACE('',(#96),#1175,.T.);
#1231=ADVANCED_FACE('',(#97),#1176,.T.);
#1232=ADVANCED_FACE('',(#98),#1177,.T.);
#1233=ADVANCED_FACE('',(#99),#1178,.T.);
#1234=ADVANCED_FACE('',(#100),#1179,.F.);
#1235=ADVANCED_FACE('',(#101),#33,.T.);
#1236=ADVANCED_FACE('',(#102),#1180,.T.);
#1237=ADVANCED_FACE('',(#103),#1181,.F.);
#1238=ADVANCED_FACE('',(#104),#13,.F.);
#1239=ADVANCED_FACE('',(#105),#34,.F.);
#1240=ADVANCED_FACE('',(#106,#58,#59),#1182,.F.);
#1241=ADVANCED_FACE('',(#107),#35,.T.);
#1242=ADVANCED_FACE('',(#108,#60),#1183,.T.);
#1243=ADVANCED_FACE('',(#109,#61),#1184,.T.);
#1244=ADVANCED_FACE('',(#110),#1185,.T.);
#1245=ADVANCED_FACE('',(#111),#1186,.T.);
#1246=ADVANCED_FACE('',(#112),#36,.T.);
#1247=ADVANCED_FACE('',(#113,#62),#1187,.T.);
#1248=ADVANCED_FACE('',(#114),#37,.F.);
#1249=ADVANCED_FACE('',(#115),#38,.F.);
#1250=ADVANCED_FACE('',(#116),#39,.F.);
#1251=ADVANCED_FACE('',(#117),#1188,.T.);
#1252=ADVANCED_FACE('',(#118),#40,.F.);
#1253=ADVANCED_FACE('',(#119),#41,.T.);
#1254=ADVANCED_FACE('',(#120),#42,.F.);
#1255=ADVANCED_FACE('',(#121),#43,.T.);
#1256=ADVANCED_FACE('',(#122),#44,.F.);
#1257=ADVANCED_FACE('',(#123),#1189,.T.);
#1258=ADVANCED_FACE('',(#124),#45,.F.);
#1259=ADVANCED_FACE('',(#125),#1190,.T.);
#1260=ADVANCED_FACE('',(#126),#1191,.T.);
#1261=ADVANCED_FACE('',(#127),#1192,.T.);
#1262=ADVANCED_FACE('',(#128),#1193,.T.);
#1263=ADVANCED_FACE('',(#129),#46,.T.);
#1264=ADVANCED_FACE('',(#130,#63),#1194,.T.);
#1265=ADVANCED_FACE('',(#131,#64,#65),#1195,.T.);
#1266=ADVANCED_FACE('',(#132),#1196,.T.);
#1267=ADVANCED_FACE('',(#133),#47,.F.);
#1268=ADVANCED_FACE('',(#134),#1197,.T.);
#1269=ADVANCED_FACE('',(#135),#48,.T.);
#1270=ADVANCED_FACE('',(#136),#1198,.T.);
#1271=ADVANCED_FACE('',(#137),#49,.T.);
#1272=ADVANCED_FACE('',(#138),#1199,.T.);
#1273=CLOSED_SHELL('',(#1200,#1201,#1202,#1203,#1204,#1205,#1206,#1207,
#1208,#1209,#1210,#1211,#1212,#1213,#1214,#1215,#1216,#1217,#1218,#1219,
#1220,#1221,#1222,#1223,#1224,#1225,#1226,#1227,#1228));
#1274=CLOSED_SHELL('',(#1229,#1230,#1231,#1232,#1233,#1234));
#1275=CLOSED_SHELL('',(#1235,#1236,#1237));
#1276=CLOSED_SHELL('',(#1238,#1239,#1240,#1241,#1242,#1243,#1244,#1245,
#1246,#1247,#1248,#1249,#1250,#1251,#1252,#1253,#1254,#1255,#1256,#1257,
#1258,#1259,#1260,#1261,#1262,#1263,#1264,#1265,#1266,#1267,#1268,#1269,
#1270,#1271,#1272));
#1277=DERIVED_UNIT_ELEMENT(#1279,1.);
#1278=DERIVED_UNIT_ELEMENT(#2197,-3.);
#1279=(
MASS_UNIT()
NAMED_UNIT(*)
SI_UNIT(.KILO.,.GRAM.)
);
#1280=DERIVED_UNIT((#1277,#1278));
#1281=MEASURE_REPRESENTATION_ITEM('density measure',
POSITIVE_RATIO_MEASURE(7850.),#1280);
#1282=PROPERTY_DEFINITION_REPRESENTATION(#1287,#1284);
#1283=PROPERTY_DEFINITION_REPRESENTATION(#1288,#1285);
#1284=REPRESENTATION('material name',(#1286),#2194);
#1285=REPRESENTATION('density',(#1281),#2194);
#1286=DESCRIPTIVE_REPRESENTATION_ITEM('Steel','Steel');
#1287=PROPERTY_DEFINITION('material property','material name',#2204);
#1288=PROPERTY_DEFINITION('material property','density of part',#2204);
#1289=AXIS2_PLACEMENT_3D('',#1825,#1432,#1433);
#1290=AXIS2_PLACEMENT_3D('',#1826,#1434,#1435);
#1291=AXIS2_PLACEMENT_3D('',#1829,#1436,#1437);
#1292=AXIS2_PLACEMENT_3D('',#1836,#1441,#1442);
#1293=AXIS2_PLACEMENT_3D('',#1837,#1443,#1444);
#1294=AXIS2_PLACEMENT_3D('',#1843,#1448,#1449);
#1295=AXIS2_PLACEMENT_3D('',#1852,#1454,#1455);
#1296=AXIS2_PLACEMENT_3D('',#1854,#1456,#1457);
#1297=AXIS2_PLACEMENT_3D('',#1856,#1458,#1459);
#1298=AXIS2_PLACEMENT_3D('',#1858,#1461,#1462);
#1299=AXIS2_PLACEMENT_3D('',#1864,#1466,#1467);
#1300=AXIS2_PLACEMENT_3D('',#1865,#1468,#1469);
#1301=AXIS2_PLACEMENT_3D('',#1867,#1470,#1471);
#1302=AXIS2_PLACEMENT_3D('',#1868,#1472,#1473);
#1303=AXIS2_PLACEMENT_3D('',#1870,#1474,#1475);
#1304=AXIS2_PLACEMENT_3D('',#1874,#1477,#1478);
#1305=AXIS2_PLACEMENT_3D('',#1878,#1480,#1481);
#1306=AXIS2_PLACEMENT_3D('',#1882,#1483,#1484);
#1307=AXIS2_PLACEMENT_3D('',#1885,#1486,#1487);
#1308=AXIS2_PLACEMENT_3D('',#1886,#1488,#1489);
#1309=AXIS2_PLACEMENT_3D('',#1889,#1490,#1491);
#1310=AXIS2_PLACEMENT_3D('',#1893,#1493,#1494);
#1311=AXIS2_PLACEMENT_3D('',#1895,#1496,#1497);
#1312=AXIS2_PLACEMENT_3D('',#1898,#1500,#1501);
#1313=AXIS2_PLACEMENT_3D('',#1901,#1504,#1505);
#1314=AXIS2_PLACEMENT_3D('',#1903,#1506,#1507);
#1315=AXIS2_PLACEMENT_3D('',#1904,#1508,#1509);
#1316=AXIS2_PLACEMENT_3D('',#1908,#1511,#1512);
#1317=AXIS2_PLACEMENT_3D('',#1914,#1516,#1517);
#1318=AXIS2_PLACEMENT_3D('',#1915,#1518,#1519);
#1319=AXIS2_PLACEMENT_3D('',#1919,#1521,#1522);
#1320=AXIS2_PLACEMENT_3D('',#1921,#1524,#1525);
#1321=AXIS2_PLACEMENT_3D('',#1923,#1527,#1528);
#1322=AXIS2_PLACEMENT_3D('',#1925,#1530,#1531);
#1323=AXIS2_PLACEMENT_3D('',#1928,#1532,#1533);
#1324=AXIS2_PLACEMENT_3D('',#1932,#1535,#1536);
#1325=AXIS2_PLACEMENT_3D('',#1934,#1538,#1539);
#1326=AXIS2_PLACEMENT_3D('',#1937,#1540,#1541);
#1327=AXIS2_PLACEMENT_3D('',#1941,#1543,#1544);
#1328=AXIS2_PLACEMENT_3D('',#1944,#1546,#1547);
#1329=AXIS2_PLACEMENT_3D('',#1946,#1548,#1549);
#1330=AXIS2_PLACEMENT_3D('',#1948,#1550,#1551);
#1331=AXIS2_PLACEMENT_3D('',#1949,#1552,#1553);
#1332=AXIS2_PLACEMENT_3D('',#1951,#1555,#1556);
#1333=AXIS2_PLACEMENT_3D('',#1953,#1558,#1559);
#1334=AXIS2_PLACEMENT_3D('',#1955,#1561,#1562);
#1335=AXIS2_PLACEMENT_3D('',#1958,#1565,#1566);
#1336=AXIS2_PLACEMENT_3D('',#1960,#1568,#1569);
#1337=AXIS2_PLACEMENT_3D('',#1962,#1571,#1572);
#1338=AXIS2_PLACEMENT_3D('',#1963,#1573,#1574);
#1339=AXIS2_PLACEMENT_3D('',#1967,#1576,#1577);
#1340=AXIS2_PLACEMENT_3D('',#1969,#1579,#1580);
#1341=AXIS2_PLACEMENT_3D('',#1973,#1583,#1584);
#1342=AXIS2_PLACEMENT_3D('',#1975,#1585,#1586);
#1343=AXIS2_PLACEMENT_3D('',#1977,#1588,#1589);
#1344=AXIS2_PLACEMENT_3D('',#1979,#1591,#1592);
#1345=AXIS2_PLACEMENT_3D('',#1980,#1593,#1594);
#1346=AXIS2_PLACEMENT_3D('',#1989,#1599,#1600);
#1347=AXIS2_PLACEMENT_3D('',#1995,#1604,#1605);
#1348=AXIS2_PLACEMENT_3D('',#2001,#1609,#1610);
#1349=AXIS2_PLACEMENT_3D('',#2004,#1613,#1614);
#1350=AXIS2_PLACEMENT_3D('',#2005,#1615,#1616);
#1351=AXIS2_PLACEMENT_3D('',#2006,#1617,#1618);
#1352=AXIS2_PLACEMENT_3D('',#2008,#1619,#1620);
#1353=AXIS2_PLACEMENT_3D('',#2011,#1622,#1623);
#1354=AXIS2_PLACEMENT_3D('',#2012,#1624,#1625);
#1355=AXIS2_PLACEMENT_3D('',#2013,#1626,#1627);
#1356=AXIS2_PLACEMENT_3D('',#2014,#1628,#1629);
#1357=AXIS2_PLACEMENT_3D('',#2016,#1630,#1631);
#1358=AXIS2_PLACEMENT_3D('',#2019,#1633,#1634);
#1359=AXIS2_PLACEMENT_3D('',#2020,#1635,#1636);
#1360=AXIS2_PLACEMENT_3D('',#2022,#1637,#1638);
#1361=AXIS2_PLACEMENT_3D('',#2024,#1640,#1641);
#1362=AXIS2_PLACEMENT_3D('',#2027,#1642,#1643);
#1363=AXIS2_PLACEMENT_3D('',#2031,#1645,#1646);
#1364=AXIS2_PLACEMENT_3D('',#2034,#1648,#1649);
#1365=AXIS2_PLACEMENT_3D('',#2035,#1650,#1651);
#1366=AXIS2_PLACEMENT_3D('',#2037,#1652,#1653);
#1367=AXIS2_PLACEMENT_3D('',#2040,#1655,#1656);
#1368=AXIS2_PLACEMENT_3D('',#2041,#1657,#1658);
#1369=AXIS2_PLACEMENT_3D('',#2042,#1659,#1660);
#1370=AXIS2_PLACEMENT_3D('',#2045,#1661,#1662);
#1371=AXIS2_PLACEMENT_3D('',#2046,#1663,#1664);
#1372=AXIS2_PLACEMENT_3D('',#2048,#1665,#1666);
#1373=AXIS2_PLACEMENT_3D('',#2049,#1667,#1668);
#1374=AXIS2_PLACEMENT_3D('',#2052,#1669,#1670);
#1375=AXIS2_PLACEMENT_3D('',#2054,#1671,#1672);
#1376=AXIS2_PLACEMENT_3D('',#2058,#1674,#1675);
#1377=AXIS2_PLACEMENT_3D('',#2064,#1678,#1679);
#1378=AXIS2_PLACEMENT_3D('',#2068,#1681,#1682);
#1379=AXIS2_PLACEMENT_3D('',#2070,#1683,#1684);
#1380=AXIS2_PLACEMENT_3D('',#2072,#1685,#1686);
#1381=AXIS2_PLACEMENT_3D('',#2076,#1688,#1689);
#1382=AXIS2_PLACEMENT_3D('',#2079,#1691,#1692);
#1383=AXIS2_PLACEMENT_3D('',#2080,#1693,#1694);
#1384=AXIS2_PLACEMENT_3D('',#2083,#1695,#1696);
#1385=AXIS2_PLACEMENT_3D('',#2085,#1697,#1698);
#1386=AXIS2_PLACEMENT_3D('',#2087,#1699,#1700);
#1387=AXIS2_PLACEMENT_3D('',#2088,#1701,#1702);
#1388=AXIS2_PLACEMENT_3D('',#2089,#1703,#1704);
#1389=AXIS2_PLACEMENT_3D('',#2092,#1705,#1706);
#1390=AXIS2_PLACEMENT_3D('',#2097,#1709,#1710);
#1391=AXIS2_PLACEMENT_3D('',#2102,#1715,#1716);
#1392=AXIS2_PLACEMENT_3D('',#2103,#1717,#1718);
#1393=AXIS2_PLACEMENT_3D('',#2105,#1719,#1720);
#1394=AXIS2_PLACEMENT_3D('',#2106,#1721,#1722);
#1395=AXIS2_PLACEMENT_3D('',#2109,#1724,#1725);
#1396=AXIS2_PLACEMENT_3D('',#2110,#1726,#1727);
#1397=AXIS2_PLACEMENT_3D('',#2113,#1729,#1730);
#1398=AXIS2_PLACEMENT_3D('',#2114,#1731,#1732);
#1399=AXIS2_PLACEMENT_3D('',#2117,#1733,#1734);
#1400=AXIS2_PLACEMENT_3D('',#2120,#1737,#1738);
#1401=AXIS2_PLACEMENT_3D('',#2124,#1741,#1742);
#1402=AXIS2_PLACEMENT_3D('',#2126,#1743,#1744);
#1403=AXIS2_PLACEMENT_3D('',#2128,#1746,#1747);
#1404=AXIS2_PLACEMENT_3D('',#2130,#1748,#1749);
#1405=AXIS2_PLACEMENT_3D('',#2132,#1751,#1752);
#1406=AXIS2_PLACEMENT_3D('',#2134,#1753,#1754);
#1407=AXIS2_PLACEMENT_3D('',#2136,#1756,#1757);
#1408=AXIS2_PLACEMENT_3D('',#2138,#1758,#1759);
#1409=AXIS2_PLACEMENT_3D('',#2140,#1761,#1762);
#1410=AXIS2_PLACEMENT_3D('',#2142,#1763,#1764);
#1411=AXIS2_PLACEMENT_3D('',#2144,#1766,#1767);
#1412=AXIS2_PLACEMENT_3D('',#2148,#1770,#1771);
#1413=AXIS2_PLACEMENT_3D('',#2150,#1772,#1773);
#1414=AXIS2_PLACEMENT_3D('',#2152,#1775,#1776);
#1415=AXIS2_PLACEMENT_3D('',#2156,#1779,#1780);
#1416=AXIS2_PLACEMENT_3D('',#2158,#1782,#1783);
#1417=AXIS2_PLACEMENT_3D('',#2162,#1786,#1787);
#1418=AXIS2_PLACEMENT_3D('',#2166,#1790,#1791);
#1419=AXIS2_PLACEMENT_3D('',#2167,#1792,#1793);
#1420=AXIS2_PLACEMENT_3D('',#2168,#1794,#1795);
#1421=AXIS2_PLACEMENT_3D('',#2171,#1796,#1797);
#1422=AXIS2_PLACEMENT_3D('',#2175,#1799,#1800);
#1423=AXIS2_PLACEMENT_3D('',#2177,#1802,#1803);
#1424=AXIS2_PLACEMENT_3D('',#2179,#1804,#1805);
#1425=AXIS2_PLACEMENT_3D('',#2180,#1806,#1807);
#1426=AXIS2_PLACEMENT_3D('',#2181,#1808,#1809);
#1427=AXIS2_PLACEMENT_3D('',#2183,#1811,#1812);
#1428=AXIS2_PLACEMENT_3D('',#2186,#1815,#1816);
#1429=AXIS2_PLACEMENT_3D('',#2188,#1818,#1819);
#1430=AXIS2_PLACEMENT_3D('',#2190,#1821,#1822);
#1431=AXIS2_PLACEMENT_3D('',#2191,#1823,#1824);
#1432=DIRECTION('axis',(0.,0.,1.));
#1433=DIRECTION('refdir',(1.,0.,0.));
#1434=DIRECTION('center_axis',(0.,0.,1.));
#1435=DIRECTION('ref_axis',(1.,0.,0.));
#1436=DIRECTION('center_axis',(0.,0.,1.));
#1437=DIRECTION('ref_axis',(1.,0.,0.));
#1438=DIRECTION('',(0.,1.,0.));
#1439=DIRECTION('',(1.,0.,0.));
#1440=DIRECTION('',(0.,-1.,0.));
#1441=DIRECTION('center_axis',(0.,0.,-1.));
#1442=DIRECTION('ref_axis',(1.,0.,0.));
#1443=DIRECTION('center_axis',(0.,-1.,0.));
#1444=DIRECTION('ref_axis',(1.,0.,0.));
#1445=DIRECTION('',(-1.,0.,0.));
#1446=DIRECTION('',(0.,0.,1.));
#1447=DIRECTION('',(0.,0.,1.));
#1448=DIRECTION('center_axis',(1.28631601025877E-16,-1.,0.));
#1449=DIRECTION('ref_axis',(1.,1.28631601025877E-16,0.));
#1450=DIRECTION('',(-1.,-1.28631601025877E-16,0.));
#1451=DIRECTION('',(0.,0.,-1.));
#1452=DIRECTION('',(1.,1.28631601025877E-16,0.));
#1453=DIRECTION('',(0.,0.,1.));
#1454=DIRECTION('center_axis',(0.,0.,1.));
#1455=DIRECTION('ref_axis',(-1.,1.22464679914735E-16,0.));
#1456=DIRECTION('center_axis',(0.,0.,-1.));
#1457=DIRECTION('ref_axis',(1.,0.,0.));
#1458=DIRECTION('center_axis',(0.,0.,1.));
#1459=DIRECTION('ref_axis',(1.,0.,0.));
#1460=DIRECTION('',(0.,0.,1.));
#1461=DIRECTION('center_axis',(0.,1.,0.));
#1462=DIRECTION('ref_axis',(-1.,0.,0.));
#1463=DIRECTION('',(1.,0.,0.));
#1464=DIRECTION('',(-1.,0.,0.));
#1465=DIRECTION('',(0.,0.,1.));
#1466=DIRECTION('center_axis',(0.,0.,1.));
#1467=DIRECTION('ref_axis',(1.,0.,0.));
#1468=DIRECTION('center_axis',(0.,0.,-1.));
#1469=DIRECTION('ref_axis',(-1.,1.22464679914735E-16,0.));
#1470=DIRECTION('center_axis',(0.,0.,-1.));
#1471=DIRECTION('ref_axis',(1.,0.,0.));
#1472=DIRECTION('center_axis',(0.,0.,1.));
#1473=DIRECTION('ref_axis',(6.12323399573677E-17,1.,0.));
#1474=DIRECTION('center_axis',(0.,0.,1.));
#1475=DIRECTION('ref_axis',(-1.,1.22464679914735E-16,0.));
#1476=DIRECTION('',(0.,0.,1.));
#1477=DIRECTION('center_axis',(0.,0.,-1.));
#1478=DIRECTION('ref_axis',(-1.,1.22464679914735E-16,0.));
#1479=DIRECTION('',(0.,0.,1.));
#1480=DIRECTION('center_axis',(0.,0.,1.));
#1481=DIRECTION('ref_axis',(-1.,1.22464679914735E-16,0.));
#1482=DIRECTION('',(0.,0.,1.));
#1483=DIRECTION('center_axis',(0.,0.,-1.));
#1484=DIRECTION('ref_axis',(-1.,1.22464679914735E-16,0.));
#1485=DIRECTION('',(0.,0.,-1.));
#1486=DIRECTION('center_axis',(0.,0.,1.));
#1487=DIRECTION('ref_axis',(-1.,1.22464679914735E-16,0.));
#1488=DIRECTION('center_axis',(0.,0.,1.));
#1489=DIRECTION('ref_axis',(1.,0.,0.));
#1490=DIRECTION('center_axis',(0.,0.,-1.));
#1491=DIRECTION('ref_axis',(1.,0.,0.));
#1492=DIRECTION('',(0.,0.,1.));
#1493=DIRECTION('center_axis',(0.,0.,1.));
#1494=DIRECTION('ref_axis',(1.,0.,0.));
#1495=DIRECTION('',(0.,0.,1.));
#1496=DIRECTION('center_axis',(0.,-1.,0.));
#1497=DIRECTION('ref_axis',(1.,0.,0.));
#1498=DIRECTION('',(-1.,0.,0.));
#1499=DIRECTION('',(1.,0.,0.));
#1500=DIRECTION('center_axis',(0.,1.,0.));
#1501=DIRECTION('ref_axis',(-1.,0.,0.));
#1502=DIRECTION('',(1.,0.,0.));
#1503=DIRECTION('',(-1.,0.,0.));
#1504=DIRECTION('center_axis',(0.,0.,1.));
#1505=DIRECTION('ref_axis',(1.,0.,0.));
#1506=DIRECTION('center_axis',(0.,0.,-1.));
#1507=DIRECTION('ref_axis',(1.,0.,0.));
#1508=DIRECTION('center_axis',(0.,0.,1.));
#1509=DIRECTION('ref_axis',(1.,0.,0.));
#1510=DIRECTION('',(0.5,-0.866025403784439,0.));
#1511=DIRECTION('center_axis',(0.,0.,1.));
#1512=DIRECTION('ref_axis',(-0.866025403784439,-0.499999999999999,0.));
#1513=DIRECTION('',(0.500000000000001,0.866025403784438,0.));
#1514=DIRECTION('',(0.,1.,0.));
#1515=DIRECTION('',(0.,-1.,0.));
#1516=DIRECTION('center_axis',(0.,0.,-1.));
#1517=DIRECTION('ref_axis',(1.,0.,0.));
#1518=DIRECTION('center_axis',(0.,0.,1.));
#1519=DIRECTION('ref_axis',(-0.866025403784439,-0.499999999999999,0.));
#1520=DIRECTION('',(0.,0.,1.));
#1521=DIRECTION('center_axis',(0.,0.,-1.));
#1522=DIRECTION('ref_axis',(-0.866025403784439,-0.499999999999999,0.));
#1523=DIRECTION('',(0.,0.,1.));
#1524=DIRECTION('center_axis',(0.866025403784439,0.5,0.));
#1525=DIRECTION('ref_axis',(-0.5,0.866025403784439,0.));
#1526=DIRECTION('',(-0.5,0.866025403784439,0.));
#1527=DIRECTION('center_axis',(-0.866025403784438,0.500000000000001,0.));
#1528=DIRECTION('ref_axis',(-0.500000000000001,-0.866025403784438,0.));
#1529=DIRECTION('',(-0.500000000000001,-0.866025403784438,0.));
#1530=DIRECTION('center_axis',(0.,0.,1.));
#1531=DIRECTION('ref_axis',(1.,0.,0.));
#1532=DIRECTION('center_axis',(0.,0.,1.));
#1533=DIRECTION('ref_axis',(1.,0.,0.));
#1534=DIRECTION('',(0.5,-0.866025403784439,0.));
#1535=DIRECTION('center_axis',(0.,0.,1.));
#1536=DIRECTION('ref_axis',(-0.866025403784436,-0.500000000000005,0.));
#1537=DIRECTION('',(0.5,0.866025403784439,0.));
#1538=DIRECTION('center_axis',(0.,0.,1.));
#1539=DIRECTION('ref_axis',(1.,0.,0.));
#1540=DIRECTION('center_axis',(0.,0.,1.));
#1541=DIRECTION('ref_axis',(1.,0.,0.));
#1542=DIRECTION('',(-0.5,-0.866025403784439,0.));
#1543=DIRECTION('center_axis',(0.,0.,1.));
#1544=DIRECTION('ref_axis',(-0.866025403784436,-0.500000000000005,0.));
#1545=DIRECTION('',(-0.5,0.866025403784439,0.));
#1546=DIRECTION('center_axis',(0.,0.,-1.));
#1547=DIRECTION('ref_axis',(1.,0.,0.));
#1548=DIRECTION('center_axis',(0.,0.,-1.));
#1549=DIRECTION('ref_axis',(1.,0.,0.));
#1550=DIRECTION('center_axis',(0.,0.,-1.));
#1551=DIRECTION('ref_axis',(1.,0.,0.));
#1552=DIRECTION('center_axis',(0.,0.,1.));
#1553=DIRECTION('ref_axis',(1.,0.,0.));
#1554=DIRECTION('',(0.,0.,-1.));
#1555=DIRECTION('center_axis',(0.,0.,1.));
#1556=DIRECTION('ref_axis',(1.,0.,0.));
#1557=DIRECTION('',(0.,0.,-1.));
#1558=DIRECTION('center_axis',(0.,0.,1.));
#1559=DIRECTION('ref_axis',(1.,0.,0.));
#1560=DIRECTION('',(0.,0.,-1.));
#1561=DIRECTION('center_axis',(0.866025403784439,-0.5,0.));
#1562=DIRECTION('ref_axis',(0.5,0.866025403784439,0.));
#1563=DIRECTION('',(0.,0.,1.));
#1564=DIRECTION('',(0.,0.,1.));
#1565=DIRECTION('center_axis',(0.,0.,1.));
#1566=DIRECTION('ref_axis',(-0.866025403784436,-0.500000000000005,0.));
#1567=DIRECTION('',(0.,0.,1.));
#1568=DIRECTION('center_axis',(-0.866025403784439,-0.5,0.));
#1569=DIRECTION('ref_axis',(0.5,-0.866025403784439,0.));
#1570=DIRECTION('',(0.,0.,1.));
#1571=DIRECTION('center_axis',(0.,0.,1.));
#1572=DIRECTION('ref_axis',(5.0532154980743E-16,1.,0.));
#1573=DIRECTION('center_axis',(0.,0.,1.));
#1574=DIRECTION('ref_axis',(6.12323399573676E-17,1.,0.));
#1575=DIRECTION('',(0.,0.,1.));
#1576=DIRECTION('center_axis',(0.,0.,-1.));
#1577=DIRECTION('ref_axis',(1.,0.,0.));
#1578=DIRECTION('',(0.,0.,1.));
#1579=DIRECTION('center_axis',(1.,0.,0.));
#1580=DIRECTION('ref_axis',(0.,1.,0.));
#1581=DIRECTION('',(0.,1.,0.));
#1582=DIRECTION('',(0.,0.,1.));
#1583=DIRECTION('center_axis',(0.,0.,1.));
#1584=DIRECTION('ref_axis',(-1.83697019872103E-16,1.,0.));
#1585=DIRECTION('center_axis',(0.,0.,1.));
#1586=DIRECTION('ref_axis',(1.,0.,0.));
#1587=DIRECTION('',(0.,0.,1.));
#1588=DIRECTION('center_axis',(-1.,0.,0.));
#1589=DIRECTION('ref_axis',(0.,-1.,0.));
#1590=DIRECTION('',(0.,-1.,0.));
#1591=DIRECTION('center_axis',(0.,0.,1.));
#1592=DIRECTION('ref_axis',(1.,0.,0.));
#1593=DIRECTION('center_axis',(-4.6746232615796E-16,1.,0.));
#1594=DIRECTION('ref_axis',(-1.,-4.6746232615796E-16,0.));
#1595=DIRECTION('',(1.,4.6746232615796E-16,0.));
#1596=DIRECTION('',(0.,0.,1.));
#1597=DIRECTION('',(-1.,-4.6746232615796E-16,0.));
#1598=DIRECTION('',(0.,0.,1.));
#1599=DIRECTION('center_axis',(1.,0.,0.));
#1600=DIRECTION('ref_axis',(0.,1.,0.));
#1601=DIRECTION('',(0.,-1.,0.));
#1602=DIRECTION('',(0.,1.,0.));
#1603=DIRECTION('',(0.,0.,1.));
#1604=DIRECTION('center_axis',(4.67462326157961E-16,-1.,0.));
#1605=DIRECTION('ref_axis',(1.,4.67462326157961E-16,0.));
#1606=DIRECTION('',(-1.,-4.67462326157961E-16,0.));
#1607=DIRECTION('',(1.,4.67462326157961E-16,0.));
#1608=DIRECTION('',(0.,0.,1.));
#1609=DIRECTION('center_axis',(-1.,-2.53765262771464E-16,0.));
#1610=DIRECTION('ref_axis',(2.53765262771464E-16,-1.,0.));
#1611=DIRECTION('',(-2.53765262771464E-16,1.,0.));
#1612=DIRECTION('',(2.53765262771464E-16,-1.,0.));
#1613=DIRECTION('center_axis',(0.,0.,1.));
#1614=DIRECTION('ref_axis',(1.,0.,0.));
#1615=DIRECTION('center_axis',(0.,0.,1.));
#1616=DIRECTION('ref_axis',(1.,0.,0.));
#1617=DIRECTION('center_axis',(0.,0.,1.));
#1618=DIRECTION('ref_axis',(1.,0.,0.));
#1619=DIRECTION('center_axis',(0.,0.,1.));
#1620=DIRECTION('ref_axis',(1.,0.,0.));
#1621=DIRECTION('',(0.,0.,-1.));
#1622=DIRECTION('center_axis',(0.,0.,1.));
#1623=DIRECTION('ref_axis',(1.,0.,0.));
#1624=DIRECTION('center_axis',(0.,0.,1.));
#1625=DIRECTION('ref_axis',(1.,0.,0.));
#1626=DIRECTION('center_axis',(0.,0.,1.));
#1627=DIRECTION('ref_axis',(1.,0.,0.));
#1628=DIRECTION('center_axis',(1.22464679914735E-16,0.,1.));
#1629=DIRECTION('ref_axis',(-1.,0.,1.22464679914735E-16));
#1630=DIRECTION('center_axis',(-1.22464679914735E-16,0.,-1.));
#1631=DIRECTION('ref_axis',(-1.,0.,1.22464679914735E-16));
#1632=DIRECTION('',(0.707106781186548,-8.65956056235493E-17,0.707106781186547));
#1633=DIRECTION('center_axis',(1.22464679914735E-16,0.,1.));
#1634=DIRECTION('ref_axis',(-1.,0.,1.22464679914735E-16));
#1635=DIRECTION('center_axis',(-1.22464679914735E-16,0.,-1.));
#1636=DIRECTION('ref_axis',(-1.,0.,1.22464679914735E-16));
#1637=DIRECTION('center_axis',(1.22464679914735E-16,0.,1.));
#1638=DIRECTION('ref_axis',(-1.,0.,1.22464679914735E-16));
#1639=DIRECTION('',(1.22464679914735E-16,0.,1.));
#1640=DIRECTION('center_axis',(-1.22464679914735E-16,0.,-1.));
#1641=DIRECTION('ref_axis',(-1.,0.,1.22464679914735E-16));
#1642=DIRECTION('center_axis',(-1.22464679914735E-16,0.,-1.));
#1643=DIRECTION('ref_axis',(-1.,0.,1.22464679914735E-16));
#1644=DIRECTION('',(0.5,-0.866025403784439,-6.12323399573677E-17));
#1645=DIRECTION('center_axis',(-1.22464679914735E-16,0.,-1.));
#1646=DIRECTION('ref_axis',(0.866025403784436,-0.500000000000005,-1.0605752387249E-16));
#1647=DIRECTION('',(0.5,0.866025403784439,-6.12323399573677E-17));
#1648=DIRECTION('center_axis',(-1.22464679914735E-16,0.,-1.));
#1649=DIRECTION('ref_axis',(-1.,0.,1.22464679914735E-16));
#1650=DIRECTION('center_axis',(-1.22464679914735E-16,0.,-1.));
#1651=DIRECTION('ref_axis',(-1.,0.,1.22464679914735E-16));
#1652=DIRECTION('center_axis',(-1.22464679914735E-16,0.,-1.));
#1653=DIRECTION('ref_axis',(-1.,0.,1.22464679914735E-16));
#1654=DIRECTION('',(1.22464679914735E-16,0.,1.));
#1655=DIRECTION('center_axis',(1.22464679914735E-16,0.,1.));
#1656=DIRECTION('ref_axis',(-1.,0.,1.22464679914735E-16));
#1657=DIRECTION('center_axis',(-1.22464679914735E-16,0.,-1.));
#1658=DIRECTION('ref_axis',(-1.,0.,1.22464679914735E-16));
#1659=DIRECTION('center_axis',(-1.22464679914735E-16,0.,-1.));
#1660=DIRECTION('ref_axis',(-1.,0.,1.22464679914735E-16));
#1661=DIRECTION('center_axis',(-1.22464679914735E-16,0.,-1.));
#1662=DIRECTION('ref_axis',(-1.,0.,1.22464679914735E-16));
#1663=DIRECTION('center_axis',(-1.22464679914735E-16,0.,-1.));
#1664=DIRECTION('ref_axis',(-1.,0.,1.22464679914735E-16));
#1665=DIRECTION('center_axis',(1.22464679914735E-16,0.,1.));
#1666=DIRECTION('ref_axis',(-1.,0.,1.22464679914735E-16));
#1667=DIRECTION('center_axis',(-1.22464679914735E-16,0.,-1.));
#1668=DIRECTION('ref_axis',(-1.,0.,1.22464679914735E-16));
#1669=DIRECTION('center_axis',(1.22464679914735E-16,0.,1.));
#1670=DIRECTION('ref_axis',(-1.,0.,1.22464679914735E-16));
#1671=DIRECTION('center_axis',(1.22464679914735E-16,0.,1.));
#1672=DIRECTION('ref_axis',(-1.,0.,1.22464679914735E-16));
#1673=DIRECTION('',(0.5,-0.866025403784439,-6.12323399573677E-17));
#1674=DIRECTION('center_axis',(1.22464679914735E-16,0.,1.));
#1675=DIRECTION('ref_axis',(-1.,0.,1.22464679914735E-16));
#1676=DIRECTION('',(0.5,-0.866025403784439,-6.12323399573677E-17));
#1677=DIRECTION('',(0.5,0.866025403784439,-6.12323399573676E-17));
#1678=DIRECTION('center_axis',(1.22464679914735E-16,0.,1.));
#1679=DIRECTION('ref_axis',(-1.,0.,1.22464679914735E-16));
#1680=DIRECTION('',(0.5,0.866025403784439,-6.12323399573676E-17));
#1681=DIRECTION('center_axis',(1.22464679914735E-16,0.,1.));
#1682=DIRECTION('ref_axis',(-1.,0.,1.22464679914735E-16));
#1683=DIRECTION('center_axis',(1.22464679914735E-16,0.,1.));
#1684=DIRECTION('ref_axis',(-1.,0.,1.22464679914735E-16));
#1685=DIRECTION('center_axis',(-1.22464679914735E-16,0.,-1.));
#1686=DIRECTION('ref_axis',(-1.,0.,1.22464679914735E-16));
#1687=DIRECTION('',(-0.5,-0.866025403784439,6.12323399573676E-17));
#1688=DIRECTION('center_axis',(-1.22464679914735E-16,0.,-1.));
#1689=DIRECTION('ref_axis',(0.866025403784438,-0.500000000000001,-1.06057523872491E-16));
#1690=DIRECTION('',(-0.5,0.866025403784439,6.12323399573677E-17));
#1691=DIRECTION('center_axis',(-1.22464679914735E-16,0.,-1.));
#1692=DIRECTION('ref_axis',(-1.,0.,1.22464679914735E-16));
#1693=DIRECTION('center_axis',(-1.22464679914735E-16,0.,-1.));
#1694=DIRECTION('ref_axis',(-1.,0.,1.22464679914735E-16));
#1695=DIRECTION('center_axis',(1.22464679914735E-16,0.,1.));
#1696=DIRECTION('ref_axis',(-1.,0.,1.22464679914735E-16));
#1697=DIRECTION('center_axis',(-1.22464679914735E-16,0.,-1.));
#1698=DIRECTION('ref_axis',(-1.,0.,1.22464679914735E-16));
#1699=DIRECTION('center_axis',(1.22464679914735E-16,0.,1.));
#1700=DIRECTION('ref_axis',(-1.,0.,1.22464679914735E-16));
#1701=DIRECTION('center_axis',(1.22464679914735E-16,0.,1.));
#1702=DIRECTION('ref_axis',(-1.,0.,1.22464679914735E-16));
#1703=DIRECTION('center_axis',(-1.22464679914735E-16,0.,-1.));
#1704=DIRECTION('ref_axis',(-2.83276944882399E-16,1.,2.66507062574666E-32));
#1705=DIRECTION('center_axis',(1.22464679914735E-16,0.,1.));
#1706=DIRECTION('ref_axis',(-1.,0.,1.22464679914735E-16));
#1707=DIRECTION('',(-1.22464679914735E-16,0.,-1.));
#1708=DIRECTION('',(-1.22464679914735E-16,0.,-1.));
#1709=DIRECTION('center_axis',(-1.22464679914735E-16,0.,-1.));
#1710=DIRECTION('ref_axis',(-1.,0.,1.22464679914735E-16));
#1711=DIRECTION('',(-1.22464679914735E-16,0.,-1.));
#1712=DIRECTION('',(-1.22464679914735E-16,0.,-1.));
#1713=DIRECTION('',(-1.22464679914735E-16,0.,-1.));
#1714=DIRECTION('',(-1.22464679914735E-16,0.,-1.));
#1715=DIRECTION('center_axis',(-1.22464679914735E-16,0.,-1.));
#1716=DIRECTION('ref_axis',(-1.,0.,1.22464679914735E-16));
#1717=DIRECTION('center_axis',(-1.22464679914735E-16,0.,-1.));
#1718=DIRECTION('ref_axis',(-1.,0.,1.22464679914735E-16));
#1719=DIRECTION('center_axis',(1.22464679914735E-16,0.,1.));
#1720=DIRECTION('ref_axis',(-1.,0.,1.22464679914735E-16));
#1721=DIRECTION('center_axis',(-1.22464679914735E-16,0.,-1.));
#1722=DIRECTION('ref_axis',(-1.,0.,1.22464679914735E-16));
#1723=DIRECTION('',(1.22464679914735E-16,0.,1.));
#1724=DIRECTION('center_axis',(-1.22464679914735E-16,0.,-1.));
#1725=DIRECTION('ref_axis',(-1.,0.,1.22464679914735E-16));
#1726=DIRECTION('center_axis',(-1.22464679914735E-16,0.,-1.));
#1727=DIRECTION('ref_axis',(-1.,0.,1.22464679914735E-16));
#1728=DIRECTION('',(1.22464679914735E-16,0.,1.));
#1729=DIRECTION('center_axis',(-1.22464679914735E-16,0.,-1.));
#1730=DIRECTION('ref_axis',(-1.,0.,1.22464679914735E-16));
#1731=DIRECTION('center_axis',(-1.22464679914735E-16,0.,-1.));
#1732=DIRECTION('ref_axis',(-1.,0.,1.22464679914735E-16));
#1733=DIRECTION('center_axis',(-1.22464679914735E-16,0.,-1.));
#1734=DIRECTION('ref_axis',(-1.,0.,1.22464679914735E-16));
#1735=DIRECTION('',(-1.22464679914735E-16,0.,-1.));
#1736=DIRECTION('',(-1.22464679914735E-16,0.,-1.));
#1737=DIRECTION('center_axis',(0.866025403784439,0.5,-1.06057523872491E-16));
#1738=DIRECTION('ref_axis',(0.5,-0.866025403784439,-6.12323399573677E-17));
#1739=DIRECTION('',(-0.5,0.866025403784439,6.12323399573677E-17));
#1740=DIRECTION('',(-1.22464679914735E-16,0.,-1.));
#1741=DIRECTION('center_axis',(-1.22464679914735E-16,0.,-1.));
#1742=DIRECTION('ref_axis',(-1.,0.,1.22464679914735E-16));
#1743=DIRECTION('center_axis',(-1.22464679914735E-16,0.,-1.));
#1744=DIRECTION('ref_axis',(-1.,0.,1.22464679914735E-16));
#1745=DIRECTION('',(-1.22464679914735E-16,0.,-1.));
#1746=DIRECTION('center_axis',(-1.22464679914735E-16,0.,-1.));
#1747=DIRECTION('ref_axis',(0.999999954126338,0.000302898205144798,-1.22464674296832E-16));
#1748=DIRECTION('center_axis',(1.22464679914735E-16,0.,1.));
#1749=DIRECTION('ref_axis',(-1.,0.,1.22464679914735E-16));
#1750=DIRECTION('',(-1.22464679914735E-16,0.,-1.));
#1751=DIRECTION('center_axis',(-1.22464679914735E-16,0.,-1.));
#1752=DIRECTION('ref_axis',(-1.,0.,1.22464679914735E-16));
#1753=DIRECTION('center_axis',(-1.22464679914735E-16,0.,-1.));
#1754=DIRECTION('ref_axis',(-1.,0.,1.22464679914735E-16));
#1755=DIRECTION('',(-1.22464679914735E-16,0.,-1.));
#1756=DIRECTION('center_axis',(-1.22464679914735E-16,0.,-1.));
#1757=DIRECTION('ref_axis',(-1.,0.,1.22464679914735E-16));
#1758=DIRECTION('center_axis',(1.22464679914735E-16,0.,1.));
#1759=DIRECTION('ref_axis',(-1.,0.,1.22464679914735E-16));
#1760=DIRECTION('',(-1.22464679914735E-16,0.,-1.));
#1761=DIRECTION('center_axis',(-1.22464679914735E-16,0.,-1.));
#1762=DIRECTION('ref_axis',(-1.,0.,1.22464679914735E-16));
#1763=DIRECTION('center_axis',(-1.22464679914735E-16,0.,-1.));
#1764=DIRECTION('ref_axis',(-1.,0.,1.22464679914735E-16));
#1765=DIRECTION('',(-1.22464679914735E-16,0.,-1.));
#1766=DIRECTION('center_axis',(-0.866025403784439,0.5,1.06057523872491E-16));
#1767=DIRECTION('ref_axis',(0.5,0.866025403784439,-6.12323399573676E-17));
#1768=DIRECTION('',(-0.5,-0.866025403784439,6.12323399573676E-17));
#1769=DIRECTION('',(-1.22464679914735E-16,0.,-1.));
#1770=DIRECTION('center_axis',(-1.22464679914735E-16,0.,-1.));
#1771=DIRECTION('ref_axis',(0.866025403784439,-0.5,-1.06057523872491E-16));
#1772=DIRECTION('center_axis',(-1.22464679914735E-16,0.,-1.));
#1773=DIRECTION('ref_axis',(-1.,0.,1.22464679914735E-16));
#1774=DIRECTION('',(-1.22464679914735E-16,0.,-1.));
#1775=DIRECTION('center_axis',(-0.866025403784439,0.5,1.06057523872491E-16));
#1776=DIRECTION('ref_axis',(0.5,0.866025403784439,-6.12323399573676E-17));
#1777=DIRECTION('',(-0.5,-0.866025403784439,6.12323399573676E-17));
#1778=DIRECTION('',(-1.22464679914735E-16,0.,-1.));
#1779=DIRECTION('center_axis',(0.866025403784439,0.5,-1.06057523872491E-16));
#1780=DIRECTION('ref_axis',(0.5,-0.866025403784439,-6.12323399573677E-17));
#1781=DIRECTION('',(-0.5,0.866025403784439,6.12323399573677E-17));
#1782=DIRECTION('center_axis',(0.866025403784439,-0.5,-1.06057523872491E-16));
#1783=DIRECTION('ref_axis',(-0.5,-0.866025403784439,6.12323399573676E-17));
#1784=DIRECTION('',(0.5,0.866025403784439,-6.12323399573676E-17));
#1785=DIRECTION('',(-1.22464679914735E-16,0.,-1.));
#1786=DIRECTION('center_axis',(-0.866025403784439,-0.5,1.06057523872491E-16));
#1787=DIRECTION('ref_axis',(-0.5,0.866025403784439,6.12323399573677E-17));
#1788=DIRECTION('',(0.5,-0.866025403784439,-6.12323399573677E-17));
#1789=DIRECTION('',(-1.22464679914735E-16,0.,-1.));
#1790=DIRECTION('center_axis',(-1.22464679914735E-16,0.,-1.));
#1791=DIRECTION('ref_axis',(0.866025403784438,-0.500000000000001,-1.06057523872491E-16));
#1792=DIRECTION('center_axis',(1.22464679914735E-16,0.,1.));
#1793=DIRECTION('ref_axis',(0.866025403784438,-0.500000000000001,-1.06057523872491E-16));
#1794=DIRECTION('center_axis',(-1.22464679914735E-16,0.,-1.));
#1795=DIRECTION('ref_axis',(-1.,0.,1.22464679914735E-16));
#1796=DIRECTION('center_axis',(-1.22464679914735E-16,0.,-1.));
#1797=DIRECTION('ref_axis',(-1.,0.,1.22464679914735E-16));
#1798=DIRECTION('',(-0.5,-0.866025403784439,6.12323399573677E-17));
#1799=DIRECTION('center_axis',(-1.22464679914735E-16,0.,-1.));
#1800=DIRECTION('ref_axis',(0.866025403784436,-0.500000000000005,-1.0605752387249E-16));
#1801=DIRECTION('',(-0.5,0.866025403784439,6.12323399573677E-17));
#1802=DIRECTION('center_axis',(-1.22464679914735E-16,0.,-1.));
#1803=DIRECTION('ref_axis',(-1.,0.,1.22464679914735E-16));
#1804=DIRECTION('center_axis',(1.22464679914735E-16,0.,1.));
#1805=DIRECTION('ref_axis',(-1.,0.,1.22464679914735E-16));
#1806=DIRECTION('center_axis',(-1.22464679914735E-16,0.,-1.));
#1807=DIRECTION('ref_axis',(-1.,0.,1.22464679914735E-16));
#1808=DIRECTION('center_axis',(-1.22464679914735E-16,0.,-1.));
#1809=DIRECTION('ref_axis',(-1.,0.,1.22464679914735E-16));
#1810=DIRECTION('',(-1.22464679914735E-16,0.,-1.));
#1811=DIRECTION('center_axis',(-0.866025403784439,-0.5,1.06057523872491E-16));
#1812=DIRECTION('ref_axis',(-0.5,0.866025403784439,6.12323399573677E-17));
#1813=DIRECTION('',(-1.22464679914735E-16,0.,-1.));
#1814=DIRECTION('',(-1.22464679914735E-16,0.,-1.));
#1815=DIRECTION('center_axis',(-1.22464679914735E-16,0.,-1.));
#1816=DIRECTION('ref_axis',(0.866025403784436,-0.500000000000005,-1.0605752387249E-16));
#1817=DIRECTION('',(-1.22464679914735E-16,0.,-1.));
#1818=DIRECTION('center_axis',(0.866025403784439,-0.5,-1.06057523872491E-16));
#1819=DIRECTION('ref_axis',(-0.5,-0.866025403784439,6.12323399573677E-17));
#1820=DIRECTION('',(-1.22464679914735E-16,0.,-1.));
#1821=DIRECTION('center_axis',(-1.22464679914735E-16,0.,-1.));
#1822=DIRECTION('ref_axis',(-5.0532154980743E-16,1.,7.30426764093529E-32));
#1823=DIRECTION('center_axis',(-1.22464679914735E-16,0.,-1.));
#1824=DIRECTION('ref_axis',(-1.,0.,1.22464679914735E-16));
#1825=CARTESIAN_POINT('',(0.,0.,0.));
#1826=CARTESIAN_POINT('Origin',(0.,0.118993160163448,6.));
#1827=CARTESIAN_POINT('',(2.5,-9.94044767603552,6.));
#1828=CARTESIAN_POINT('',(-2.5,-9.94044767603552,6.));
#1829=CARTESIAN_POINT('Origin',(0.,0.,6.));
#1830=CARTESIAN_POINT('',(-2.5,-7.97481553867196,6.));
#1831=CARTESIAN_POINT('',(-2.5,-15.1792800751791,6.));
#1832=CARTESIAN_POINT('',(2.5,-7.97481553867196,6.));
#1833=CARTESIAN_POINT('',(-2.5,-7.97481553867196,6.));
#1834=CARTESIAN_POINT('',(2.5,-7.97481553867196,6.));
#1835=CARTESIAN_POINT('',(-4.,-4.89858719658941E-16,6.));
#1836=CARTESIAN_POINT('Origin',(0.,0.,6.));
#1837=CARTESIAN_POINT('Origin',(-2.5,-7.97481553867196,3.));
#1838=CARTESIAN_POINT('',(2.5,-7.97481553867196,3.));
#1839=CARTESIAN_POINT('',(-2.5,-7.97481553867196,3.));
#1840=CARTESIAN_POINT('',(-1.25,-7.97481553867196,3.));
#1841=CARTESIAN_POINT('',(2.5,-7.97481553867196,3.));
#1842=CARTESIAN_POINT('',(-2.5,-7.97481553867196,3.));
#1843=CARTESIAN_POINT('Origin',(32.9000499184631,-4.60996536652664,3.));
#1844=CARTESIAN_POINT('',(37.2155642079954,-4.60996536652664,3.));
#1845=CARTESIAN_POINT('',(32.9000499184631,-4.60996536652664,3.));
#1846=CARTESIAN_POINT('',(16.4500249592316,-4.60996536652664,3.));
#1847=CARTESIAN_POINT('',(37.2155642079954,-4.60996536652664,12.8));
#1848=CARTESIAN_POINT('',(37.2155642079954,-4.60996536652664,0.));
#1849=CARTESIAN_POINT('',(32.9000499184631,-4.60996536652664,12.8));
#1850=CARTESIAN_POINT('',(37.2155642079954,-4.60996536652664,12.8));
#1851=CARTESIAN_POINT('',(32.9000499184631,-4.60996536652664,3.));
#1852=CARTESIAN_POINT('Origin',(32.9000499184631,-0.00996536652663899,3.));
#1853=CARTESIAN_POINT('',(32.9000499184631,4.59003463347336,3.));
#1854=CARTESIAN_POINT('Origin',(32.9000499184631,-0.00996536652663899,3.));
#1855=CARTESIAN_POINT('',(32.9000499184631,4.59003463347336,12.8));
#1856=CARTESIAN_POINT('Origin',(32.9000499184631,-0.00996536652663899,12.8));
#1857=CARTESIAN_POINT('',(32.9000499184631,4.59003463347336,3.));
#1858=CARTESIAN_POINT('Origin',(37.2180276487553,4.59003463347336,3.));
#1859=CARTESIAN_POINT('',(37.2180276487553,4.59003463347336,3.));
#1860=CARTESIAN_POINT('',(18.6090138243777,4.59003463347336,3.));
#1861=CARTESIAN_POINT('',(37.2180276487553,4.59003463347336,12.8));
#1862=CARTESIAN_POINT('',(32.9000499184631,4.59003463347336,12.8));
#1863=CARTESIAN_POINT('',(37.2180276487553,4.59003463347336,0.));
#1864=CARTESIAN_POINT('Origin',(32.9000249592316,-0.00996536652663915,12.8));
#1865=CARTESIAN_POINT('Origin',(0.,0.,12.8));
#1866=CARTESIAN_POINT('',(31.3000499184631,-0.00996536652663918,12.8));
#1867=CARTESIAN_POINT('Origin',(32.9000499184631,-0.00996536652663899,12.8));
#1868=CARTESIAN_POINT('Origin',(0.,0.,0.));
#1869=CARTESIAN_POINT('',(32.4759526419165,-18.75,3.));
#1870=CARTESIAN_POINT('Origin',(0.,0.,3.));
#1871=CARTESIAN_POINT('',(32.4759526419165,-18.75,23.));
#1872=CARTESIAN_POINT('',(32.4759526419165,-18.75,0.));
#1873=CARTESIAN_POINT('',(-32.4759526419165,-18.75,23.));
#1874=CARTESIAN_POINT('Origin',(0.,0.,23.));
#1875=CARTESIAN_POINT('',(-32.4759526419165,-18.75,3.));
#1876=CARTESIAN_POINT('',(-32.4759526419165,-18.75,0.));
#1877=CARTESIAN_POINT('',(-37.2233204573629,-4.54691259300951,3.));
#1878=CARTESIAN_POINT('Origin',(0.,0.,3.));
#1879=CARTESIAN_POINT('',(-37.2233204573629,-4.54691259300951,12.8));
#1880=CARTESIAN_POINT('',(-37.2233204573629,-4.54691259300951,0.));
#1881=CARTESIAN_POINT('',(-37.2101972257996,4.65308740699049,12.8));
#1882=CARTESIAN_POINT('Origin',(0.,0.,12.8));
#1883=CARTESIAN_POINT('',(-37.2101972257996,4.65308740699049,3.));
#1884=CARTESIAN_POINT('',(-37.2101972257996,4.65308740699049,0.));
#1885=CARTESIAN_POINT('Origin',(0.,0.,3.));
#1886=CARTESIAN_POINT('Origin',(-32.8999571690788,0.0530874069904871,3.));
#1887=CARTESIAN_POINT('',(-32.8999571690788,4.65308740699049,3.));
#1888=CARTESIAN_POINT('',(-32.8999571690788,-4.54691259300951,3.));
#1889=CARTESIAN_POINT('Origin',(-32.8999571690788,0.0530874069904871,3.));
#1890=CARTESIAN_POINT('',(-32.8999571690788,4.65308740699049,12.8));
#1891=CARTESIAN_POINT('',(-32.8999571690788,4.65308740699049,3.));
#1892=CARTESIAN_POINT('',(-32.8999571690788,-4.54691259300951,12.8));
#1893=CARTESIAN_POINT('Origin',(-32.8999571690788,0.0530874069904871,12.8));
#1894=CARTESIAN_POINT('',(-32.8999571690788,-4.54691259300951,3.));
#1895=CARTESIAN_POINT('Origin',(-37.2233204573629,-4.54691259300951,3.));
#1896=CARTESIAN_POINT('',(-18.6116602286815,-4.54691259300951,3.));
#1897=CARTESIAN_POINT('',(-32.8999571690788,-4.54691259300951,12.8));
#1898=CARTESIAN_POINT('Origin',(-32.8999571690788,4.65308740699049,3.));
#1899=CARTESIAN_POINT('',(-16.4499785845394,4.65308740699049,3.));
#1900=CARTESIAN_POINT('',(-32.8999571690788,4.65308740699049,12.8));
#1901=CARTESIAN_POINT('Origin',(-32.8999785845394,0.0530874069904869,12.8));
#1902=CARTESIAN_POINT('',(-34.4999571690788,0.0530874069904869,12.8));
#1903=CARTESIAN_POINT('Origin',(-32.8999571690788,0.0530874069904871,12.8));
#1904=CARTESIAN_POINT('Origin',(0.,-19.75,3.));
#1905=CARTESIAN_POINT('',(-0.0866025403784754,-74.85,3.));
#1906=CARTESIAN_POINT('',(-12.0052771599618,-54.20625,3.));
#1907=CARTESIAN_POINT('',(0.0866025403784398,-74.85,3.));
#1908=CARTESIAN_POINT('Origin',(-1.77635683940025E-14,-74.8,3.));
#1909=CARTESIAN_POINT('',(28.1999522107308,-26.15625,3.));
#1910=CARTESIAN_POINT('',(2.5,-13.0120136796731,3.));
#1911=CARTESIAN_POINT('',(2.5,-13.862407769336,3.));
#1912=CARTESIAN_POINT('',(-2.5,-13.0120136796731,3.));
#1913=CARTESIAN_POINT('',(-2.5,-16.3810068398366,3.));
#1914=CARTESIAN_POINT('Origin',(0.,0.,3.));
#1915=CARTESIAN_POINT('Origin',(-1.77635683940025E-14,-74.8,0.));
#1916=CARTESIAN_POINT('',(-0.0866025403784754,-74.85,23.));
#1917=CARTESIAN_POINT('',(-0.0866025403784754,-74.85,0.));
#1918=CARTESIAN_POINT('',(0.0866025403784398,-74.85,23.));
#1919=CARTESIAN_POINT('Origin',(-1.77635683940025E-14,-74.8,23.));
#1920=CARTESIAN_POINT('',(0.0866025403784398,-74.85,0.));
#1921=CARTESIAN_POINT('Origin',(-0.0866025403784754,-74.85,0.));
#1922=CARTESIAN_POINT('',(-0.0866025403784754,-74.85,23.));
#1923=CARTESIAN_POINT('Origin',(32.4759526419165,-18.75,0.));
#1924=CARTESIAN_POINT('',(0.0866025403784221,-74.85,23.));
#1925=CARTESIAN_POINT('Origin',(0.,-19.75,23.));
#1926=CARTESIAN_POINT('',(35.0740288532698,-20.25,23.));
#1927=CARTESIAN_POINT('',(-35.0740288532698,-20.25,23.));
#1928=CARTESIAN_POINT('Origin',(0.,0.,23.));
#1929=CARTESIAN_POINT('',(-0.866025403784452,-79.5,23.));
#1930=CARTESIAN_POINT('',(-0.866025403784452,-79.5,23.));
#1931=CARTESIAN_POINT('',(0.866025403784434,-79.5,23.));
#1932=CARTESIAN_POINT('Origin',(0.,-79.,23.));
#1933=CARTESIAN_POINT('',(35.0740288532698,-20.25,23.));
#1934=CARTESIAN_POINT('Origin',(0.,-19.75,0.));
#1935=CARTESIAN_POINT('',(35.0740288532698,-20.25,0.));
#1936=CARTESIAN_POINT('',(-35.0740288532698,-20.25,0.));
#1937=CARTESIAN_POINT('Origin',(0.,0.,0.));
#1938=CARTESIAN_POINT('',(0.866025403784434,-79.5,0.));
#1939=CARTESIAN_POINT('',(35.0740288532698,-20.25,0.));
#1940=CARTESIAN_POINT('',(-0.866025403784452,-79.5,0.));
#1941=CARTESIAN_POINT('Origin',(0.,-79.,0.));
#1942=CARTESIAN_POINT('',(-0.866025403784452,-79.5,0.));
#1943=CARTESIAN_POINT('',(-34.4999571690788,0.0530874069904869,0.));
#1944=CARTESIAN_POINT('Origin',(-32.8999571690788,0.0530874069904871,0.));
#1945=CARTESIAN_POINT('',(-4.,-4.89858719658941E-16,0.));
#1946=CARTESIAN_POINT('Origin',(0.,0.,0.));
#1947=CARTESIAN_POINT('',(31.3000499184631,-0.00996536652663918,0.));
#1948=CARTESIAN_POINT('Origin',(32.9000499184631,-0.00996536652663899,0.));
#1949=CARTESIAN_POINT('Origin',(-32.8999571690788,0.0530874069904871,0.));
#1950=CARTESIAN_POINT('',(-34.4999571690788,0.0530874069904869,0.));
#1951=CARTESIAN_POINT('Origin',(0.,0.,0.));
#1952=CARTESIAN_POINT('',(-4.,-4.89858719658941E-16,0.));
#1953=CARTESIAN_POINT('Origin',(32.9000499184631,-0.00996536652663899,0.));
#1954=CARTESIAN_POINT('',(31.3000499184631,-0.00996536652663918,0.));
#1955=CARTESIAN_POINT('Origin',(0.866025403784416,-79.5,0.));
#1956=CARTESIAN_POINT('',(35.0740288532698,-20.25,0.));
#1957=CARTESIAN_POINT('',(0.866025403784434,-79.5,0.));
#1958=CARTESIAN_POINT('Origin',(0.,-79.,0.));
#1959=CARTESIAN_POINT('',(-0.866025403784452,-79.5,0.));
#1960=CARTESIAN_POINT('Origin',(-35.0740288532698,-20.25,0.));
#1961=CARTESIAN_POINT('',(-35.0740288532698,-20.25,0.));
#1962=CARTESIAN_POINT('Origin',(0.,0.,0.));
#1963=CARTESIAN_POINT('Origin',(0.,0.,6.));
#1964=CARTESIAN_POINT('',(2.5,-9.94044767603552,11.));
#1965=CARTESIAN_POINT('',(2.5,-9.94044767603552,6.));
#1966=CARTESIAN_POINT('',(-2.5,-9.94044767603552,11.));
#1967=CARTESIAN_POINT('Origin',(0.,0.,11.));
#1968=CARTESIAN_POINT('',(-2.5,-9.94044767603552,6.));
#1969=CARTESIAN_POINT('Origin',(-2.5,-13.0120136796731,6.));
#1970=CARTESIAN_POINT('',(-2.5,-13.0120136796731,11.));
#1971=CARTESIAN_POINT('',(-2.5,-15.1792800751791,11.));
#1972=CARTESIAN_POINT('',(-2.5,-13.0120136796731,6.));
#1973=CARTESIAN_POINT('Origin',(0.,0.,6.));
#1974=CARTESIAN_POINT('',(2.5,-13.0120136796731,11.));
#1975=CARTESIAN_POINT('Origin',(0.,0.,11.));
#1976=CARTESIAN_POINT('',(2.5,-13.0120136796731,6.));
#1977=CARTESIAN_POINT('Origin',(2.5,-9.94044767603552,6.));
#1978=CARTESIAN_POINT('',(2.5,-7.97481553867196,11.));
#1979=CARTESIAN_POINT('Origin',(0.,0.118993160163448,11.));
#1980=CARTESIAN_POINT('Origin',(9.49999999999999,-20.0000002980232,3.5));
#1981=CARTESIAN_POINT('',(-9.50000000000001,-20.0000002980232,3.5));
#1982=CARTESIAN_POINT('',(9.49999999999999,-20.0000002980232,3.5));
#1983=CARTESIAN_POINT('',(-9.50000000000001,-20.0000002980232,3.5));
#1984=CARTESIAN_POINT('',(-9.50000000000001,-20.0000002980232,13.5));
#1985=CARTESIAN_POINT('',(-9.50000000000001,-20.0000002980232,3.5));
#1986=CARTESIAN_POINT('',(9.49999999999999,-20.0000002980232,13.5));
#1987=CARTESIAN_POINT('',(-9.50000000000001,-20.0000002980232,13.5));
#1988=CARTESIAN_POINT('',(9.49999999999999,-20.0000002980232,3.5));
#1989=CARTESIAN_POINT('Origin',(9.49999999999999,-55.0000002980232,3.5));
#1990=CARTESIAN_POINT('',(9.49999999999999,-55.0000002980232,3.5));
#1991=CARTESIAN_POINT('',(9.49999999999999,-20.0000002980232,3.5));
#1992=CARTESIAN_POINT('',(9.49999999999999,-55.0000002980232,13.5));
#1993=CARTESIAN_POINT('',(9.49999999999999,-20.0000002980232,13.5));
#1994=CARTESIAN_POINT('',(9.49999999999999,-55.0000002980232,3.5));
#1995=CARTESIAN_POINT('Origin',(-9.49999999999999,-55.0000002980232,3.5));
#1996=CARTESIAN_POINT('',(-9.49999999999999,-55.0000002980232,3.5));
#1997=CARTESIAN_POINT('',(9.49999999999999,-55.0000002980232,3.5));
#1998=CARTESIAN_POINT('',(-9.49999999999999,-55.0000002980232,13.5));
#1999=CARTESIAN_POINT('',(9.49999999999999,-55.0000002980232,13.5));
#2000=CARTESIAN_POINT('',(-9.49999999999999,-55.0000002980232,3.5));
#2001=CARTESIAN_POINT('Origin',(-9.50000000000001,-20.0000002980232,3.5));
#2002=CARTESIAN_POINT('',(-9.49999999999999,-55.0000002980232,3.5));
#2003=CARTESIAN_POINT('',(-9.49999999999999,-55.0000002980232,13.5));
#2004=CARTESIAN_POINT('Origin',(0.,-37.5000002980232,13.5));
#2005=CARTESIAN_POINT('Origin',(0.,-37.5000002980232,3.5));
#2006=CARTESIAN_POINT('Origin',(0.,0.,6.5));
#2007=CARTESIAN_POINT('',(-10.,-1.22464679914735E-15,11.5));
#2008=CARTESIAN_POINT('Origin',(0.,0.,11.5));
#2009=CARTESIAN_POINT('',(-10.,-1.22464679914735E-15,6.5));
#2010=CARTESIAN_POINT('',(-10.,-1.22464679914735E-15,6.5));
#2011=CARTESIAN_POINT('Origin',(0.,0.,6.5));
#2012=CARTESIAN_POINT('Origin',(0.,0.,11.5));
#2013=CARTESIAN_POINT('Origin',(0.,0.,6.5));
#2014=CARTESIAN_POINT('Origin',(0.,0.,23.5));
#2015=CARTESIAN_POINT('',(7.75,-9.49101269339199E-16,21.));
#2016=CARTESIAN_POINT('Origin',(0.,0.,21.));
#2017=CARTESIAN_POINT('',(12.75,1.56142466891288E-15,26.));
#2018=CARTESIAN_POINT('',(10.25,-1.25526296912604E-15,23.5));
#2019=CARTESIAN_POINT('Origin',(0.,0.,26.));
#2020=CARTESIAN_POINT('Origin',(0.,0.,26.));
#2021=CARTESIAN_POINT('',(7.75,-9.49101269339199E-16,11.5));
#2022=CARTESIAN_POINT('Origin',(0.,0.,11.5));
#2023=CARTESIAN_POINT('',(7.75,-9.49101269339199E-16,26.));
#2024=CARTESIAN_POINT('Origin',(0.,-19.75,26.));
#2025=CARTESIAN_POINT('',(-35.0740288532698,-20.25,26.));
#2026=CARTESIAN_POINT('',(35.0740288532698,-20.25,26.));
#2027=CARTESIAN_POINT('Origin',(0.,0.,26.));
#2028=CARTESIAN_POINT('',(-0.866025403784434,-79.5,26.));
#2029=CARTESIAN_POINT('',(-35.0740288532698,-20.25,26.));
#2030=CARTESIAN_POINT('',(0.866025403784452,-79.5,26.));
#2031=CARTESIAN_POINT('Origin',(0.,-79.,26.));
#2032=CARTESIAN_POINT('',(0.866025403784452,-79.5,26.));
#2033=CARTESIAN_POINT('',(2.25,-64.0000009536743,26.));
#2034=CARTESIAN_POINT('Origin',(0.,-64.0000009536743,26.));
#2035=CARTESIAN_POINT('Origin',(0.,0.,23.));
#2036=CARTESIAN_POINT('',(13.25,-1.62265700887024E-15,11.5));
#2037=CARTESIAN_POINT('Origin',(0.,0.,11.5));
#2038=CARTESIAN_POINT('',(13.25,-1.62265700887024E-15,23.));
#2039=CARTESIAN_POINT('',(13.25,-1.62265700887024E-15,23.));
#2040=CARTESIAN_POINT('Origin',(0.,0.,23.));
#2041=CARTESIAN_POINT('Origin',(0.,0.,11.5));
#2042=CARTESIAN_POINT('Origin',(-32.6500249592316,-0.00996536652663915,
13.2));
#2043=CARTESIAN_POINT('',(-36.9332128922446,-2.22211283604994,13.2));
#2044=CARTESIAN_POINT('',(-36.9345522631154,2.1997384215399,13.2));
#2045=CARTESIAN_POINT('Origin',(0.,0.,13.2));
#2046=CARTESIAN_POINT('Origin',(-32.9000499184631,-0.00996536652663899,
13.2));
#2047=CARTESIAN_POINT('',(-31.3000499184631,-0.00996536652663918,13.2));
#2048=CARTESIAN_POINT('Origin',(-32.9000499184631,-0.00996536652663899,
13.2));
#2049=CARTESIAN_POINT('Origin',(0.,-17.75,20.));
#2050=CARTESIAN_POINT('',(-36.9332128922446,-2.22211283604997,20.));
#2051=CARTESIAN_POINT('',(-33.6954334473941,-4.54067889111692,20.));
#2052=CARTESIAN_POINT('Origin',(-32.9000499184631,-0.00996536652663899,
20.));
#2053=CARTESIAN_POINT('',(-29.4448637286709,-17.,20.));
#2054=CARTESIAN_POINT('Origin',(0.,0.,20.));
#2055=CARTESIAN_POINT('',(-2.67577995165906,-63.3654131738523,20.));
#2056=CARTESIAN_POINT('',(0.,-68.,20.));
#2057=CARTESIAN_POINT('',(-0.788320837572503,-66.6345882566592,20.));
#2058=CARTESIAN_POINT('Origin',(0.,-64.0000009536743,20.));
#2059=CARTESIAN_POINT('',(0.,-68.,20.));
#2060=CARTESIAN_POINT('',(0.,-68.,20.));
#2061=CARTESIAN_POINT('',(0.78832083757252,-66.6345882566592,20.));
#2062=CARTESIAN_POINT('',(0.,-68.,20.));
#2063=CARTESIAN_POINT('',(2.67577995165906,-63.3654131738523,20.));
#2064=CARTESIAN_POINT('Origin',(0.,-64.0000009536743,20.));
#2065=CARTESIAN_POINT('',(29.4448637286709,-17.,20.));
#2066=CARTESIAN_POINT('',(0.,-68.,20.));
#2067=CARTESIAN_POINT('',(33.7040749931561,-4.47608409837351,20.));
#2068=CARTESIAN_POINT('Origin',(0.,0.,20.));
#2069=CARTESIAN_POINT('',(36.9374098726265,-2.15122102574196,20.));
#2070=CARTESIAN_POINT('Origin',(32.8999571690788,0.0530874069904871,20.));
#2071=CARTESIAN_POINT('',(32.0429399400242,-18.5,20.));
#2072=CARTESIAN_POINT('Origin',(0.,0.,20.));
#2073=CARTESIAN_POINT('',(1.29903810567667,-71.75,20.));
#2074=CARTESIAN_POINT('',(1.29903810567667,-71.75,20.));
#2075=CARTESIAN_POINT('',(-1.29903810567665,-71.75,20.));
#2076=CARTESIAN_POINT('Origin',(0.,-71.,20.));
#2077=CARTESIAN_POINT('',(-32.0429399400242,-18.5,20.));
#2078=CARTESIAN_POINT('',(-1.29903810567665,-71.75,20.));
#2079=CARTESIAN_POINT('Origin',(0.,0.,20.));
#2080=CARTESIAN_POINT('Origin',(0.,-17.75,20.));
#2081=CARTESIAN_POINT('',(-33.6981779913088,4.52026548623745,20.));
#2082=CARTESIAN_POINT('',(-36.9345522631154,2.19973842153992,20.));
#2083=CARTESIAN_POINT('Origin',(-32.9000499184631,-0.00996536652663899,
20.));
#2084=CARTESIAN_POINT('',(36.9302751174916,2.27041400330002,20.));
#2085=CARTESIAN_POINT('Origin',(0.,0.,20.));
#2086=CARTESIAN_POINT('',(33.6894542916251,4.5848303711811,20.));
#2087=CARTESIAN_POINT('Origin',(32.8999571690788,0.0530874069904871,20.));
#2088=CARTESIAN_POINT('Origin',(0.,0.,20.));
#2089=CARTESIAN_POINT('Origin',(0.,0.,23.));
#2090=CARTESIAN_POINT('',(32.0429399400242,-18.5,23.));
#2091=CARTESIAN_POINT('',(-32.0429399400242,-18.5,23.));
#2092=CARTESIAN_POINT('Origin',(0.,0.,23.));
#2093=CARTESIAN_POINT('',(32.0429399400242,-18.5,23.));
#2094=CARTESIAN_POINT('',(36.9374098726265,-2.15122102574196,13.2));
#2095=CARTESIAN_POINT('',(36.9374098726265,-2.15122102574196,23.));
#2096=CARTESIAN_POINT('',(36.9302751174916,2.27041400330002,13.2));
#2097=CARTESIAN_POINT('Origin',(0.,0.,13.2));
#2098=CARTESIAN_POINT('',(36.9302751174916,2.27041400330002,23.));
#2099=CARTESIAN_POINT('',(-36.9345522631154,2.1997384215399,23.));
#2100=CARTESIAN_POINT('',(-36.9332128922446,-2.22211283604994,23.));
#2101=CARTESIAN_POINT('',(-32.0429399400242,-18.5,23.));
#2102=CARTESIAN_POINT('Origin',(32.6499785845394,0.0530874069904869,13.2));
#2103=CARTESIAN_POINT('Origin',(32.8999571690788,0.0530874069904871,13.2));
#2104=CARTESIAN_POINT('',(34.4999571690788,0.0530874069904869,13.2));
#2105=CARTESIAN_POINT('Origin',(32.8999571690788,0.0530874069904871,13.2));
#2106=CARTESIAN_POINT('Origin',(-32.9000499184631,-0.00996536652663899,
23.));
#2107=CARTESIAN_POINT('',(-31.3000499184631,-0.00996536652663918,23.));
#2108=CARTESIAN_POINT('',(-31.3000499184631,-0.00996536652663918,23.));
#2109=CARTESIAN_POINT('Origin',(-32.9000499184631,-0.00996536652663899,
23.));
#2110=CARTESIAN_POINT('Origin',(32.8999571690788,0.0530874069904871,23.));
#2111=CARTESIAN_POINT('',(34.4999571690788,0.0530874069904869,23.));
#2112=CARTESIAN_POINT('',(34.4999571690788,0.0530874069904869,23.));
#2113=CARTESIAN_POINT('Origin',(32.8999571690788,0.0530874069904871,23.));
#2114=CARTESIAN_POINT('Origin',(0.,-64.0000009536743,23.));
#2115=CARTESIAN_POINT('',(-0.788320837572503,-66.6345882566592,23.));
#2116=CARTESIAN_POINT('',(-2.67577995165906,-63.3654131738523,23.));
#2117=CARTESIAN_POINT('Origin',(0.,-64.0000009536743,23.));
#2118=CARTESIAN_POINT('',(-0.788320837572503,-66.6345882566592,23.));
#2119=CARTESIAN_POINT('',(-2.67577995165906,-63.3654131738523,23.));
#2120=CARTESIAN_POINT('Origin',(-29.4448637286709,-17.,23.));
#2121=CARTESIAN_POINT('',(-29.4448637286709,-17.,23.));
#2122=CARTESIAN_POINT('',(-25.1688632974852,-24.40625,23.));
#2123=CARTESIAN_POINT('',(-29.4448637286709,-17.,23.));
#2124=CARTESIAN_POINT('Origin',(0.,0.,23.));
#2125=CARTESIAN_POINT('',(-33.6954334473941,-4.54067889111692,23.));
#2126=CARTESIAN_POINT('Origin',(0.,0.,23.));
#2127=CARTESIAN_POINT('',(-33.6954334473941,-4.54067889111692,23.));
#2128=CARTESIAN_POINT('Origin',(-32.9000499184631,-0.00996536652663899,
23.));
#2129=CARTESIAN_POINT('',(-33.6981779913088,4.52026548623745,23.));
#2130=CARTESIAN_POINT('Origin',(-32.9000499184631,-0.00996536652663899,
23.));
#2131=CARTESIAN_POINT('',(-33.6981779913088,4.52026548623745,23.));
#2132=CARTESIAN_POINT('Origin',(0.,0.,23.));
#2133=CARTESIAN_POINT('',(33.6894542916251,4.58483037118109,23.));
#2134=CARTESIAN_POINT('Origin',(0.,0.,23.));
#2135=CARTESIAN_POINT('',(33.6894542916251,4.58483037118109,23.));
#2136=CARTESIAN_POINT('Origin',(32.8999571690788,0.0530874069904871,23.));
#2137=CARTESIAN_POINT('',(33.7040749931561,-4.47608409837351,23.));
#2138=CARTESIAN_POINT('Origin',(32.8999571690788,0.0530874069904871,23.));
#2139=CARTESIAN_POINT('',(33.7040749931561,-4.47608409837351,23.));
#2140=CARTESIAN_POINT('Origin',(0.,0.,23.));
#2141=CARTESIAN_POINT('',(29.4448637286709,-17.,23.));
#2142=CARTESIAN_POINT('Origin',(0.,0.,23.));
#2143=CARTESIAN_POINT('',(29.4448637286709,-17.,23.));
#2144=CARTESIAN_POINT('Origin',(2.67577995165906,-63.3654131738523,23.));
#2145=CARTESIAN_POINT('',(2.67577995165906,-63.3654131738523,23.));
#2146=CARTESIAN_POINT('',(11.7843214089793,-47.5889565869262,23.));
#2147=CARTESIAN_POINT('',(2.67577995165906,-63.3654131738523,23.));
#2148=CARTESIAN_POINT('Origin',(0.,-64.0000009536743,23.));
#2149=CARTESIAN_POINT('',(0.78832083757252,-66.6345882566592,23.));
#2150=CARTESIAN_POINT('Origin',(0.,-64.0000009536743,23.));
#2151=CARTESIAN_POINT('',(0.78832083757252,-66.6345882566592,23.));
#2152=CARTESIAN_POINT('Origin',(0.,-68.,23.));
#2153=CARTESIAN_POINT('',(0.,-68.,23.));
#2154=CARTESIAN_POINT('',(10.4464314331498,-49.90625,23.));
#2155=CARTESIAN_POINT('',(0.,-68.,23.));
#2156=CARTESIAN_POINT('Origin',(-0.788320837572503,-66.6345882566592,23.));
#2157=CARTESIAN_POINT('',(-10.840591851936,-49.2235441283296,23.));
#2158=CARTESIAN_POINT('Origin',(32.0429399400242,-18.5,23.));
#2159=CARTESIAN_POINT('',(1.29903810567667,-71.75,23.));
#2160=CARTESIAN_POINT('',(27.7669395088386,-25.90625,23.));
#2161=CARTESIAN_POINT('',(1.29903810567667,-71.75,23.));
#2162=CARTESIAN_POINT('Origin',(-1.29903810567665,-71.75,23.));
#2163=CARTESIAN_POINT('',(-1.29903810567665,-71.75,23.));
#2164=CARTESIAN_POINT('',(-12.3949885916648,-52.53125,23.));
#2165=CARTESIAN_POINT('',(-1.29903810567665,-71.75,23.));
#2166=CARTESIAN_POINT('Origin',(0.,-71.,23.));
#2167=CARTESIAN_POINT('Origin',(0.,-71.,23.));
#2168=CARTESIAN_POINT('Origin',(0.,-19.75,23.));
#2169=CARTESIAN_POINT('',(-35.0740288532698,-20.25,23.));
#2170=CARTESIAN_POINT('',(35.0740288532698,-20.25,23.));
#2171=CARTESIAN_POINT('Origin',(0.,0.,23.));
#2172=CARTESIAN_POINT('',(0.866025403784452,-79.5,23.));
#2173=CARTESIAN_POINT('',(0.866025403784452,-79.5,23.));
#2174=CARTESIAN_POINT('',(-0.866025403784434,-79.5,23.));
#2175=CARTESIAN_POINT('Origin',(0.,-79.,23.));
#2176=CARTESIAN_POINT('',(-35.0740288532698,-20.25,23.));
#2177=CARTESIAN_POINT('Origin',(0.,-19.75,23.));
#2178=CARTESIAN_POINT('',(2.25,-64.0000009536743,23.));
#2179=CARTESIAN_POINT('Origin',(0.,-64.0000009536743,23.));
#2180=CARTESIAN_POINT('Origin',(0.,-19.75,23.));
#2181=CARTESIAN_POINT('Origin',(0.,-64.0000009536743,26.));
#2182=CARTESIAN_POINT('',(2.25,-64.0000009536743,26.));
#2183=CARTESIAN_POINT('Origin',(-0.866025403784416,-79.5,26.));
#2184=CARTESIAN_POINT('',(-35.0740288532698,-20.25,26.));
#2185=CARTESIAN_POINT('',(-0.866025403784434,-79.5,26.));
#2186=CARTESIAN_POINT('Origin',(0.,-79.,26.));
#2187=CARTESIAN_POINT('',(0.866025403784452,-79.5,26.));
#2188=CARTESIAN_POINT('Origin',(35.0740288532698,-20.25,26.));
#2189=CARTESIAN_POINT('',(35.0740288532698,-20.25,26.));
#2190=CARTESIAN_POINT('Origin',(0.,0.,26.));
#2191=CARTESIAN_POINT('Origin',(0.,-19.75,23.));
#2192=UNCERTAINTY_MEASURE_WITH_UNIT(LENGTH_MEASURE(0.01),#2196,
'DISTANCE_ACCURACY_VALUE',
'Maximum model space distance between geometric entities at asserted c
onnectivities');
#2193=UNCERTAINTY_MEASURE_WITH_UNIT(LENGTH_MEASURE(0.01),#2196,
'DISTANCE_ACCURACY_VALUE',
'Maximum model space distance between geometric entities at asserted c
onnectivities');
#2194=(
GEOMETRIC_REPRESENTATION_CONTEXT(3)
GLOBAL_UNCERTAINTY_ASSIGNED_CONTEXT((#2192))
GLOBAL_UNIT_ASSIGNED_CONTEXT((#2196,#2198,#2199))
REPRESENTATION_CONTEXT('','3D')
);
#2195=(
GEOMETRIC_REPRESENTATION_CONTEXT(3)
GLOBAL_UNCERTAINTY_ASSIGNED_CONTEXT((#2193))
GLOBAL_UNIT_ASSIGNED_CONTEXT((#2196,#2198,#2199))
REPRESENTATION_CONTEXT('','3D')
);
#2196=(
LENGTH_UNIT()
NAMED_UNIT(*)
SI_UNIT(.MILLI.,.METRE.)
);
#2197=(
LENGTH_UNIT()
NAMED_UNIT(*)
SI_UNIT($,.METRE.)
);
#2198=(
NAMED_UNIT(*)
PLANE_ANGLE_UNIT()
SI_UNIT($,.RADIAN.)
);
#2199=(
NAMED_UNIT(*)
SI_UNIT($,.STERADIAN.)
SOLID_ANGLE_UNIT()
);
#2200=SHAPE_DEFINITION_REPRESENTATION(#2201,#2202);
#2201=PRODUCT_DEFINITION_SHAPE('',$,#2204);
#2202=SHAPE_REPRESENTATION('',(#1289),#2194);
#2203=PRODUCT_DEFINITION_CONTEXT('part definition',#2208,'design');
#2204=PRODUCT_DEFINITION('Mini humidifer case','Mini humidifer case v3',
#2205,#2203);
#2205=PRODUCT_DEFINITION_FORMATION('',$,#2210);
#2206=PRODUCT_RELATED_PRODUCT_CATEGORY('Mini humidifer case v3',
'Mini humidifer case v3',(#2210));
#2207=APPLICATION_PROTOCOL_DEFINITION('international standard',
'automotive_design',2009,#2208);
#2208=APPLICATION_CONTEXT(
'Core Data for Automotive Mechanical Design Process');
#2209=PRODUCT_CONTEXT('part definition',#2208,'mechanical');
#2210=PRODUCT('Mini humidifer case','Mini humidifer case v3',$,(#2209));
#2211=PRESENTATION_STYLE_ASSIGNMENT((#2213));
#2212=PRESENTATION_STYLE_ASSIGNMENT((#2214));
#2213=SURFACE_STYLE_USAGE(.BOTH.,#2215);
#2214=SURFACE_STYLE_USAGE(.BOTH.,#2216);
#2215=SURFACE_SIDE_STYLE('',(#2217));
#2216=SURFACE_SIDE_STYLE('',(#2218));
#2217=SURFACE_STYLE_FILL_AREA(#2219);
#2218=SURFACE_STYLE_FILL_AREA(#2220);
#2219=FILL_AREA_STYLE('Steel - Satin',(#2221));
#2220=FILL_AREA_STYLE('Plastic - Matte (Blue)',(#2222));
#2221=FILL_AREA_STYLE_COLOUR('Steel - Satin',#2223);
#2222=FILL_AREA_STYLE_COLOUR('Plastic - Matte (Blue)',#2224);
#2223=COLOUR_RGB('Steel - Satin',0.627450980392157,0.627450980392157,0.627450980392157);
#2224=COLOUR_RGB('Plastic - Matte (Blue)',0.188235294117647,0.231372549019608,
0.588235294117647);
ENDSEC;
END-ISO-10303-21;
